indicator_id,country_code,country_name,currency_code,central_bank,inflation_target,mandate_type,country_timezone,indicator_key,indicator_name,primary_category,secondary_categories,comparison,frequency,unit,is_higher_better_for_currency,importance,is_headline_indicator,is_sub_indicator,first_release_at_utc,last_release_at_utc,first_reference_period,last_reference_period,release_count,actual_count,missing_actual_count,exact_duplicate_candidate_count,insufficient_history,notes,processed_at
17,US,United States,USD,Federal Reserve,2.00,dual,America/New_York,core_cpi_yoy,Core CPI (YoY),inflation,[],yoy,monthly,%,True,1,True,False,2020-03-11T12:30:00+00:00,2026-04-10T12:30:00+00:00,2020-02-01,2026-03-01,38,36,2,0,False,Fed's preferred inflation measure along with PCE. Key print.,2026-04-21T08:00:10.722101+00:00
18,US,United States,USD,Federal Reserve,2.00,dual,America/New_York,core_cpi_mom,Core CPI (MoM),inflation,[],mom,monthly,%,True,1,True,False,2020-03-11T12:30:00+00:00,2026-04-10T12:30:00+00:00,2020-02-01,2026-03-01,38,34,4,0,False,,2026-04-21T08:00:10.722101+00:00
19,US,United States,USD,Federal Reserve,2.00,dual,America/New_York,cpi_headline_yoy,Headline CPI (YoY),inflation,[],yoy,monthly,%,True,1,True,False,2020-03-11T12:30:00+00:00,2026-04-10T12:30:00+00:00,2020-02-01,2026-03-01,43,41,2,3,False,"Also appears as 'CPI' in EODHD — same indicator, aliased.",2026-04-21T08:00:10.722101+00:00
20,US,United States,USD,Federal Reserve,2.00,dual,America/New_York,cpi_headline_mom,Headline CPI (MoM),inflation,[],mom,monthly,%,True,2,False,True,2020-03-11T12:30:00+00:00,2026-04-10T12:30:00+00:00,2020-02-01,2026-03-01,38,32,6,0,False,,2026-04-21T08:00:10.722101+00:00
21,US,United States,USD,Federal Reserve,2.00,dual,America/New_York,ppi_yoy,PPI (YoY),inflation,[],yoy,monthly,%,True,2,False,True,2020-03-12T12:30:00+00:00,2026-04-14T12:30:00+00:00,2020-02-01,2026-03-01,40,36,4,0,False,,2026-04-21T08:00:10.722101+00:00
22,US,United States,USD,Federal Reserve,2.00,dual,America/New_York,core_ppi_yoy,Core PPI (YoY),inflation,[],yoy,monthly,%,True,2,False,True,2020-03-12T12:30:00+00:00,2026-04-14T12:30:00+00:00,2020-02-01,2026-03-01,40,36,4,0,False,,2026-04-21T08:00:10.722101+00:00
23,US,United States,USD,Federal Reserve,2.00,dual,America/New_York,umich_inflation_exp_1y,UMich 1Y Inflation Expectations,inflation,"[""Sentiment""]",,monthly,%,True,2,False,True,2026-02-20T16:00:00+00:00,2026-04-10T14:00:00+00:00,2026-02-01,2026-04-01,3,3,0,0,True,Fed watches this as forward-looking inflation signal.,2026-04-21T08:00:10.722101+00:00
24,US,United States,USD,Federal Reserve,2.00,dual,America/New_York,umich_inflation_exp_5y,UMich 5Y Inflation Expectations,inflation,"[""Sentiment""]",,monthly,%,True,2,False,True,2020-03-13T14:00:00+00:00,2026-04-10T14:00:00+00:00,2020-03-01,2026-04-01,77,77,0,0,False,,2026-04-21T08:00:10.722101+00:00
25,US,United States,USD,Federal Reserve,2.00,dual,America/New_York,import_prices_yoy,Import Prices (YoY),inflation,"[""Trade""]",yoy,monthly,%,True,3,False,True,2020-03-13T12:30:00+00:00,2026-04-15T12:30:00+00:00,2020-02-01,2026-03-01,43,38,5,0,False,,2026-04-21T08:00:10.722101+00:00
26,US,United States,USD,Federal Reserve,2.00,dual,America/New_York,nfp,Non-Farm Payrolls,labor,[],,monthly,thousands,True,1,True,False,2020-03-06T13:30:00+00:00,2026-04-03T12:30:00+00:00,2020-02-01,2026-03-01,39,37,2,0,False,The big one — first Friday of each month.,2026-04-21T08:00:10.722101+00:00
27,US,United States,USD,Federal Reserve,2.00,dual,America/New_York,unemployment_rate,Unemployment Rate,labor,[],,monthly,%,False,1,True,False,2020-03-06T13:30:00+00:00,2026-04-03T12:30:00+00:00,2020-02-01,2026-03-01,38,36,2,0,False,,2026-04-21T08:00:10.722101+00:00
28,US,United States,USD,Federal Reserve,2.00,dual,America/New_York,avg_hourly_earnings_yoy,Average Hourly Earnings (YoY),labor,"[""Inflation""]",yoy,monthly,%,True,1,True,True,2020-03-06T13:30:00+00:00,2026-04-03T12:30:00+00:00,2020-02-01,2026-03-01,37,36,1,0,False,Wage inflation — leading indicator for sticky CPI.,2026-04-21T08:00:10.722101+00:00
29,US,United States,USD,Federal Reserve,2.00,dual,America/New_York,avg_hourly_earnings_mom,Average Hourly Earnings (MoM),labor,"[""Inflation""]",mom,monthly,%,True,2,False,True,2020-03-06T13:30:00+00:00,2026-04-03T12:30:00+00:00,2020-02-01,2026-03-01,38,37,1,0,False,,2026-04-21T08:00:10.722101+00:00
30,US,United States,USD,Federal Reserve,2.00,dual,America/New_York,participation_rate,Labor Force Participation Rate,labor,[],,monthly,%,True,2,False,True,2020-03-06T13:30:00+00:00,2026-04-03T12:30:00+00:00,2020-02-01,2026-03-01,39,36,3,0,False,,2026-04-21T08:00:10.722101+00:00
31,US,United States,USD,Federal Reserve,2.00,dual,America/New_York,u6_unemployment_rate,U-6 Underemployment Rate,labor,[],,monthly,%,False,2,False,True,2023-10-06T12:30:00+00:00,2026-04-03T12:30:00+00:00,2023-09-01,2026-03-01,14,13,1,0,True,,2026-04-21T08:00:10.722101+00:00
32,US,United States,USD,Federal Reserve,2.00,dual,America/New_York,adp_employment_change,ADP Employment Change,labor,[],,monthly,thousands,True,2,False,True,2020-04-01T12:15:00+00:00,2026-04-01T12:15:00+00:00,2020-03-01,2026-03-01,35,35,0,0,False,"Leading indicator for NFP, released 2 days before.",2026-04-21T08:00:10.722101+00:00
33,US,United States,USD,Federal Reserve,2.00,dual,America/New_York,initial_jobless_claims,Initial Jobless Claims,labor,[],,weekly,thousands,False,2,False,True,2020-03-05T13:30:00+00:00,2026-04-30T12:30:00+00:00,2020-02-28,2026-04-25,190,180,10,0,False,,2026-04-21T08:00:10.722101+00:00
34,US,United States,USD,Federal Reserve,2.00,dual,America/New_York,ism_manufacturing_pmi,ISM Manufacturing PMI,growth,[],,monthly,index,True,1,True,False,2020-04-01T14:00:00+00:00,2026-05-01T14:00:00+00:00,2020-03-01,2026-04-01,34,33,1,0,False,">50 expansion, <50 contraction.",2026-04-21T08:00:10.722101+00:00
35,US,United States,USD,Federal Reserve,2.00,dual,America/New_York,ism_manufacturing_prices,ISM Manufacturing Prices Paid,growth,"[""Inflation""]",,monthly,index,True,2,False,True,2020-04-01T14:00:00+00:00,2026-05-01T14:00:00+00:00,2020-03-01,2026-04-01,34,33,1,0,False,Leading indicator for PPI/CPI.,2026-04-21T08:00:10.722101+00:00
36,US,United States,USD,Federal Reserve,2.00,dual,America/New_York,ism_manufacturing_employment,ISM Manufacturing Employment,growth,"[""Labor""]",,monthly,index,True,2,False,True,2020-04-01T14:00:00+00:00,2026-05-01T14:00:00+00:00,2020-03-01,2026-04-01,34,33,1,0,False,,2026-04-21T08:00:10.722101+00:00
37,US,United States,USD,Federal Reserve,2.00,dual,America/New_York,ism_manufacturing_new_orders,ISM Manufacturing New Orders,growth,[],,monthly,index,True,2,False,True,2020-04-01T14:00:00+00:00,2026-05-01T14:00:00+00:00,2020-03-01,2026-04-01,34,33,1,0,False,,2026-04-21T08:00:10.722101+00:00
38,US,United States,USD,Federal Reserve,2.00,dual,America/New_York,sp_global_manufacturing_pmi,S&P Global Manufacturing PMI,growth,[],,monthly,index,True,2,False,True,2022-04-01T13:45:00+00:00,2026-04-23T13:45:00+00:00,2022-03-01,2026-04-01,43,42,1,0,False,,2026-04-21T08:00:10.722101+00:00
39,US,United States,USD,Federal Reserve,2.00,dual,America/New_York,sp_global_services_pmi,S&P Global Services PMI,growth,[],,monthly,index,True,2,False,True,2022-04-05T13:45:00+00:00,2026-04-23T13:45:00+00:00,2022-03-01,2026-04-01,48,47,1,0,False,,2026-04-21T08:00:10.722101+00:00
40,US,United States,USD,Federal Reserve,2.00,dual,America/New_York,sp_global_composite_pmi,S&P Global Composite PMI,growth,[],,monthly,index,True,2,False,True,2022-04-05T13:45:00+00:00,2026-04-23T13:45:00+00:00,2022-03-01,2026-04-01,48,47,1,0,False,,2026-04-21T08:00:10.722101+00:00
41,US,United States,USD,Federal Reserve,2.00,dual,America/New_York,retail_sales_mom,Retail Sales (MoM),growth,[],mom,monthly,%,True,1,True,False,2020-03-17T12:30:00+00:00,2026-04-21T12:30:00+00:00,2020-02-01,2026-03-01,44,37,7,0,False,,2026-04-21T08:00:10.722101+00:00
42,US,United States,USD,Federal Reserve,2.00,dual,America/New_York,retail_sales_yoy,Retail Sales (YoY),growth,[],yoy,monthly,%,True,2,False,True,2020-03-17T12:30:00+00:00,2026-04-21T12:30:00+00:00,2020-02-01,2026-03-01,44,40,4,0,False,,2026-04-21T08:00:10.722101+00:00
43,US,United States,USD,Federal Reserve,2.00,dual,America/New_York,ny_empire_state_mfg,NY Empire State Manufacturing Index,growth,[],,monthly,index,True,2,False,True,2020-03-16T12:30:00+00:00,2026-04-15T12:30:00+00:00,2020-03-01,2026-04-01,39,39,0,0,False,,2026-04-21T08:00:10.722101+00:00
44,US,United States,USD,Federal Reserve,2.00,dual,America/New_York,philly_fed_mfg,Philadelphia Fed Manufacturing Index,growth,[],,monthly,index,True,2,False,True,2020-03-19T12:30:00+00:00,2026-04-16T12:30:00+00:00,2020-03-01,2026-04-01,40,40,0,0,False,,2026-04-21T08:00:10.722101+00:00
45,US,United States,USD,Federal Reserve,2.00,dual,America/New_York,umich_consumer_sentiment,UMich Consumer Sentiment,sentiment,[],,monthly,index,True,2,False,True,2020-03-13T14:00:00+00:00,2026-04-10T14:00:00+00:00,2020-03-01,2026-04-01,76,76,0,0,False,,2026-04-21T08:00:10.722101+00:00
46,US,United States,USD,Federal Reserve,2.00,dual,America/New_York,nfib_business_optimism,NFIB Business Optimism Index,sentiment,[],,monthly,index,True,3,False,True,2020-03-10T10:00:00+00:00,2026-04-14T10:00:00+00:00,2020-02-01,2026-03-01,36,36,0,0,False,,2026-04-21T08:00:10.722101+00:00
47,US,United States,USD,Federal Reserve,2.00,dual,America/New_York,fed_balance_sheet,Fed Balance Sheet,monetary policy,[],,weekly,trillions_usd,True,3,False,True,2024-06-27T20:30:00+00:00,2026-04-30T20:30:00+00:00,2024-06-26,2026-04-29,40,38,2,0,False,,2026-04-21T08:00:10.722101+00:00
48,UK,United Kingdom,GBP,Bank of England,2.00,single,Europe/London,core_cpi_yoy,Core CPI (YoY),inflation,[],yoy,monthly,%,True,1,True,False,2020-01-15T09:30:00+00:00,2026-04-22T06:00:00+00:00,2019-12-01,2026-03-01,76,75,1,0,False,,2026-04-21T08:00:10.722101+00:00
49,UK,United Kingdom,GBP,Bank of England,2.00,single,Europe/London,cpi_headline_yoy,Headline CPI (YoY),inflation,[],yoy,monthly,%,True,1,True,False,2020-01-15T09:30:00+00:00,2026-04-22T06:00:00+00:00,2019-12-01,2026-03-01,84,82,2,4,False,,2026-04-21T08:00:10.722101+00:00
50,UK,United Kingdom,GBP,Bank of England,2.00,single,Europe/London,cpi_headline_mom,Headline CPI (MoM),inflation,[],mom,monthly,%,True,2,False,True,2020-01-15T09:30:00+00:00,2026-04-22T06:00:00+00:00,2019-12-01,2026-03-01,84,74,10,4,False,,2026-04-21T08:00:10.722101+00:00
51,UK,United Kingdom,GBP,Bank of England,2.00,single,Europe/London,ppi_output_yoy,PPI Output (YoY),inflation,[],yoy,monthly,%,True,3,False,True,2020-01-15T09:30:00+00:00,2026-04-22T06:00:00+00:00,2019-12-01,2026-03-01,75,67,8,0,False,,2026-04-21T08:00:10.722101+00:00
52,UK,United Kingdom,GBP,Bank of England,2.00,single,Europe/London,ppi_input_yoy,PPI Input (YoY),inflation,[],yoy,monthly,%,True,3,False,True,2020-01-15T09:30:00+00:00,2026-04-22T06:00:00+00:00,2019-12-01,2026-03-01,75,67,8,0,False,,2026-04-21T08:00:10.722101+00:00
53,UK,United Kingdom,GBP,Bank of England,2.00,single,Europe/London,unemployment_rate,Unemployment Rate,labor,[],,monthly,%,False,1,True,False,2020-01-21T09:30:00+00:00,2026-04-21T06:00:00+00:00,2019-11-01,2026-02-01,76,75,1,0,False,,2026-04-21T08:00:10.722101+00:00
54,UK,United Kingdom,GBP,Bank of England,2.00,single,Europe/London,claimant_count_change,Claimant Count Change,labor,[],,monthly,thousands,False,2,False,True,2020-01-21T09:30:00+00:00,2026-04-21T06:00:00+00:00,2019-12-01,2026-03-01,76,75,1,0,False,,2026-04-21T08:00:10.722101+00:00
55,UK,United Kingdom,GBP,Bank of England,2.00,single,Europe/London,employment_change,Employment Change,labor,[],,monthly,thousands,True,2,False,True,2020-01-21T09:30:00+00:00,2026-04-21T06:00:00+00:00,2019-10-01,2026-02-01,77,75,2,0,False,,2026-04-21T08:00:10.722101+00:00
56,UK,United Kingdom,GBP,Bank of England,2.00,single,Europe/London,avg_earnings_incl_bonus,Average Earnings (incl. Bonus),labor,"[""Inflation""]",,monthly,%,True,2,False,True,2020-01-21T09:30:00+00:00,2026-04-21T06:00:00+00:00,2019-11-01,2026-02-01,76,74,2,0,False,,2026-04-21T08:00:10.722101+00:00
57,UK,United Kingdom,GBP,Bank of England,2.00,single,Europe/London,avg_earnings_excl_bonus,Average Earnings (excl. Bonus),labor,"[""Inflation""]",,monthly,%,True,1,True,True,2020-01-21T09:30:00+00:00,2026-04-21T06:00:00+00:00,2019-11-01,2026-12-01,100,98,2,1,False,BoE watches this closely. Core wage growth.,2026-04-21T08:00:10.722101+00:00
58,UK,United Kingdom,GBP,Bank of England,2.00,single,Europe/London,gdp_mom,GDP (MoM),growth,[],mom,monthly,%,True,1,True,False,2020-01-13T09:30:00+00:00,2026-04-16T06:00:00+00:00,2019-11-01,2026-02-01,76,69,7,0,False,UK publishes GDP monthly — advantage over other G10.,2026-04-21T08:00:10.722101+00:00
59,UK,United Kingdom,GBP,Bank of England,2.00,single,Europe/London,gdp_yoy,GDP (YoY),growth,[],yoy,monthly,%,True,1,True,False,2020-01-13T09:30:00+00:00,2026-04-16T06:00:00+00:00,2019-11-01,2026-02-01,90,87,3,1,False,,2026-04-21T08:00:10.722101+00:00
60,UK,United Kingdom,GBP,Bank of England,2.00,single,Europe/London,gdp_qoq,GDP (QoQ),growth,[],qoq,quarterly,%,True,1,True,False,2020-02-11T09:30:00+00:00,2026-03-31T06:00:00+00:00,2019-10-01,2025-10-01,49,44,5,0,False,,2026-04-21T08:00:10.722101+00:00
61,UK,United Kingdom,GBP,Bank of England,2.00,single,Europe/London,manufacturing_pmi,Manufacturing PMI,growth,[],,monthly,index,True,2,False,True,2024-01-02T09:30:00+00:00,2026-04-23T08:30:00+00:00,2023-12-01,2026-04-01,46,45,1,0,False,,2026-04-21T08:00:10.722101+00:00
62,UK,United Kingdom,GBP,Bank of England,2.00,single,Europe/London,services_pmi,Services PMI,growth,[],,monthly,index,True,1,True,False,2024-01-04T09:30:00+00:00,2026-04-23T08:30:00+00:00,2023-12-01,2026-04-01,52,50,2,0,False,UK is services-heavy economy — key indicator.,2026-04-21T08:00:10.722101+00:00
63,UK,United Kingdom,GBP,Bank of England,2.00,single,Europe/London,composite_pmi,Composite PMI,growth,[],,monthly,index,True,2,False,True,2024-01-04T09:30:00+00:00,2026-04-23T08:30:00+00:00,2023-12-01,2026-04-01,52,50,2,0,False,,2026-04-21T08:00:10.722101+00:00
64,UK,United Kingdom,GBP,Bank of England,2.00,single,Europe/London,retail_sales_mom,Retail Sales (MoM),growth,[],mom,monthly,%,True,1,True,False,2020-01-17T09:30:00+00:00,2026-04-24T06:00:00+00:00,2019-12-01,2026-03-01,78,73,5,0,False,,2026-04-21T08:00:10.722101+00:00
65,UK,United Kingdom,GBP,Bank of England,2.00,single,Europe/London,industrial_production_yoy,Industrial Production (YoY),growth,[],yoy,monthly,%,True,2,False,True,2020-01-13T09:30:00+00:00,2026-04-16T06:00:00+00:00,2019-11-01,2026-02-01,77,76,1,0,False,,2026-04-21T08:00:10.722101+00:00
66,UK,United Kingdom,GBP,Bank of England,2.00,single,Europe/London,bank_rate,Bank Rate,monetary policy,[],,irregular,%,True,1,True,False,2020-01-30T12:00:00+00:00,2026-04-30T11:00:00+00:00,2024-01-01,2026-04-01,61,59,2,2,False,,2026-04-21T08:00:10.722101+00:00
67,UK,United Kingdom,GBP,Bank of England,2.00,single,Europe/London,halifax_hpi_yoy,Halifax House Price Index (YoY),housing,[],yoy,monthly,%,True,3,False,True,2026-01-08T07:00:00+00:00,2026-04-08T06:00:00+00:00,2025-12-01,2026-03-01,4,4,0,0,True,,2026-04-21T08:00:10.722101+00:00
68,UK,United Kingdom,GBP,Bank of England,2.00,single,Europe/London,nationwide_hpi_yoy,Nationwide House Prices (YoY),housing,[],yoy,monthly,%,True,3,False,True,2020-01-03T07:00:00+00:00,2026-04-30T06:00:00+00:00,2019-12-01,2026-04-01,80,75,5,0,False,,2026-04-21T08:00:10.722101+00:00
69,UK,United Kingdom,GBP,Bank of England,2.00,single,Europe/London,rightmove_hpi_yoy,Rightmove House Price Index (YoY),housing,[],yoy,monthly,%,True,3,False,True,2026-01-18T18:01:00+00:00,2026-04-19T23:01:00+00:00,2026-01-01,2026-04-01,4,3,1,0,True,,2026-04-21T08:00:10.722101+00:00
70,UK,United Kingdom,GBP,Bank of England,2.00,single,Europe/London,hmrc_payrolls_change,HMRC Payrolls Change,labor,[],,monthly,thousands,True,2,False,True,2022-12-13T07:00:00+00:00,2026-04-21T06:00:00+00:00,2022-11-01,2026-03-01,41,40,1,0,False,,2026-04-21T08:00:10.722101+00:00
71,UK,United Kingdom,GBP,Bank of England,2.00,single,Europe/London,core_cpi_mom,Core CPI (MoM),inflation,[],mom,monthly,%,True,2,False,True,2020-01-15T09:30:00+00:00,2026-04-22T06:00:00+00:00,2019-12-01,2026-03-01,76,69,7,0,False,,2026-04-21T08:00:10.722101+00:00
72,UK,United Kingdom,GBP,Bank of England,2.00,single,Europe/London,core_rpi_mom,Core RPI (MoM),inflation,[],mom,monthly,%,True,3,False,True,2024-02-14T07:00:00+00:00,2026-04-22T06:00:00+00:00,2024-01-01,2026-03-01,24,21,3,0,True,,2026-04-21T08:00:10.722101+00:00
73,UK,United Kingdom,GBP,Bank of England,2.00,single,Europe/London,core_rpi_yoy,Core RPI (YoY),inflation,[],yoy,monthly,%,True,3,False,True,2024-02-14T07:00:00+00:00,2026-04-22T06:00:00+00:00,2024-01-01,2026-03-01,24,23,1,0,True,,2026-04-21T08:00:10.722101+00:00
74,UK,United Kingdom,GBP,Bank of England,2.00,single,Europe/London,ppi_core_output_mom,PPI Core Output (MoM),inflation,[],mom,monthly,%,True,3,False,True,2020-01-15T09:30:00+00:00,2026-04-22T06:00:00+00:00,2019-12-01,2026-03-01,75,54,21,0,False,,2026-04-21T08:00:10.722101+00:00
75,UK,United Kingdom,GBP,Bank of England,2.00,single,Europe/London,ppi_core_output_yoy,PPI Core Output (YoY),inflation,[],yoy,monthly,%,True,3,False,True,2020-01-15T09:30:00+00:00,2026-04-22T06:00:00+00:00,2019-12-01,2026-03-01,75,66,9,0,False,,2026-04-21T08:00:10.722101+00:00
76,UK,United Kingdom,GBP,Bank of England,2.00,single,Europe/London,ppi_input_mom,PPI Input (MoM),inflation,[],mom,monthly,%,True,3,False,True,2020-01-15T09:30:00+00:00,2026-04-22T06:00:00+00:00,2019-12-01,2026-03-01,75,65,10,0,False,,2026-04-21T08:00:10.722101+00:00
77,UK,United Kingdom,GBP,Bank of England,2.00,single,Europe/London,ppi_output_mom,PPI Output (MoM),inflation,[],mom,monthly,%,True,3,False,True,2020-01-15T09:30:00+00:00,2026-04-22T06:00:00+00:00,2019-12-01,2026-03-01,75,57,18,0,False,,2026-04-21T08:00:10.722101+00:00
78,UK,United Kingdom,GBP,Bank of England,2.00,single,Europe/London,retail_price_index_mom,Retail Price Index (MoM),inflation,[],mom,monthly,%,True,3,False,True,2020-01-15T09:30:00+00:00,2026-04-22T06:00:00+00:00,2019-12-01,2026-03-01,76,71,5,0,False,,2026-04-21T08:00:10.722101+00:00
79,UK,United Kingdom,GBP,Bank of England,2.00,single,Europe/London,retail_price_index_yoy,Retail Price Index (YoY),inflation,[],yoy,monthly,%,True,3,False,True,2020-01-15T09:30:00+00:00,2026-04-22T06:00:00+00:00,2019-12-01,2026-03-01,76,75,1,0,False,,2026-04-21T08:00:10.722101+00:00
80,UK,United Kingdom,GBP,Bank of England,2.00,single,Europe/London,house_price_index_yoy,House Price Index (YoY),housing,[],yoy,monthly,%,True,3,False,True,2020-01-08T08:30:00+00:00,2026-04-22T08:30:00+00:00,2019-12-01,2025-12-01,122,118,4,3,False,,2026-04-21T08:00:10.722101+00:00
81,UK,United Kingdom,GBP,Bank of England,2.00,single,Europe/London,public_sector_net_borrowing,Public Sector Net Borrowing,growth,"[""Other""]",,monthly,bn_gbp,True,3,False,True,2020-01-22T09:30:00+00:00,2026-04-23T06:00:00+00:00,2019-12-01,2026-03-01,73,71,2,0,False,,2026-04-21T08:00:10.722101+00:00
82,UK,United Kingdom,GBP,Bank of England,2.00,single,Europe/London,cbi_business_optimism,CBI Business Optimism Index,sentiment,[],,quarterly,index,True,3,False,True,2020-01-22T11:00:00+00:00,2026-04-23T10:00:00+00:00,2020-01-01,2026-04-01,26,24,2,0,False,,2026-04-21T08:00:10.722101+00:00
83,UK,United Kingdom,GBP,Bank of England,2.00,single,Europe/London,cbi_industrial_trends_orders,CBI Industrial Trends Orders,sentiment,[],,monthly,index,True,3,False,True,2020-01-22T11:00:00+00:00,2026-04-23T10:00:00+00:00,2020-01-01,2026-04-01,77,75,2,0,False,,2026-04-21T08:00:10.722101+00:00
84,UK,United Kingdom,GBP,Bank of England,2.00,single,Europe/London,consumer_confidence,Consumer Confidence,sentiment,[],,monthly,index,True,3,False,True,2020-01-31T00:01:00+00:00,2026-04-23T23:01:00+00:00,2020-01-01,2026-04-01,80,77,3,0,False,,2026-04-21T08:00:10.722101+00:00
85,UK,United Kingdom,GBP,Bank of England,2.00,single,Europe/London,retail_sales_yoy,Retail Sales (YoY),growth,[],yoy,monthly,%,True,1,True,False,2020-01-17T09:30:00+00:00,2026-04-24T06:00:00+00:00,2019-12-01,2026-03-01,81,73,8,0,False,,2026-04-21T08:00:10.722101+00:00
86,UK,United Kingdom,GBP,Bank of England,2.00,single,Europe/London,retail_sales_ex_fuel_mom,Retail Sales Ex Fuel (MoM),growth,[],mom,monthly,%,True,2,False,True,2020-01-17T09:30:00+00:00,2026-04-24T06:00:00+00:00,2019-12-01,2026-03-01,77,75,2,0,False,,2026-04-21T08:00:10.722101+00:00
87,UK,United Kingdom,GBP,Bank of England,2.00,single,Europe/London,retail_sales_ex_fuel_yoy,Retail Sales Ex Fuel (YoY),growth,[],yoy,monthly,%,True,2,False,True,2020-01-17T09:30:00+00:00,2026-04-24T06:00:00+00:00,2019-12-01,2026-03-01,77,75,2,0,False,,2026-04-21T08:00:10.722101+00:00
88,EU,Eurozone,EUR,European Central Bank,2.00,single,Europe/Frankfurt,cpi_headline_yoy,Headline HICP (YoY),inflation,[],yoy,monthly,%,True,1,True,False,2020-01-07T10:00:00+00:00,2026-04-30T09:00:00+00:00,2019-12-01,2026-04-01,145,144,1,0,False,,2026-04-21T08:00:10.722101+00:00
89,EU,Eurozone,EUR,European Central Bank,2.00,single,Europe/Frankfurt,core_cpi_yoy,Core HICP (YoY),inflation,[],yoy,monthly,%,True,1,True,False,2020-01-07T10:00:00+00:00,2026-04-30T09:00:00+00:00,2019-12-01,2026-04-01,144,143,1,0,False,,2026-04-21T08:00:10.722101+00:00
90,EU,Eurozone,EUR,European Central Bank,2.00,single,Europe/Frankfurt,unemployment_rate,Unemployment Rate,labor,[],,monthly,%,False,1,True,False,2020-01-09T10:00:00+00:00,2026-04-30T09:00:00+00:00,2019-11-01,2026-03-01,77,76,1,0,False,,2026-04-21T08:00:10.722101+00:00
91,EU,Eurozone,EUR,European Central Bank,2.00,single,Europe/Frankfurt,gdp_qoq,GDP (QoQ),growth,[],qoq,quarterly,%,True,1,True,False,2020-01-31T10:00:00+00:00,2026-04-30T09:00:00+00:00,2019-10-01,2026-01-01,66,61,5,0,False,,2026-04-21T08:00:10.722101+00:00
92,EU,Eurozone,EUR,European Central Bank,2.00,single,Europe/Frankfurt,ecb_deposit_rate,ECB Deposit Rate,monetary policy,[],,irregular,%,True,1,True,False,2020-01-23T12:45:00+00:00,2026-04-30T12:15:00+00:00,,,33,28,5,0,False,,2026-04-21T08:00:10.722101+00:00
93,EU,Eurozone,EUR,European Central Bank,2.00,single,Europe/Frankfurt,construction_output_mom,Construction Output (MoM),growth,"[""Housing""]",mom,monthly,%,True,2,False,True,2024-02-20T10:00:00+00:00,2026-04-20T09:00:00+00:00,2023-12-01,2026-02-01,22,21,1,0,True,,2026-04-21T08:00:10.722101+00:00
94,EU,Eurozone,EUR,European Central Bank,2.00,single,Europe/Frankfurt,construction_output_yoy,Construction Output (YoY),growth,"[""Housing""]",yoy,monthly,%,True,2,False,True,2020-01-17T10:00:00+00:00,2026-04-20T09:00:00+00:00,2019-11-01,2026-02-01,76,75,1,0,False,,2026-04-21T08:00:10.722101+00:00
95,EU,Eurozone,EUR,European Central Bank,2.00,single,Europe/Frankfurt,zew_economic_sentiment,ZEW Economic Sentiment Index,sentiment,[],,monthly,index,True,2,False,True,2020-01-21T10:00:00+00:00,2026-04-21T09:00:00+00:00,2020-01-01,2026-04-01,76,75,1,0,False,,2026-04-21T08:00:10.722101+00:00
96,EU,Eurozone,EUR,European Central Bank,2.00,single,Europe/Frankfurt,consumer_confidence,Consumer Confidence,sentiment,[],,monthly,index,True,2,False,True,2020-01-08T10:00:00+00:00,2026-04-22T14:00:00+00:00,2019-12-01,2026-04-01,135,130,5,0,False,,2026-04-21T08:00:10.722101+00:00
97,EU,Eurozone,EUR,European Central Bank,2.00,single,Europe/Frankfurt,manufacturing_pmi,Manufacturing PMI,growth,[],,monthly,index,True,2,False,True,2020-01-02T09:00:00+00:00,2026-04-23T08:00:00+00:00,2019-12-01,2026-04-01,123,122,1,0,False,,2026-04-21T08:00:10.722101+00:00
98,EU,Eurozone,EUR,European Central Bank,2.00,single,Europe/Frankfurt,services_pmi,Services PMI,growth,[],,monthly,index,True,2,False,True,2022-04-05T08:00:00+00:00,2026-04-23T08:00:00+00:00,2022-03-01,2026-04-01,31,30,1,0,False,,2026-04-21T08:00:10.722101+00:00
99,EU,Eurozone,EUR,European Central Bank,2.00,single,Europe/Frankfurt,composite_pmi,Composite PMI,growth,[],,monthly,index,True,2,False,True,2022-04-05T08:00:00+00:00,2026-04-23T08:00:00+00:00,2022-03-01,2026-04-01,31,30,1,0,False,,2026-04-21T08:00:10.722101+00:00
100,EU,Eurozone,EUR,European Central Bank,2.00,single,Europe/Frankfurt,new_car_sales_yoy,New Car Sales (YoY),growth,[],yoy,monthly,%,True,3,False,True,2025-12-23T05:00:00+00:00,2026-04-23T04:00:00+00:00,2025-11-01,2026-03-01,5,4,1,0,True,,2026-04-21T08:00:10.722101+00:00
101,JP,Japan,JPY,Bank of Japan,2.00,single,Asia/Tokyo,cpi_headline_yoy,Headline CPI (YoY),inflation,[],yoy,monthly,%,True,1,True,False,2020-01-23T23:30:00+00:00,2026-04-23T23:30:00+00:00,2019-12-01,2026-03-01,76,74,2,0,False,,2026-04-21T08:00:10.722101+00:00
102,JP,Japan,JPY,Bank of Japan,2.00,single,Asia/Tokyo,core_cpi_yoy,Core CPI (YoY),inflation,[],yoy,monthly,%,True,1,True,False,2020-01-23T23:30:00+00:00,2026-04-23T23:30:00+00:00,2019-12-01,2026-03-01,76,72,4,0,False,,2026-04-21T08:00:10.722101+00:00
103,JP,Japan,JPY,Bank of Japan,2.00,single,Asia/Tokyo,unemployment_rate,Unemployment Rate,labor,[],,monthly,%,False,2,False,True,2020-01-30T23:30:00+00:00,2026-05-01T23:30:00+00:00,2019-12-01,2026-03-01,76,75,1,0,False,,2026-04-21T08:00:10.722101+00:00
104,JP,Japan,JPY,Bank of Japan,2.00,single,Asia/Tokyo,gdp_qoq,GDP (QoQ),growth,[],qoq,quarterly,%,True,1,True,False,2020-02-16T23:50:00+00:00,2026-02-15T23:50:00+00:00,2019-10-01,2025-10-01,50,48,2,0,False,,2026-04-21T08:00:10.722101+00:00
105,JP,Japan,JPY,Bank of Japan,2.00,single,Asia/Tokyo,tertiary_industry_index_mom,Tertiary Industry Index (MoM),growth,[],mom,monthly,%,True,2,False,True,2020-01-17T04:30:00+00:00,2026-04-20T04:30:00+00:00,2019-11-01,2026-02-01,76,75,1,0,False,,2026-04-21T08:00:10.722101+00:00
106,JP,Japan,JPY,Bank of Japan,2.00,single,Asia/Tokyo,adjusted_trade_balance,Adjusted Trade Balance,growth,"[""Trade""]",,monthly,bn_jpy,True,2,False,True,2026-01-21T17:50:00+00:00,2026-04-21T23:50:00+00:00,,,8,6,2,4,True,,2026-04-21T08:00:10.722101+00:00
107,JP,Japan,JPY,Bank of Japan,2.00,single,Asia/Tokyo,balance_of_trade,Balance of Trade,growth,"[""Trade""]",,monthly,bn_jpy,True,2,False,True,2020-01-22T23:50:00+00:00,2026-04-21T23:50:00+00:00,2019-12-01,2026-03-01,82,77,5,0,False,,2026-04-21T08:00:10.722101+00:00
108,JP,Japan,JPY,Bank of Japan,2.00,single,Asia/Tokyo,exports_yoy,Exports (YoY),growth,"[""Trade""]",yoy,monthly,%,True,2,False,True,2020-01-22T23:50:00+00:00,2026-04-21T23:50:00+00:00,2019-12-01,2026-03-01,77,75,2,0,False,,2026-04-21T08:00:10.722101+00:00
109,JP,Japan,JPY,Bank of Japan,2.00,single,Asia/Tokyo,imports_yoy,Imports (YoY),growth,"[""Trade""]",yoy,monthly,%,True,2,False,True,2020-01-22T23:50:00+00:00,2026-04-21T23:50:00+00:00,2019-12-01,2026-03-01,77,75,2,0,False,,2026-04-21T08:00:10.722101+00:00
110,JP,Japan,JPY,Bank of Japan,2.00,single,Asia/Tokyo,manufacturing_pmi,Manufacturing PMI,growth,[],,monthly,index,True,2,False,True,2020-01-06T00:30:00+00:00,2026-04-23T00:30:00+00:00,2019-12-01,2026-04-01,152,147,5,4,False,,2026-04-21T08:00:10.722101+00:00
111,JP,Japan,JPY,Bank of Japan,2.00,single,Asia/Tokyo,services_pmi,Services PMI,growth,[],,monthly,index,True,2,False,True,2020-01-07T00:30:00+00:00,2026-04-23T00:30:00+00:00,2019-12-01,2026-04-01,159,153,6,5,False,,2026-04-21T08:00:10.722101+00:00
112,JP,Japan,JPY,Bank of Japan,2.00,single,Asia/Tokyo,composite_pmi,Composite PMI,growth,[],,monthly,index,True,2,False,True,2020-01-07T00:30:00+00:00,2026-04-23T00:30:00+00:00,2019-12-01,2026-04-01,151,141,10,0,False,,2026-04-21T08:00:10.722101+00:00
113,JP,Japan,JPY,Bank of Japan,2.00,single,Asia/Tokyo,cpi_headline_mom,Headline CPI (MoM),inflation,[],mom,monthly,%,True,2,False,True,2020-01-23T23:30:00+00:00,2026-04-23T23:30:00+00:00,2019-12-01,2026-03-01,76,68,8,0,False,,2026-04-21T08:00:10.722101+00:00
114,JP,Japan,JPY,Bank of Japan,2.00,single,Asia/Tokyo,tokyo_core_cpi_yoy,Tokyo Core CPI (YoY),inflation,[],yoy,monthly,%,True,1,True,False,2026-04-24T23:30:00+00:00,2026-04-24T23:30:00+00:00,,,1,0,1,0,True,,2026-04-21T08:00:10.722101+00:00
115,AU,Australia,AUD,Reserve Bank of Australia,2.50,dual,Australia/Sydney,cpi_headline_yoy,Headline CPI (YoY),inflation,[],yoy,quarterly,%,True,1,True,False,2020-01-29T00:30:00+00:00,2026-04-29T01:30:00+00:00,2019-10-01,2026-03-01,42,39,3,6,False,AU publishes CPI quarterly (most others are monthly).,2026-04-21T08:00:10.722101+00:00
116,AU,Australia,AUD,Reserve Bank of Australia,2.50,dual,Australia/Sydney,cpi_headline_mom,Headline CPI (MoM),inflation,[],mom,monthly,%,True,1,True,False,2025-11-26T00:30:00+00:00,2026-04-29T01:30:00+00:00,2025-10-01,2026-03-01,17,11,6,6,True,,2026-04-21T08:00:10.722101+00:00
117,AU,Australia,AUD,Reserve Bank of Australia,2.50,dual,Australia/Sydney,cpi_headline_qoq,Headline CPI (QoQ),inflation,[],qoq,quarterly,%,True,1,True,False,2020-01-29T00:30:00+00:00,2026-04-29T01:30:00+00:00,2019-10-01,2026-01-01,25,24,1,0,False,,2026-04-21T08:00:10.722101+00:00
118,AU,Australia,AUD,Reserve Bank of Australia,2.50,dual,Australia/Sydney,consumer_price_index,Consumer Price Index,inflation,[],,monthly,index,True,2,False,True,2022-10-26T00:30:00+00:00,2026-04-29T01:30:00+00:00,2022-07-01,2026-03-01,22,20,2,1,True,,2026-04-21T08:00:10.722101+00:00
119,AU,Australia,AUD,Reserve Bank of Australia,2.50,dual,Australia/Sydney,rba_trimmed_mean_cpi_qoq,RBA Trimmed Mean CPI (QoQ),inflation,[],qoq,quarterly,%,True,1,True,False,2020-01-29T00:30:00+00:00,2026-04-29T01:30:00+00:00,2019-10-01,2026-01-01,26,25,1,0,False,,2026-04-21T08:00:10.722101+00:00
120,AU,Australia,AUD,Reserve Bank of Australia,2.50,dual,Australia/Sydney,rba_trimmed_mean_cpi_yoy,RBA Trimmed Mean CPI (YoY),inflation,[],yoy,quarterly,%,True,1,True,False,2020-01-29T00:30:00+00:00,2026-04-29T01:30:00+00:00,2019-10-01,2026-01-01,26,25,1,0,False,,2026-04-21T08:00:10.722101+00:00
121,AU,Australia,AUD,Reserve Bank of Australia,2.50,dual,Australia/Sydney,export_price_index_qoq,Export Price Index (QoQ),inflation,[],qoq,quarterly,%,True,2,False,True,2020-01-30T00:30:00+00:00,2026-04-30T01:30:00+00:00,2019-10-01,2026-01-01,36,34,2,2,False,,2026-04-21T08:00:10.722101+00:00
122,AU,Australia,AUD,Reserve Bank of Australia,2.50,dual,Australia/Sydney,import_price_index_qoq,Import Price Index (QoQ),inflation,[],qoq,quarterly,%,True,2,False,True,2020-01-30T00:30:00+00:00,2026-04-30T01:30:00+00:00,2019-10-01,2026-01-01,34,32,2,1,False,,2026-04-21T08:00:10.722101+00:00
123,AU,Australia,AUD,Reserve Bank of Australia,2.50,dual,Australia/Sydney,producer_price_index_qoq,Producer Price Index (QoQ),inflation,[],qoq,quarterly,%,True,2,False,True,2020-01-31T00:30:00+00:00,2026-05-01T01:30:00+00:00,2019-10-01,2026-01-01,26,25,1,0,False,,2026-04-21T08:00:10.722101+00:00
124,AU,Australia,AUD,Reserve Bank of Australia,2.50,dual,Australia/Sydney,producer_price_index_yoy,Producer Price Index (YoY),inflation,[],yoy,quarterly,%,True,2,False,True,2020-01-31T00:30:00+00:00,2026-05-01T01:30:00+00:00,2019-10-01,2026-01-01,26,25,1,0,False,,2026-04-21T08:00:10.722101+00:00
125,AU,Australia,AUD,Reserve Bank of Australia,2.50,dual,Australia/Sydney,commodity_prices_yoy,Commodity Prices (YoY),inflation,[],yoy,monthly,%,True,3,False,True,2022-01-04T01:30:00+00:00,2026-05-01T06:30:00+00:00,2021-12-01,2026-04-01,54,52,2,0,False,,2026-04-21T08:00:10.722101+00:00
126,AU,Australia,AUD,Reserve Bank of Australia,2.50,dual,Australia/Sydney,unemployment_rate,Unemployment Rate,labor,[],,monthly,%,False,1,True,False,2020-01-23T00:30:00+00:00,2026-04-16T01:30:00+00:00,2019-12-01,2026-03-01,76,76,0,0,False,,2026-04-21T08:00:10.722101+00:00
127,AU,Australia,AUD,Reserve Bank of Australia,2.50,dual,Australia/Sydney,employment_change,Employment Change,labor,[],,monthly,thousands,True,1,True,False,2020-01-23T00:30:00+00:00,2026-04-16T01:30:00+00:00,2019-12-01,2026-03-01,76,76,0,0,False,,2026-04-21T08:00:10.722101+00:00
128,AU,Australia,AUD,Reserve Bank of Australia,2.50,dual,Australia/Sydney,full_time_employment_change,Full-Time Employment Change,labor,[],,monthly,thousands,True,1,True,False,2020-01-23T00:30:00+00:00,2026-04-16T01:30:00+00:00,2019-12-01,2026-03-01,76,76,0,0,False,High-signal labor mix detail for AUD.,2026-04-21T08:00:10.722101+00:00
129,AU,Australia,AUD,Reserve Bank of Australia,2.50,dual,Australia/Sydney,part_time_employment_change,Part-Time Employment Change,labor,[],,monthly,thousands,True,1,True,False,2020-01-23T00:30:00+00:00,2026-04-16T01:30:00+00:00,2019-12-01,2026-03-01,76,76,0,0,False,High-signal labor mix detail for AUD.,2026-04-21T08:00:10.722101+00:00
130,AU,Australia,AUD,Reserve Bank of Australia,2.50,dual,Australia/Sydney,cash_rate,Cash Rate,monetary policy,[],,irregular,%,True,1,True,False,2020-02-04T03:30:00+00:00,2026-05-05T04:30:00+00:00,2024-02-01,2026-05-01,61,59,2,0,False,,2026-04-21T08:00:10.722101+00:00
131,AU,Australia,AUD,Reserve Bank of Australia,2.50,dual,Australia/Sydney,leading_index_mom,Leading Index (MoM),growth,[],mom,monthly,%,True,3,False,True,2020-01-29T01:00:00+00:00,2026-04-22T01:00:00+00:00,2019-12-01,2026-03-01,109,80,29,5,False,,2026-04-21T08:00:10.722101+00:00
132,AU,Australia,AUD,Reserve Bank of Australia,2.50,dual,Australia/Sydney,private_sector_credit_mom,Private Sector Credit (MoM),growth,[],mom,monthly,%,True,3,False,True,2020-01-31T00:30:00+00:00,2026-04-30T01:30:00+00:00,2019-12-01,2026-03-01,78,74,4,0,False,,2026-04-21T08:00:10.722101+00:00
133,AU,Australia,AUD,Reserve Bank of Australia,2.50,dual,Australia/Sydney,private_sector_credit_yoy,Private Sector Credit (YoY),growth,[],yoy,monthly,%,True,3,False,True,2020-01-31T00:30:00+00:00,2026-04-30T01:30:00+00:00,2019-12-01,2026-03-01,76,75,1,0,False,,2026-04-21T08:00:10.722101+00:00
134,AU,Australia,AUD,Reserve Bank of Australia,2.50,dual,Australia/Sydney,manufacturing_pmi,Manufacturing PMI,growth,[],,monthly,index,True,2,False,True,2022-03-31T22:00:00+00:00,2026-04-22T23:00:00+00:00,2022-03-01,2026-04-01,36,31,5,0,False,,2026-04-21T08:00:10.722101+00:00
135,AU,Australia,AUD,Reserve Bank of Australia,2.50,dual,Australia/Sydney,services_pmi,Services PMI,growth,[],,monthly,index,True,2,False,True,2022-04-04T23:00:00+00:00,2026-04-22T23:00:00+00:00,2022-03-01,2026-04-01,38,29,9,0,False,,2026-04-21T08:00:10.722101+00:00
136,AU,Australia,AUD,Reserve Bank of Australia,2.50,dual,Australia/Sydney,composite_pmi,Composite PMI,growth,[],,monthly,index,True,2,False,True,2022-04-04T23:00:00+00:00,2026-04-22T23:00:00+00:00,2022-03-01,2026-04-01,36,29,7,0,False,,2026-04-21T08:00:10.722101+00:00
137,NZ,New Zealand,NZD,Reserve Bank of New Zealand,2.00,dual,Pacific/Auckland,cpi_headline_yoy,Headline CPI (YoY),inflation,[],yoy,quarterly,%,True,1,True,False,2020-01-23T21:45:00+00:00,2026-04-20T22:45:00+00:00,2019-10-01,2026-01-01,26,26,0,0,False,NZ publishes CPI quarterly.,2026-04-21T08:00:10.722101+00:00
138,NZ,New Zealand,NZD,Reserve Bank of New Zealand,2.00,dual,Pacific/Auckland,unemployment_rate,Unemployment Rate,labor,[],,quarterly,%,False,1,True,False,2020-02-04T21:45:00+00:00,2026-05-05T22:45:00+00:00,2019-10-01,2026-01-01,26,25,1,0,False,,2026-04-21T08:00:10.722101+00:00
139,NZ,New Zealand,NZD,Reserve Bank of New Zealand,2.00,dual,Pacific/Auckland,official_cash_rate,Official Cash Rate,monetary policy,[],,irregular,%,True,1,True,False,2021-11-24T01:00:00+00:00,2026-04-08T02:00:00+00:00,,,29,29,0,2,False,,2026-04-21T08:00:10.722101+00:00
140,NZ,New Zealand,NZD,Reserve Bank of New Zealand,2.00,dual,Pacific/Auckland,cpi_headline_qoq,Headline CPI (QoQ),inflation,[],qoq,quarterly,%,True,1,True,False,2020-01-23T21:45:00+00:00,2026-04-20T22:45:00+00:00,2019-10-01,2026-01-01,26,26,0,0,False,,2026-04-21T08:00:10.722101+00:00
141,NZ,New Zealand,NZD,Reserve Bank of New Zealand,2.00,dual,Pacific/Auckland,consumer_price_index,Consumer Price Index,inflation,[],,quarterly,index,True,2,False,True,2023-01-24T21:45:00+00:00,2026-04-20T22:45:00+00:00,2022-10-01,2026-01-01,13,12,1,0,False,,2026-04-21T08:00:10.722101+00:00
142,NZ,New Zealand,NZD,Reserve Bank of New Zealand,2.00,dual,Pacific/Auckland,balance_of_trade,Balance of Trade,growth,"[""Trade""]",,monthly,bn_nzd,True,2,False,True,2020-01-29T21:45:00+00:00,2026-04-19T22:45:00+00:00,2019-12-01,2026-03-01,76,76,0,0,False,,2026-04-21T08:00:10.722101+00:00
143,NZ,New Zealand,NZD,Reserve Bank of New Zealand,2.00,dual,Pacific/Auckland,balance_of_trade_mom,Balance of Trade (MoM),growth,"[""Trade""]",mom,monthly,mn_nzd,True,2,False,True,2026-01-28T15:45:00+00:00,2026-04-19T22:45:00+00:00,2025-12-01,2026-03-01,4,4,0,0,True,,2026-04-21T08:00:10.722101+00:00
144,NZ,New Zealand,NZD,Reserve Bank of New Zealand,2.00,dual,Pacific/Auckland,balance_of_trade_yoy,Balance of Trade (YoY),growth,"[""Trade""]",yoy,monthly,%,True,2,False,True,2026-01-28T15:45:00+00:00,2026-04-19T22:45:00+00:00,2025-12-01,2026-03-01,4,4,0,0,True,,2026-04-21T08:00:10.722101+00:00
145,NZ,New Zealand,NZD,Reserve Bank of New Zealand,2.00,dual,Pacific/Auckland,exports,Exports,growth,"[""Trade""]",,monthly,bn_nzd,True,2,False,True,2020-01-29T21:45:00+00:00,2026-04-19T22:45:00+00:00,2019-12-01,2026-03-01,76,76,0,0,False,,2026-04-21T08:00:10.722101+00:00
146,NZ,New Zealand,NZD,Reserve Bank of New Zealand,2.00,dual,Pacific/Auckland,imports,Imports,growth,"[""Trade""]",,monthly,bn_nzd,True,2,False,True,2020-01-29T21:45:00+00:00,2026-04-19T22:45:00+00:00,2019-12-01,2026-03-01,85,85,0,1,False,,2026-04-21T08:00:10.722101+00:00
147,NZ,New Zealand,NZD,Reserve Bank of New Zealand,2.00,dual,Pacific/Auckland,business_confidence,Business Confidence,growth,"[""Sentiment""]",,monthly,index,True,3,False,True,2020-01-13T21:00:00+00:00,2026-04-30T01:00:00+00:00,2019-10-01,2026-04-01,109,104,5,0,False,,2026-04-21T08:00:10.722101+00:00
148,NZ,New Zealand,NZD,Reserve Bank of New Zealand,2.00,dual,Pacific/Auckland,capacity_utilization,Capacity Utilization,growth,[],,quarterly,%,True,3,False,True,2020-01-13T21:00:00+00:00,2026-04-20T22:00:00+00:00,2019-10-01,2026-01-01,27,27,0,0,False,,2026-04-21T08:00:10.722101+00:00
149,NZ,New Zealand,NZD,Reserve Bank of New Zealand,2.00,dual,Pacific/Auckland,global_dairy_trade_price_index,Global Dairy Trade Price Index,growth,"[""Trade""]",,irregular,%,True,2,False,True,2020-01-07T14:40:00+00:00,2026-04-21T13:00:00+00:00,2024-01-02,2026-04-21,213,196,17,6,False,,2026-04-21T08:00:10.722101+00:00
150,NZ,New Zealand,NZD,Reserve Bank of New Zealand,2.00,dual,Pacific/Auckland,milk_auctions,Milk Auctions,growth,"[""Trade""]",,irregular,,True,3,False,True,2024-02-20T15:00:00+00:00,2026-04-21T12:00:00+00:00,,,21,12,9,6,False,,2026-04-21T08:00:10.722101+00:00
151,NZ,New Zealand,NZD,Reserve Bank of New Zealand,2.00,dual,Pacific/Auckland,credit_card_spending_yoy,Credit Card Spending (YoY),growth,"[""Sentiment""]",yoy,monthly,%,True,3,False,True,2020-10-21T02:00:00+00:00,2026-04-23T03:00:00+00:00,2020-09-01,2026-03-01,66,62,4,0,False,,2026-04-21T08:00:10.722101+00:00
152,CA,Canada,CAD,Bank of Canada,2.00,single,America/Toronto,cpi_headline_yoy,Headline CPI (YoY),inflation,[],yoy,monthly,%,True,1,True,False,2020-01-22T13:30:00+00:00,2026-04-20T12:30:00+00:00,2019-12-01,2026-03-01,86,86,0,6,False,,2026-04-21T08:00:10.722101+00:00
153,CA,Canada,CAD,Bank of Canada,2.00,single,America/Toronto,core_cpi_yoy,Core CPI (YoY),inflation,[],yoy,monthly,%,True,1,True,False,2020-01-22T13:30:00+00:00,2026-04-20T12:30:00+00:00,2019-12-01,2026-03-01,76,76,0,0,False,,2026-04-21T08:00:10.722101+00:00
154,CA,Canada,CAD,Bank of Canada,2.00,single,America/Toronto,unemployment_rate,Unemployment Rate,labor,[],,monthly,%,False,1,True,False,2020-01-10T13:30:00+00:00,2026-04-10T12:30:00+00:00,2019-12-01,2026-03-01,76,76,0,0,False,,2026-04-21T08:00:10.722101+00:00
155,CA,Canada,CAD,Bank of Canada,2.00,single,America/Toronto,employment_change,Employment Change,labor,[],,monthly,thousands,True,1,True,False,2020-01-10T13:30:00+00:00,2026-04-10T12:30:00+00:00,2019-12-01,2026-03-01,76,76,0,0,False,,2026-04-21T08:00:10.722101+00:00
156,CA,Canada,CAD,Bank of Canada,2.00,single,America/Toronto,full_time_employment_change,Full-Time Employment Change,labor,[],,monthly,thousands,True,1,True,False,2020-01-10T13:30:00+00:00,2026-04-10T12:30:00+00:00,2019-12-01,2026-03-01,76,76,0,0,False,Important labor composition detail for CAD.,2026-04-21T08:00:10.722101+00:00
157,CA,Canada,CAD,Bank of Canada,2.00,single,America/Toronto,part_time_employment_change,Part-Time Employment Change,labor,[],,monthly,thousands,True,1,True,False,2020-01-10T13:30:00+00:00,2026-04-10T12:30:00+00:00,2019-12-01,2026-03-01,76,76,0,0,False,Important labor composition detail for CAD.,2026-04-21T08:00:10.722101+00:00
158,CA,Canada,CAD,Bank of Canada,2.00,single,America/Toronto,overnight_rate,Overnight Rate,monetary policy,[],,irregular,%,True,1,True,False,2020-01-22T15:00:00+00:00,2026-04-29T13:45:00+00:00,,,45,39,6,4,False,,2026-04-21T08:00:10.722101+00:00
159,CA,Canada,CAD,Bank of Canada,2.00,single,America/Toronto,cpi_headline_mom,Headline CPI (MoM),inflation,[],mom,monthly,%,True,2,False,True,2020-01-22T13:30:00+00:00,2026-04-20T12:30:00+00:00,2019-12-01,2026-03-01,84,77,7,5,False,,2026-04-21T08:00:10.722101+00:00
160,CA,Canada,CAD,Bank of Canada,2.00,single,America/Toronto,core_cpi_mom,Core CPI (MoM),inflation,[],mom,monthly,%,True,2,False,True,2022-04-20T12:30:00+00:00,2026-04-20T12:30:00+00:00,2022-03-01,2026-03-01,51,45,6,0,False,,2026-04-21T08:00:10.722101+00:00
161,CA,Canada,CAD,Bank of Canada,2.00,single,America/Toronto,boc_business_outlook_survey,BoC Business Outlook Survey,growth,"[""Sentiment""]",,quarterly,index,True,2,False,True,2026-04-20T14:30:00+00:00,2026-04-20T14:30:00+00:00,,,1,0,1,0,True,,2026-04-21T08:00:10.722101+00:00
162,CA,Canada,CAD,Bank of Canada,2.00,single,America/Toronto,new_housing_price_index_mom,New Housing Price Index (MoM),housing,"[""Inflation""]",mom,monthly,%,True,2,False,True,2020-01-22T13:30:00+00:00,2026-04-22T12:30:00+00:00,2019-12-01,2026-03-01,77,64,13,0,False,,2026-04-21T08:00:10.722101+00:00
163,CA,Canada,CAD,Bank of Canada,2.00,single,America/Toronto,new_housing_price_index_yoy,New Housing Price Index (YoY),housing,"[""Inflation""]",yoy,monthly,%,True,2,False,True,2020-01-22T13:30:00+00:00,2026-04-23T12:30:00+00:00,2019-12-01,2026-03-01,73,63,10,0,False,,2026-04-21T08:00:10.722101+00:00
164,CA,Canada,CAD,Bank of Canada,2.00,single,America/Toronto,manufacturing_sales_mom,Manufacturing Sales (MoM),growth,[],mom,monthly,%,True,2,False,True,2020-01-21T13:30:00+00:00,2026-04-23T12:30:00+00:00,2019-11-01,2026-03-01,133,129,4,0,False,,2026-04-21T08:00:10.722101+00:00
165,CA,Canada,CAD,Bank of Canada,2.00,single,America/Toronto,ppi_yoy,PPI (YoY),inflation,[],yoy,monthly,%,True,2,False,True,2020-01-06T13:30:00+00:00,2026-04-23T12:30:00+00:00,2019-11-01,2026-03-01,89,86,3,0,False,,2026-04-21T08:00:10.722101+00:00
166,CA,Canada,CAD,Bank of Canada,2.00,single,America/Toronto,ppi_mom,PPI (MoM),inflation,[],mom,monthly,%,True,2,False,True,2020-01-06T13:30:00+00:00,2026-04-23T12:30:00+00:00,2019-11-01,2026-03-01,89,83,6,0,False,,2026-04-21T08:00:10.722101+00:00
167,CA,Canada,CAD,Bank of Canada,2.00,single,America/Toronto,raw_materials_prices_yoy,Raw Materials Prices (YoY),inflation,[],yoy,monthly,%,True,3,False,True,2020-01-06T13:30:00+00:00,2026-04-23T12:30:00+00:00,2019-11-01,2026-03-01,76,75,1,0,False,,2026-04-21T08:00:10.722101+00:00
168,CA,Canada,CAD,Bank of Canada,2.00,single,America/Toronto,raw_materials_prices_mom,Raw Materials Prices (MoM),inflation,[],mom,monthly,%,True,3,False,True,2020-01-06T13:30:00+00:00,2026-04-23T12:30:00+00:00,2019-11-01,2026-03-01,77,75,2,0,False,,2026-04-21T08:00:10.722101+00:00
169,CA,Canada,CAD,Bank of Canada,2.00,single,America/Toronto,retail_sales_yoy,Retail Sales (YoY),growth,[],yoy,monthly,%,True,2,False,True,2020-01-24T13:30:00+00:00,2026-04-24T12:30:00+00:00,2019-11-01,2026-02-01,76,74,2,0,False,,2026-04-21T08:00:10.722101+00:00
170,CA,Canada,CAD,Bank of Canada,2.00,single,America/Toronto,retail_sales_ex_autos_mom,Retail Sales Ex Autos (MoM),growth,[],mom,monthly,%,True,2,False,True,2020-01-24T13:30:00+00:00,2026-04-24T12:30:00+00:00,2019-11-01,2026-02-01,76,72,4,0,False,,2026-04-21T08:00:10.722101+00:00
171,CA,Canada,CAD,Bank of Canada,2.00,single,America/Toronto,budget_balance,Budget Balance,growth,"[""Other""]",,monthly,bn_cad,True,3,False,True,2020-01-31T16:00:00+00:00,2026-04-24T15:00:00+00:00,2019-11-01,2026-02-01,77,74,3,0,False,,2026-04-21T08:00:10.722101+00:00
172,CH,Switzerland,CHF,Swiss National Bank,1.00,single,Europe/Zurich,cpi_headline_yoy,Headline CPI (YoY),inflation,[],yoy,monthly,%,True,1,True,False,2020-01-07T07:30:00+00:00,2026-05-05T06:30:00+00:00,2019-12-01,2026-04-01,77,74,3,0,False,,2026-04-21T08:00:10.722101+00:00
173,CH,Switzerland,CHF,Swiss National Bank,1.00,single,Europe/Zurich,unemployment_rate,Unemployment Rate,labor,[],,monthly,%,False,2,False,True,2020-01-10T06:45:00+00:00,2026-04-08T07:00:00+00:00,2019-12-01,2026-03-01,76,76,0,0,False,,2026-04-21T08:00:10.722101+00:00
174,CH,Switzerland,CHF,Swiss National Bank,1.00,single,Europe/Zurich,gdp_qoq,GDP (QoQ),growth,[],qoq,quarterly,%,True,1,True,False,2020-03-03T06:45:00+00:00,2026-02-27T08:00:00+00:00,2019-10-01,2025-10-01,25,23,2,0,False,,2026-04-21T08:00:10.722101+00:00
175,CH,Switzerland,CHF,Swiss National Bank,1.00,single,Europe/Zurich,policy_rate,SNB Policy Rate,monetary policy,[],,irregular,%,True,1,True,False,2020-03-19T08:30:00+00:00,2026-03-19T08:30:00+00:00,,,18,14,4,0,False,,2026-04-21T08:00:10.722101+00:00
176,CH,Switzerland,CHF,Swiss National Bank,1.00,single,Europe/Zurich,balance_of_trade,Balance of Trade,growth,"[""Trade""]",,monthly,bn_chf,True,2,False,True,2020-01-28T07:00:00+00:00,2026-04-21T06:00:00+00:00,2019-12-01,2026-03-01,76,75,1,0,False,,2026-04-21T08:00:10.722101+00:00
177,CH,Switzerland,CHF,Swiss National Bank,1.00,single,Europe/Zurich,m3_money_supply,M3 Money Supply,monetary policy,[],,monthly,%,True,3,False,True,2025-12-22T02:00:00+00:00,2026-04-21T07:00:00+00:00,2025-11-01,2026-03-01,5,4,1,0,True,,2026-04-21T08:00:10.722101+00:00
178,US,United States,USD,Federal Reserve,2.00,dual,America/New_York,continuing_jobless_claims,Continuing Jobless Claims,labor,[],,weekly,thousands,False,2,False,True,2020-03-05T13:30:00+00:00,2026-04-30T12:30:00+00:00,2020-02-22,2026-04-18,188,178,10,0,False,,2026-04-21T08:00:10.722101+00:00
179,US,United States,USD,Federal Reserve,2.00,dual,America/New_York,jobless_claims_4week_average,Jobless Claims 4-Week Average,labor,[],,weekly,thousands,False,2,False,True,2020-04-02T12:30:00+00:00,2026-04-30T12:30:00+00:00,2020-03-28,2026-04-25,185,175,10,0,False,,2026-04-21T08:00:10.722101+00:00
180,US,United States,USD,Federal Reserve,2.00,dual,America/New_York,ism_services_business_activity,ISM Services Business Activity,growth,[],,monthly,index,True,2,False,True,2023-05-03T14:00:00+00:00,2026-05-05T14:00:00+00:00,2023-04-01,2026-04-01,16,15,1,0,True,,2026-04-21T08:00:10.722101+00:00
181,US,United States,USD,Federal Reserve,2.00,dual,America/New_York,ism_services_employment,ISM Services Employment,growth,"[""Labor""]",,monthly,index,True,2,False,True,2020-03-04T15:00:00+00:00,2026-05-05T14:00:00+00:00,2020-02-01,2026-04-01,27,26,1,0,False,,2026-04-21T08:00:10.722101+00:00
182,US,United States,USD,Federal Reserve,2.00,dual,America/New_York,new_home_sales,New Home Sales,housing,[],,monthly,millions,True,2,False,True,2020-03-24T14:00:00+00:00,2026-05-05T14:00:00+00:00,2020-02-01,2026-03-01,48,44,4,0,False,,2026-04-21T08:00:10.722101+00:00
183,US,United States,USD,Federal Reserve,2.00,dual,America/New_York,economic_optimism_index,Economic Optimism Index,sentiment,[],,monthly,index,True,3,False,True,2026-03-03T15:10:00+00:00,2026-05-05T14:10:00+00:00,2026-03-01,2026-05-01,3,2,1,0,True,,2026-04-21T08:00:10.722101+00:00
184,US,United States,USD,Federal Reserve,2.00,dual,America/New_York,redbook_yoy,Redbook Retail Sales (YoY),growth,"[""Sentiment""]",yoy,weekly,%,True,3,False,True,2020-03-10T12:55:00+00:00,2026-05-05T12:55:00+00:00,2020-03-07,2026-05-02,172,169,3,0,False,,2026-04-21T08:00:10.722101+00:00
185,UK,United Kingdom,GBP,Bank of England,2.00,single,Europe/London,niesr_monthly_gdp_tracker,NIESR Monthly GDP Tracker,growth,[],,monthly,%,True,2,False,True,2020-01-13T14:00:00+00:00,2026-04-16T13:30:00+00:00,2019-12-01,2026-03-01,96,85,11,0,False,,2026-04-21T08:00:10.722101+00:00
186,UK,United Kingdom,GBP,Bank of England,2.00,single,Europe/London,house_price_index_mom,House Price Index (MoM),housing,[],mom,monthly,%,True,3,False,True,2020-01-08T08:30:00+00:00,2025-12-15T00:01:00+00:00,2019-12-01,2025-11-01,95,86,9,0,False,,2026-04-21T08:00:10.722101+00:00
187,EU,Eurozone,EUR,European Central Bank,2.00,single,Europe/Frankfurt,cpi_headline_mom,Headline HICP (MoM),inflation,[],mom,monthly,%,True,2,False,True,2020-01-17T10:00:00+00:00,2026-04-30T09:00:00+00:00,2019-12-01,2026-04-01,144,135,9,0,False,,2026-04-21T08:00:10.722101+00:00
188,EU,Eurozone,EUR,European Central Bank,2.00,single,Europe/Frankfurt,cpi_index,Consumer Price Index,inflation,[],,monthly,index,True,2,False,True,2022-03-02T10:00:00+00:00,2026-04-30T09:00:00+00:00,2022-02-01,2026-04-01,96,95,1,0,False,,2026-04-21T08:00:10.722101+00:00
189,EU,Eurozone,EUR,European Central Bank,2.00,single,Europe/Frankfurt,economic_sentiment,Economic Sentiment,sentiment,[],,monthly,index,True,2,False,True,2020-01-08T10:00:00+00:00,2026-04-29T09:00:00+00:00,2019-12-01,2026-04-01,96,95,1,0,False,,2026-04-21T08:00:10.722101+00:00
190,EU,Eurozone,EUR,European Central Bank,2.00,single,Europe/Frankfurt,consumer_inflation_expectation,Consumer Inflation Expectation,inflation,"[""Sentiment""]",,monthly,index,True,2,False,True,2020-01-08T10:00:00+00:00,2026-04-29T09:00:00+00:00,2019-12-01,2026-04-01,111,104,7,0,False,,2026-04-21T08:00:10.722101+00:00
191,JP,Japan,JPY,Bank of Japan,2.00,single,Asia/Tokyo,cpi_index,Consumer Price Index,inflation,[],,monthly,index,True,2,False,True,2020-01-30T23:30:00+00:00,2025-11-27T23:30:00+00:00,2020-01-01,2025-11-01,91,89,2,0,False,,2026-04-21T08:00:10.722101+00:00
192,JP,Japan,JPY,Bank of Japan,2.00,single,Asia/Tokyo,industrial_production_mom,Industrial Production (MoM),growth,[],mom,monthly,%,True,2,False,True,2020-01-20T04:30:00+00:00,2026-04-29T23:50:00+00:00,2019-11-01,2026-03-01,184,182,2,0,False,,2026-04-21T08:00:10.722101+00:00
193,JP,Japan,JPY,Bank of Japan,2.00,single,Asia/Tokyo,industrial_production_yoy,Industrial Production (YoY),growth,[],yoy,monthly,%,True,2,False,True,2020-01-20T04:30:00+00:00,2026-04-29T23:50:00+00:00,2019-11-01,2026-03-01,148,146,2,0,False,,2026-04-21T08:00:10.722101+00:00
194,JP,Japan,JPY,Bank of Japan,2.00,single,Asia/Tokyo,leading_economic_index,Leading Economic Index,growth,[],,monthly,index,True,2,False,True,2020-01-10T05:00:00+00:00,2026-04-07T05:00:00+00:00,2019-11-01,2026-02-01,150,149,1,0,False,,2026-04-21T08:00:10.722101+00:00
195,JP,Japan,JPY,Bank of Japan,2.00,single,Asia/Tokyo,coincident_index,Coincident Index,growth,[],,monthly,index,True,2,False,True,2020-01-10T05:00:00+00:00,2026-04-07T05:00:00+00:00,2019-11-01,2026-02-01,151,150,1,0,False,,2026-04-21T08:00:10.722101+00:00
196,JP,Japan,JPY,Bank of Japan,2.00,single,Asia/Tokyo,machine_tool_orders_yoy,Machine Tool Orders (YoY),growth,[],yoy,monthly,%,True,3,False,True,2020-01-15T06:00:00+00:00,2026-04-09T06:00:00+00:00,2019-12-01,2026-03-01,85,80,5,0,False,,2026-04-21T08:00:10.722101+00:00
197,JP,Japan,JPY,Bank of Japan,2.00,single,Asia/Tokyo,foreign_bond_investment,Foreign Bond Investment,trade,"[""Other""]",,weekly,bn_jpy,True,3,False,True,2020-01-08T23:50:00+00:00,2026-04-29T23:50:00+00:00,2020-01-04,2026-12-27,332,328,4,0,False,,2026-04-21T08:00:10.722101+00:00
198,JP,Japan,JPY,Bank of Japan,2.00,single,Asia/Tokyo,stock_investment_by_foreigners,Stock Investment by Foreigners,trade,"[""Other""]",,weekly,bn_jpy,True,3,False,True,2020-01-08T23:50:00+00:00,2026-04-29T23:50:00+00:00,2020-01-04,2026-12-27,338,328,10,0,False,,2026-04-21T08:00:10.722101+00:00
199,AU,Australia,AUD,Reserve Bank of Australia,2.50,dual,Australia/Sydney,retail_sales_mom,Retail Sales (MoM),growth,[],mom,monthly,%,True,1,True,False,2020-01-10T00:30:00+00:00,2025-08-29T01:30:00+00:00,2019-11-01,2025-07-01,114,109,5,0,False,,2026-04-21T08:00:10.722101+00:00
200,AU,Australia,AUD,Reserve Bank of Australia,2.50,dual,Australia/Sydney,building_permits,Building Permits,housing,[],,monthly,%,True,2,False,True,2020-01-08T00:30:00+00:00,2025-12-09T00:30:00+00:00,2019-11-01,2025-10-01,107,105,2,0,False,,2026-04-21T08:00:10.722101+00:00
201,AU,Australia,AUD,Reserve Bank of Australia,2.50,dual,Australia/Sydney,td_mi_inflation_gauge_mom,TD-MI Inflation Gauge (MoM),inflation,[],mom,monthly,%,True,2,False,True,2020-01-13T00:00:00+00:00,2026-05-05T01:00:00+00:00,2019-12-01,2026-04-01,92,82,10,0,False,,2026-04-21T08:00:10.722101+00:00
202,AU,Australia,AUD,Reserve Bank of Australia,2.50,dual,Australia/Sydney,consumer_inflation_expectation,Consumer Inflation Expectation,inflation,"[""Sentiment""]",,monthly,%,True,2,False,True,2020-01-23T00:00:00+00:00,2026-04-16T01:00:00+00:00,2020-01-01,2026-04-01,82,76,6,0,False,,2026-04-21T08:00:10.722101+00:00
203,AU,Australia,AUD,Reserve Bank of Australia,2.50,dual,Australia/Sydney,ai_group_manufacturing_index,Ai Group Manufacturing Index,growth,[],,monthly,index,True,3,False,True,2020-01-05T21:30:00+00:00,2026-05-05T23:00:00+00:00,2019-12-01,2026-04-01,73,70,3,0,False,,2026-04-21T08:00:10.722101+00:00
204,AU,Australia,AUD,Reserve Bank of Australia,2.50,dual,Australia/Sydney,ai_group_industry_index,Ai Group Industry Index,growth,[],,monthly,index,True,3,False,True,2023-02-07T22:20:00+00:00,2026-05-05T23:00:00+00:00,2023-01-01,2026-04-01,37,36,1,0,False,,2026-04-21T08:00:10.722101+00:00
205,AU,Australia,AUD,Reserve Bank of Australia,2.50,dual,Australia/Sydney,ai_group_construction_index,Ai Group Construction Index,growth,"[""Housing""]",,monthly,index,True,3,False,True,2020-01-07T21:30:00+00:00,2026-05-05T23:00:00+00:00,2019-12-01,2026-04-01,73,70,3,0,False,,2026-04-21T08:00:10.722101+00:00
206,NZ,New Zealand,NZD,Reserve Bank of New Zealand,2.00,dual,Pacific/Auckland,participation_rate,Labor Force Participation Rate,labor,[],,quarterly,%,True,1,True,False,2020-02-04T21:45:00+00:00,2026-05-05T22:45:00+00:00,2019-10-01,2026-01-01,26,25,1,0,False,,2026-04-21T08:00:10.722101+00:00
207,NZ,New Zealand,NZD,Reserve Bank of New Zealand,2.00,dual,Pacific/Auckland,employment_change_qoq,Employment Change (QoQ),labor,[],qoq,quarterly,%,True,1,True,False,2020-02-04T21:45:00+00:00,2026-05-05T22:45:00+00:00,2019-10-01,2026-01-01,26,22,4,0,False,,2026-04-21T08:00:10.722101+00:00
208,NZ,New Zealand,NZD,Reserve Bank of New Zealand,2.00,dual,Pacific/Auckland,labour_cost_index_qoq,Labour Cost Index (QoQ),labor,"[""Inflation""]",qoq,quarterly,%,True,2,False,True,2020-02-04T21:45:00+00:00,2026-05-05T22:45:00+00:00,2019-10-01,2026-01-01,26,25,1,0,False,,2026-04-21T08:00:10.722101+00:00
209,NZ,New Zealand,NZD,Reserve Bank of New Zealand,2.00,dual,Pacific/Auckland,labour_cost_index_yoy,Labour Cost Index (YoY),labor,"[""Inflation""]",yoy,quarterly,%,True,2,False,True,2020-02-04T21:45:00+00:00,2026-05-05T22:45:00+00:00,2019-10-01,2026-01-01,26,25,1,0,False,,2026-04-21T08:00:10.722101+00:00
210,CA,Canada,CAD,Bank of Canada,2.00,single,America/Toronto,retail_sales_mom,Retail Sales (MoM),growth,[],mom,monthly,%,True,1,True,False,2020-01-24T13:30:00+00:00,2026-04-24T12:35:00+00:00,2019-11-01,2026-03-01,100,84,16,0,False,,2026-04-21T08:00:10.722101+00:00
211,CA,Canada,CAD,Bank of Canada,2.00,single,America/Toronto,gdp_mom,GDP (MoM),growth,[],mom,monthly,%,True,1,True,False,2020-01-31T13:30:00+00:00,2026-04-30T12:30:00+00:00,2019-11-01,2026-03-01,120,96,24,0,False,,2026-04-21T08:00:10.722101+00:00
212,CA,Canada,CAD,Bank of Canada,2.00,single,America/Toronto,wholesale_sales_mom,Wholesale Sales (MoM),growth,[],mom,monthly,%,True,2,False,True,2020-01-22T13:30:00+00:00,2026-04-15T12:30:00+00:00,2019-11-01,2026-02-01,147,132,15,0,False,,2026-04-21T08:00:10.722101+00:00
213,CA,Canada,CAD,Bank of Canada,2.00,single,America/Toronto,imports,Imports,trade,[],,monthly,bn_cad,True,2,False,True,2020-01-07T13:30:00+00:00,2026-05-05T12:30:00+00:00,2019-11-01,2026-03-01,82,77,5,0,False,,2026-04-21T08:00:10.722101+00:00
214,CA,Canada,CAD,Bank of Canada,2.00,single,America/Toronto,exports,Exports,trade,[],,monthly,bn_cad,True,2,False,True,2020-01-07T13:30:00+00:00,2026-05-05T12:30:00+00:00,2019-11-01,2026-03-01,81,77,4,0,False,,2026-04-21T08:00:10.722101+00:00
215,CH,Switzerland,CHF,Swiss National Bank,1.00,single,Europe/Zurich,retail_sales_yoy,Retail Sales (YoY),growth,[],yoy,monthly,%,True,2,False,True,2020-01-09T07:30:00+00:00,2026-05-01T06:30:00+00:00,2019-11-01,2026-03-01,84,74,10,0,False,,2026-04-21T08:00:10.722101+00:00
216,CH,Switzerland,CHF,Swiss National Bank,1.00,single,Europe/Zurich,economic_sentiment_index,Economic Sentiment Index,sentiment,[],,monthly,index,True,2,False,True,2020-01-29T09:00:00+00:00,2026-04-29T08:00:00+00:00,2020-01-01,2026-04-01,82,74,8,0,False,,2026-04-21T08:00:10.722101+00:00
