central_bank_code,target_family,target_indicator_key,target_indicator,indicator_key,indicator,indicator_category,importance,observations,pearson_correlation,spearman_correlation,abs_pearson,abs_spearman,direction,same_macro_theme,pca_score,model_importance_score,coverage_score,raw_weight_score,economic_direction_for_currency,justification,normalized_weight,weight_pct
SNB,unemployment,unemployment_rate,Unemployment Rate,cpi_headline_yoy,Headline CPI (YoY),Inflation,1,74,-0.8688063720500113,-0.8964272899830426,0.8688063720500113,0.8964272899830426,negative,False,0.5163344998946099,0.2763586637118418,1.0,0.6798485524236548,currency_positive,strong negative Pearson correlation (-0.87); Spearman -0.90; PCA loading signal 0.52; model importance signal 0.28,0.20420491544181626,20.420491544181626
ECB,gdp_growth,gdp_qoq,GDP (QoQ),manufacturing_pmi,Manufacturing PMI,Growth,2,21,0.5162218925829313,0.4752814697526489,0.5162218925829313,0.4752814697526489,positive,True,0.3022947039742371,0.065153433899673,0.2916666666666667,0.46457865887038285,currency_positive,moderate positive Pearson correlation (0.52); Spearman 0.48; same macro theme; PCA loading signal 0.30; model importance signal 0.07,0.1979876114046862,19.79876114046862
ECB,gdp_growth,gdp_qoq,GDP (QoQ),construction_output_yoy,Construction Output (YoY),Growth,2,22,0.3975140907238545,0.28039423366679733,0.3975140907238545,0.28039423366679733,positive,True,0.5252143092080225,0.0730766803331381,0.3055555555555556,0.43285024082014895,currency_positive,weak positive Pearson correlation (0.40); Spearman 0.28; same macro theme; PCA loading signal 0.53; model importance signal 0.07,0.18446603958154362,18.446603958154363
SNB,gdp_growth,gdp_qoq,GDP (QoQ),retail_sales_mom,Retail Sales (MoM),Growth,2,22,0.6521957993945069,0.2918336406973389,0.6521957993945069,0.2918336406973389,positive,True,0.7011432682807085,0.0465563827541606,0.3055555555555556,0.5387013968721102,currency_positive,moderate positive Pearson correlation (0.65); Spearman 0.29; same macro theme; PCA loading signal 0.70; model importance signal 0.05,0.17861698313892413,17.86169831389241
SNB,inflation,cpi_headline_yoy,Headline CPI (YoY),producer_import_prices_yoy,Producer & Import Prices (YoY),Inflation,2,74,0.738439845150266,0.7384486673964129,0.738439845150266,0.7384486673964129,positive,True,0.3653700866721592,0.1065163412314387,1.0,0.6730960806346956,policy_tightening_positive_but_regime_dependent,strong positive Pearson correlation (0.74); Spearman 0.74; same macro theme; PCA loading signal 0.37; model importance signal 0.11,0.17250416306494318,17.25041630649432
ECB,inflation,core_cpi_yoy,Core HICP (YoY),cpi_headline_yoy,Headline HICP (YoY),Inflation,1,76,0.8145615788894087,0.854433884653234,0.8145615788894087,0.854433884653234,positive,True,0.4592560903435156,0.4018960790955702,1.0,0.786243680305549,policy_tightening_positive_but_regime_dependent,strong positive Pearson correlation (0.81); Spearman 0.85; same macro theme; PCA loading signal 0.46; model importance signal 0.40,0.16275822438301638,16.27582243830164
SNB,inflation,cpi_headline_yoy,Headline CPI (YoY),unemployment_rate,Unemployment Rate,Labor,2,74,-0.8688063720500114,-0.8964272899830424,0.8688063720500114,0.8964272899830424,negative,False,0.4832177752201831,0.0397464861812,1.0,0.6336634718020488,disinflationary_or_growth_sensitive,strong negative Pearson correlation (-0.87); Spearman -0.90; PCA loading signal 0.48; model importance signal 0.04,0.16239819249127885,16.239819249127883
SNB,gdp_growth,gdp_qoq,GDP (QoQ),retail_sales_yoy,Retail Sales (YoY),Growth,2,22,0.520159873243844,0.42081996988115417,0.520159873243844,0.42081996988115417,positive,True,0.5032961671292822,0.0313256329056683,0.3055555555555556,0.486686179182174,currency_positive,moderate positive Pearson correlation (0.52); Spearman 0.42; same macro theme; PCA loading signal 0.50; model importance signal 0.03,0.16137032048863872,16.137032048863873
SNB,unemployment,unemployment_rate,Unemployment Rate,economic_sentiment_index,Economic Sentiment Index,Sentiment,2,74,0.7101480721424651,0.6809551869786951,0.7101480721424651,0.6809551869786951,positive,False,0.4509574005699118,0.0364543735804297,1.0,0.5366050346497357,currency_negative,strong positive Pearson correlation (0.71); Spearman 0.68; PCA loading signal 0.45; model importance signal 0.04,0.16117911163546592,16.11791116354659
RBNZ,inflation,cpi_headline_yoy,Headline CPI (YoY),cpi_headline_qoq,Headline CPI (QoQ),Inflation,1,26,0.7537695100699839,0.7151753987494343,0.7537695100699839,0.7151753987494343,positive,True,0.3694991761884383,0.0533669543098461,0.3611111111111111,0.6008592778285858,policy_tightening_positive_but_regime_dependent,strong positive Pearson correlation (0.75); Spearman 0.72; same macro theme; PCA loading signal 0.37; model importance signal 0.05,0.1363230928990526,13.632309289905258
SNB,inflation,cpi_headline_yoy,Headline CPI (YoY),economic_sentiment_index,Economic Sentiment Index,Sentiment,2,72,-0.679738638344454,-0.6505955044087363,0.679738638344454,0.6505955044087363,negative,False,0.4509574005699118,0.0498648968362242,1.0,0.5236900569498257,disinflationary_or_growth_sensitive,moderate negative Pearson correlation (-0.68); Spearman -0.65; PCA loading signal 0.45; model importance signal 0.05,0.13421369931968297,13.421369931968297
RBNZ,gdp_growth,balance_of_trade,Balance of Trade,imports,Imports,Growth,2,76,-0.44263261189497616,-0.5119045192167953,0.44263261189497616,0.5119045192167953,negative,True,0.3937952279188587,0.0350897207599874,1.0,0.5320190809664443,currency_negative,moderate negative Pearson correlation (-0.44); Spearman -0.51; same macro theme; PCA loading signal 0.39; model importance signal 0.04,0.1327450403443935,13.27450403443935
ECB,unemployment,unemployment_rate,Unemployment Rate,core_cpi_yoy,Core HICP (YoY),Inflation,1,75,-0.6806525771202746,-0.4840445763991718,0.6806525771202746,0.4840445763991718,negative,False,0.3428500401250067,0.0537898564491629,1.0,0.4718619712347757,currency_positive,moderate negative Pearson correlation (-0.68); Spearman -0.48; PCA loading signal 0.34; model importance signal 0.05,0.12999601960224183,12.999601960224183
SNB,unemployment,unemployment_rate,Unemployment Rate,producer_import_prices_yoy,Producer & Import Prices (YoY),Inflation,2,76,-0.48037608356963624,-0.5211848352530944,0.48037608356963624,0.5211848352530944,negative,False,0.3653700866721592,0.0211315299781881,1.0,0.4177087678187904,currency_positive,moderate negative Pearson correlation (-0.48); Spearman -0.52; PCA loading signal 0.37; model importance signal 0.02,0.12546644882548325,12.546644882548325
SNB,gdp_growth,gdp_qoq,GDP (QoQ),producer_import_prices_mom,Producer & Import Prices (MoM),Inflation,2,19,0.5048248378160436,0.46697936301779536,0.5048248378160436,0.46697936301779536,positive,False,0.526690470992808,0.0519053611401273,0.2638888888888889,0.3748604090097882,currency_positive,moderate positive Pearson correlation (0.50); Spearman 0.47; PCA loading signal 0.53; model importance signal 0.05,0.12429229948970646,12.429229948970647
ECB,gdp_growth,gdp_qoq,GDP (QoQ),economic_sentiment,Economic Sentiment,Sentiment,2,23,0.26707986844404097,0.43505141800416175,0.26707986844404097,0.43505141800416175,positive,False,0.4192522596323578,0.0958998719555208,0.3194444444444444,0.29084707354475203,currency_positive,weak positive Pearson correlation (0.27); Spearman 0.44; PCA loading signal 0.42; model importance signal 0.10,0.12394912309399576,12.394912309399576
ECB,unemployment,unemployment_rate,Unemployment Rate,consumer_inflation_expectation,Consumer Inflation Expectation,Inflation,2,75,0.34465740966938274,0.7043249198210698,0.34465740966938274,0.7043249198210698,positive,False,0.5136478377762088,0.0140733736925213,1.0,0.43911129119247505,currency_negative,weak positive Pearson correlation (0.34); Spearman 0.70; PCA loading signal 0.51; model importance signal 0.01,0.12097334283593095,12.097334283593094
SNB,gdp_growth,gdp_qoq,GDP (QoQ),balance_of_trade,Balance of Trade,Growth,2,22,-0.2061225953278931,-0.2444350225069467,0.2061225953278931,0.2444350225069467,negative,True,0.2539915897582966,0.3273124019189008,0.3055555555555556,0.3626409331380194,currency_negative,weak negative Pearson correlation (-0.21); Spearman -0.24; same macro theme; PCA loading signal 0.25; model importance signal 0.33,0.12024069329668896,12.024069329668896
RBNZ,unemployment,unemployment_rate,Unemployment Rate,labour_cost_index_qoq,Labour Cost Index (QoQ),Labor,2,25,-0.6359920596266572,-0.6649887454042188,0.6359920596266572,0.6649887454042188,negative,True,0.3532126742276502,0.0117311338312327,0.3472222222222222,0.5440901633033497,currency_positive,moderate negative Pearson correlation (-0.64); Spearman -0.66; same macro theme; PCA loading signal 0.35; model importance signal 0.01,0.11963971415420473,11.963971415420472
SNB,inflation,cpi_headline_yoy,Headline CPI (YoY),cpi_headline_mom,Headline CPI (MoM),Inflation,2,56,0.434175158067043,0.38354075697595075,0.434175158067043,0.38354075697595075,positive,True,0.3152657194908059,0.0132583349498513,0.7777777777777778,0.4637402230429006,policy_tightening_positive_but_regime_dependent,moderate positive Pearson correlation (0.43); Spearman 0.38; same macro theme; PCA loading signal 0.32; model importance signal 0.01,0.11884947982483035,11.884947982483036
RBNZ,inflation,cpi_headline_yoy,Headline CPI (YoY),unemployment_rate,Unemployment Rate,Labor,1,25,-0.8028052560714174,-0.7569572120475381,0.8028052560714174,0.7569572120475381,negative,False,0.3784887413353238,0.1283862461775252,0.3472222222222222,0.5169088767436926,disinflationary_or_growth_sensitive,strong negative Pearson correlation (-0.80); Spearman -0.76; PCA loading signal 0.38; model importance signal 0.13,0.11727640634814025,11.727640634814025
RBNZ,inflation,cpi_headline_yoy,Headline CPI (YoY),labour_cost_index_qoq,Labour Cost Index (QoQ),Labor,2,25,0.8167562375805424,0.8283399390929106,0.8167562375805424,0.8283399390929106,positive,False,0.3532126742276502,0.0344771034927549,0.3472222222222222,0.5148564702697125,policy_tightening_positive_but_regime_dependent,strong positive Pearson correlation (0.82); Spearman 0.83; PCA loading signal 0.35; model importance signal 0.03,0.1168107558893005,11.68107558893005
ECB,unemployment,unemployment_rate,Unemployment Rate,manufacturing_pmi,Manufacturing PMI,Growth,2,67,0.5050464140122027,0.49105713328612915,0.5050464140122027,0.49105713328612915,positive,False,0.3022947039742371,0.0228783782432987,0.9305555555555556,0.4010832774331657,currency_negative,moderate positive Pearson correlation (0.51); Spearman 0.49; PCA loading signal 0.30; model importance signal 0.02,0.11049678247834735,11.049678247834734
RBNZ,unemployment,unemployment_rate,Unemployment Rate,labour_cost_index_yoy,Labour Cost Index (YoY),Labor,2,25,-0.5618950314583148,-0.5723959948494384,0.5618950314583148,0.5723959948494384,negative,True,0.3190101702958986,0.0251443874569806,0.3472222222222222,0.4994663071505528,currency_positive,moderate negative Pearson correlation (-0.56); Spearman -0.57; same macro theme; PCA loading signal 0.32; model importance signal 0.03,0.10982739672106928,10.982739672106929
RBNZ,unemployment,unemployment_rate,Unemployment Rate,cpi_headline_yoy,Headline CPI (YoY),Inflation,1,25,-0.8028052560714174,-0.7569572120475381,0.8028052560714174,0.7569572120475381,negative,False,0.3671195894021882,0.0251846332649262,0.3472222222222222,0.49731815520058636,currency_positive,strong negative Pearson correlation (-0.80); Spearman -0.76; PCA loading signal 0.37; model importance signal 0.03,0.10935504066211496,10.935504066211497
SNB,inflation,cpi_headline_yoy,Headline CPI (YoY),producer_import_prices_mom,Producer & Import Prices (MoM),Inflation,2,66,0.2062433139956538,0.20069860839598594,0.2062433139956538,0.20069860839598594,positive,True,0.526690470992808,0.0332923522981127,0.9166666666666666,0.41414336721394457,policy_tightening_positive_but_regime_dependent,weak positive Pearson correlation (0.21); Spearman 0.20; same macro theme; PCA loading signal 0.53; model importance signal 0.03,0.10613856922591683,10.613856922591683
ECB,unemployment,unemployment_rate,Unemployment Rate,zew_economic_sentiment,ZEW Economic Sentiment Index,Sentiment,2,74,0.484036702457378,0.3653052158482356,0.484036702457378,0.3653052158482356,positive,False,0.3356168132550795,0.0232288288527719,1.0,0.3826319811977461,currency_negative,moderate positive Pearson correlation (0.48); Spearman 0.37; PCA loading signal 0.34; model importance signal 0.02,0.10541352675246274,10.541352675246273
ECB,inflation,core_cpi_yoy,Core HICP (YoY),zew_economic_sentiment,ZEW Economic Sentiment Index,Sentiment,2,75,-0.6548612845158895,-0.7047563990804289,0.6548612845158895,0.7047563990804289,negative,False,0.3356168132550795,0.0278113792285018,1.0,0.5025486260256122,disinflationary_or_growth_sensitive,moderate negative Pearson correlation (-0.65); Spearman -0.70; PCA loading signal 0.34; model importance signal 0.03,0.10403126166466169,10.40312616646617
RBNZ,inflation,cpi_headline_yoy,Headline CPI (YoY),labour_cost_index_yoy,Labour Cost Index (YoY),Labor,2,25,0.7304714542246332,0.7215044602092991,0.7304714542246332,0.7215044602092991,positive,False,0.3190101702958986,0.013751877052688,0.3472222222222222,0.45792420028369074,policy_tightening_positive_but_regime_dependent,strong positive Pearson correlation (0.73); Spearman 0.72; PCA loading signal 0.32; model importance signal 0.01,0.10389394921485565,10.389394921485565
RBNZ,inflation,cpi_headline_yoy,Headline CPI (YoY),participation_rate,Labor Force Participation Rate,Labor,1,25,0.6948368285605812,0.723220115803323,0.6948368285605812,0.723220115803323,positive,False,0.3646882570921226,0.013162632044814,0.3472222222222222,0.4556988276752616,policy_tightening_positive_but_regime_dependent,moderate positive Pearson correlation (0.69); Spearman 0.72; PCA loading signal 0.36; model importance signal 0.01,0.10338905615914679,10.338905615914678
RBNZ,unemployment,unemployment_rate,Unemployment Rate,participation_rate,Labor Force Participation Rate,Labor,1,25,-0.4684967333555566,-0.47823585925715234,0.4684967333555566,0.47823585925715234,negative,True,0.3646882570921226,0.0272156410441534,0.3472222222222222,0.4611889593344078,currency_positive,moderate negative Pearson correlation (-0.47); Spearman -0.48; same macro theme; PCA loading signal 0.36; model importance signal 0.03,0.10141060983504827,10.141060983504827
ECB,unemployment,unemployment_rate,Unemployment Rate,cpi_index,Consumer Price Index,Inflation,2,49,-0.33800927815501336,-0.6840625013262724,0.33800927815501336,0.6840625013262724,negative,False,0.283220757098969,0.0356736923983156,0.6805555555555556,0.3633151032528421,currency_positive,weak negative Pearson correlation (-0.34); Spearman -0.68; PCA loading signal 0.28; model importance signal 0.04,0.10009180684905811,10.009180684905811
ECB,gdp_growth,gdp_qoq,GDP (QoQ),consumer_confidence,Consumer Confidence,Sentiment,2,23,0.20357533249645715,0.4001565479934593,0.20357533249645715,0.4001565479934593,positive,False,0.3070804442109299,0.0381965685811901,0.3194444444444444,0.23481625040884316,currency_positive,weak positive Pearson correlation (0.20); Spearman 0.40; PCA loading signal 0.31; model importance signal 0.04,0.10007069341173161,10.00706934117316
RBNZ,unemployment,unemployment_rate,Unemployment Rate,cpi_headline_qoq,Headline CPI (QoQ),Inflation,1,25,-0.6072164139069233,-0.640862673097537,0.6072164139069233,0.640862673097537,negative,False,0.3694991761884383,0.2348414775124102,0.3472222222222222,0.4514925839048352,currency_positive,moderate negative Pearson correlation (-0.61); Spearman -0.64; PCA loading signal 0.37; model importance signal 0.23,0.09927847868663209,9.927847868663209
ECB,unemployment,unemployment_rate,Unemployment Rate,cpi_headline_yoy,Headline HICP (YoY),Inflation,1,75,-0.4019956073538348,-0.24991766341310995,0.4019956073538348,0.24991766341310995,negative,False,0.4592560903435156,0.0400833425457719,1.0,0.3600624793833864,currency_positive,moderate negative Pearson correlation (-0.40); Spearman -0.25; PCA loading signal 0.46; model importance signal 0.04,0.09919572243864033,9.919572243864033
RBNZ,unemployment,unemployment_rate,Unemployment Rate,business_confidence,Business Confidence,Growth,3,25,0.7168948289757999,0.6754189724146651,0.7168948289757999,0.6754189724146651,positive,False,0.3009365416206782,0.0420305058871395,0.3472222222222222,0.44618822889043097,currency_negative,strong positive Pearson correlation (0.72); Spearman 0.68; PCA loading signal 0.30; model importance signal 0.04,0.09811210671283493,9.811210671283494
ECB,inflation,core_cpi_yoy,Core HICP (YoY),unemployment_rate,Unemployment Rate,Labor,1,75,-0.6806525771202746,-0.4840445763991718,0.6806525771202746,0.4840445763991718,negative,False,0.3711035434790552,0.0325427765247234,1.0,0.47333559825134974,disinflationary_or_growth_sensitive,moderate negative Pearson correlation (-0.68); Spearman -0.48; PCA loading signal 0.37; model importance signal 0.03,0.09798395006332333,9.798395006332333
RBNZ,unemployment,unemployment_rate,Unemployment Rate,employment_change_qoq,Employment Change (QoQ),Labor,1,22,-0.4452251228706812,-0.37553223198899355,0.4452251228706812,0.37553223198899355,negative,True,0.4463998715192522,0.0163237059065553,0.3055555555555556,0.44235654569213845,currency_positive,moderate negative Pearson correlation (-0.45); Spearman -0.38; same macro theme; PCA loading signal 0.45; model importance signal 0.02,0.09726955980886233,9.726955980886233
SNB,unemployment,unemployment_rate,Unemployment Rate,retail_sales_yoy,Retail Sales (YoY),Growth,2,74,0.22062904559234875,0.31472564048304336,0.22062904559234875,0.31472564048304336,positive,False,0.5032961671292822,0.0175640843208198,1.0,0.3227130461921235,currency_negative,weak positive Pearson correlation (0.22); Spearman 0.31; PCA loading signal 0.50; model importance signal 0.02,0.09693275079383781,9.693275079383781
RBNZ,gdp_growth,balance_of_trade,Balance of Trade,business_confidence,Business Confidence,Growth,3,74,0.22415004821029758,0.1719981043965643,0.22415004821029758,0.1719981043965643,positive,True,0.3009365416206782,0.0535973418153819,1.0,0.3849247609427391,currency_positive,weak positive Pearson correlation (0.22); Spearman 0.17; same macro theme; PCA loading signal 0.30; model importance signal 0.05,0.09604327128282587,9.604327128282588
RBNZ,gdp_growth,balance_of_trade,Balance of Trade,exports,Exports,Growth,2,76,0.14362457866431888,0.22754491051987333,0.14362457866431888,0.22754491051987333,positive,True,0.3726955334793356,0.037640970282628,1.0,0.38208051667759746,currency_positive,weak positive Pearson correlation (0.14); Spearman 0.23; same macro theme; PCA loading signal 0.37; model importance signal 0.04,0.09533359876687085,9.533359876687085
RBNZ,gdp_growth,balance_of_trade,Balance of Trade,cpi_headline_qoq,Headline CPI (QoQ),Inflation,1,25,-0.5318914281850584,-0.42192910626666685,0.5318914281850584,0.42192910626666685,negative,False,0.3694991761884383,0.1910269266531222,0.3472222222222222,0.37765990117602277,currency_negative,moderate negative Pearson correlation (-0.53); Spearman -0.42; PCA loading signal 0.37; model importance signal 0.19,0.09423060302085814,9.423060302085814
ECB,inflation,core_cpi_yoy,Core HICP (YoY),consumer_confidence,Consumer Confidence,Sentiment,2,76,-0.5597588202181726,-0.575911766406823,0.5597588202181726,0.575911766406823,negative,False,0.3070804442109299,0.0419564269464584,1.0,0.4455170718856817,disinflationary_or_growth_sensitive,moderate negative Pearson correlation (-0.56); Spearman -0.58; PCA loading signal 0.31; model importance signal 0.04,0.09222531050965632,9.222531050965632
SNB,gdp_growth,gdp_qoq,GDP (QoQ),consumer_confidence,Consumer Confidence,Sentiment,2,22,0.28657453878157374,0.36605569848597347,0.28657453878157374,0.36605569848597347,positive,False,0.3980104573305943,0.0127584995396679,0.3055555555555556,0.2635498841284729,currency_positive,weak positive Pearson correlation (0.29); Spearman 0.37; PCA loading signal 0.40; model importance signal 0.01,0.08738511814331998,8.738511814331998
SNB,unemployment,unemployment_rate,Unemployment Rate,retail_sales_mom,Retail Sales (MoM),Growth,2,75,0.05957287820133263,-0.19602656972760402,0.05957287820133263,0.19602656972760402,positive,False,0.7011432682807085,0.0400633881432333,1.0,0.2900937416807978,currency_negative,weak positive Pearson correlation (0.06); Spearman -0.20; PCA loading signal 0.70; model importance signal 0.04,0.08713494759817075,8.713494759817076
RBNZ,gdp_growth,balance_of_trade,Balance of Trade,capacity_utilization,Capacity Utilization,Growth,3,25,-0.1950784443909203,-0.2443247583699925,0.1950784443909203,0.2443247583699925,negative,True,0.4462103334839835,0.031908937386232,0.3472222222222222,0.3478530865962733,currency_negative,weak negative Pearson correlation (-0.20); Spearman -0.24; same macro theme; PCA loading signal 0.45; model importance signal 0.03,0.08679345096093745,8.679345096093744
BOC,inflation,core_cpi_yoy,Core CPI (YoY),cpi_headline_yoy,Headline CPI (YoY),Inflation,1,76,0.9579643245315118,0.8976613990751803,0.9579643245315118,0.8976613990751803,positive,True,0.3886655144833463,0.0937318215541612,1.0,0.7728157794456993,policy_tightening_positive_but_regime_dependent,strong positive Pearson correlation (0.96); Spearman 0.90; same macro theme; PCA loading signal 0.39; model importance signal 0.09,0.0863999919530391,8.63999919530391
ECB,gdp_growth,gdp_qoq,GDP (QoQ),zew_economic_sentiment,ZEW Economic Sentiment Index,Sentiment,2,23,0.17377076112147102,0.2552931460237732,0.17377076112147102,0.2552931460237732,positive,False,0.3356168132550795,0.0333017260822616,0.3194444444444444,0.20120662180553917,currency_positive,weak positive Pearson correlation (0.17); Spearman 0.26; PCA loading signal 0.34; model importance signal 0.03,0.08574741368220938,8.574741368220938
RBNZ,gdp_growth,balance_of_trade,Balance of Trade,cpi_headline_yoy,Headline CPI (YoY),Inflation,1,25,-0.501626542434694,-0.37011395073319914,0.501626542434694,0.37011395073319914,negative,False,0.3671195894021882,0.0342454568079835,0.3472222222222222,0.3311362288490213,currency_negative,moderate negative Pearson correlation (-0.50); Spearman -0.37; PCA loading signal 0.37; model importance signal 0.03,0.08262239763694884,8.262239763694884
SNB,gdp_growth,gdp_qoq,GDP (QoQ),economic_sentiment_index,Economic Sentiment Index,Sentiment,2,22,0.17183715253300447,0.3904744038014498,0.17183715253300447,0.3904744038014498,positive,False,0.4509574005699118,0.0422000931098337,0.3055555555555556,0.2485479300070027,currency_positive,weak positive Pearson correlation (0.17); Spearman 0.39; PCA loading signal 0.45; model importance signal 0.04,0.08241092687163537,8.241092687163537
ECB,inflation,core_cpi_yoy,Core HICP (YoY),cpi_headline_mom,Headline HICP (MoM),Inflation,2,72,0.20298804885631247,0.19904685085528012,0.20298804885631247,0.19904685085528012,positive,True,0.3774808594230369,0.0211006819331999,1.0,0.3922394554527404,policy_tightening_positive_but_regime_dependent,weak positive Pearson correlation (0.20); Spearman 0.20; same macro theme; PCA loading signal 0.38; model importance signal 0.02,0.08119645206895626,8.119645206895626
SNB,unemployment,unemployment_rate,Unemployment Rate,consumer_confidence,Consumer Confidence,Sentiment,2,43,0.27841776241787153,0.26285959376496354,0.27841776241787153,0.26285959376496354,positive,False,0.3980104573305943,0.0108428184013185,0.5972222222222222,0.2693046311483075,currency_negative,weak positive Pearson correlation (0.28); Spearman 0.26; PCA loading signal 0.40; model importance signal 0.01,0.08089055898652553,8.089055898652553
RBNZ,gdp_growth,balance_of_trade,Balance of Trade,credit_card_spending_yoy,Credit Card Spending (YoY),Growth,3,63,-0.09894167780097353,-0.10328560060816594,0.09894167780097353,0.10328560060816594,negative,True,0.2952980474629851,0.0314027585133108,0.875,0.3163317409525254,currency_negative,weak negative Pearson correlation (-0.10); Spearman -0.10; same macro theme; PCA loading signal 0.30; model importance signal 0.03,0.07892850316322342,7.892850316322342
ECB,inflation,core_cpi_yoy,Core HICP (YoY),cpi_index,Consumer Price Index,Inflation,2,50,-0.0894242053035956,-0.5069949463075054,0.0894242053035956,0.5069949463075054,negative,True,0.283220757098969,0.0282815572163493,0.6944444444444444,0.373458296301618,disinflationary_or_growth_sensitive,weak negative Pearson correlation (-0.09); Spearman -0.51; same macro theme; PCA loading signal 0.28; model importance signal 0.03,0.07730861399551878,7.730861399551878
BOC,gdp_growth,retail_sales_mom,Retail Sales (MoM),retail_sales_ex_autos_mom,Retail Sales Ex Autos (MoM),Growth,2,70,0.9446829115549439,0.8454329681433415,0.9446829115549439,0.8454329681433415,positive,True,0.2768860914433692,0.0382714500861866,0.9722222222222222,0.7260593322918318,currency_positive,strong positive Pearson correlation (0.94); Spearman 0.85; same macro theme; PCA loading signal 0.28; model importance signal 0.04,0.07714518482755607,7.714518482755607
ECB,unemployment,unemployment_rate,Unemployment Rate,consumer_confidence,Consumer Confidence,Sentiment,2,75,0.31794560674617794,0.12021319461796248,0.31794560674617794,0.12021319461796248,positive,False,0.3070804442109299,0.021380910250713,1.0,0.27833555564803447,currency_negative,weak positive Pearson correlation (0.32); Spearman 0.12; PCA loading signal 0.31; model importance signal 0.02,0.07668029329284536,7.668029329284535
RBNZ,gdp_growth,balance_of_trade,Balance of Trade,unemployment_rate,Unemployment Rate,Labor,1,24,0.38555025598359655,0.4136892964437137,0.38555025598359655,0.4136892964437137,positive,False,0.3784887413353238,0.0229660827862008,0.3333333333333333,0.30376847693116743,currency_positive,weak positive Pearson correlation (0.39); Spearman 0.41; PCA loading signal 0.38; model importance signal 0.02,0.07579382050044572,7.579382050044573
BOC,unemployment,unemployment_rate,Unemployment Rate,cpi_headline_yoy,Headline CPI (YoY),Inflation,1,76,-0.7034072156550026,-0.774756485001441,0.7034072156550026,0.774756485001441,negative,False,0.3886655144833463,0.1197975739411178,1.0,0.5562988418737814,currency_positive,strong negative Pearson correlation (-0.70); Spearman -0.77; PCA loading signal 0.39; model importance signal 0.12,0.0744214952392022,7.442149523920221
SNB,unemployment,unemployment_rate,Unemployment Rate,balance_of_trade,Balance of Trade,Growth,2,76,0.18225637910553774,0.21557552107759967,0.18225637910553774,0.21557552107759967,positive,False,0.2539915897582966,0.0157119836421047,1.0,0.24618154132283246,currency_negative,weak positive Pearson correlation (0.18); Spearman 0.22; PCA loading signal 0.25; model importance signal 0.02,0.07394511711460965,7.394511711460964
RBNZ,inflation,cpi_headline_yoy,Headline CPI (YoY),imports,Imports,Growth,2,25,0.4439285602399812,0.3992683713815185,0.4439285602399812,0.3992683713815185,positive,False,0.3937952279188587,0.0310562767632106,0.3472222222222222,0.3239171726456606,policy_tightening_positive_but_regime_dependent,moderate positive Pearson correlation (0.44); Spearman 0.40; PCA loading signal 0.39; model importance signal 0.03,0.07349040357294798,7.349040357294798
BOC,unemployment,unemployment_rate,Unemployment Rate,exports,Exports,Trade,2,75,-0.7875321295728707,-0.5999147980996693,0.7875321295728707,0.5999147980996693,negative,False,0.2886449814289138,0.2052364482131246,1.0,0.5430888913452308,currency_positive,strong negative Pearson correlation (-0.79); Spearman -0.60; PCA loading signal 0.29; model importance signal 0.21,0.07265427194774389,7.265427194774389
SNB,unemployment,unemployment_rate,Unemployment Rate,cpi_headline_mom,Headline CPI (MoM),Inflation,2,57,-0.19298552039420772,-0.19141561909196717,0.19298552039420772,0.19141561909196717,negative,False,0.3152657194908059,0.0343057008385015,0.7916666666666666,0.2379252452542127,currency_positive,weak negative Pearson correlation (-0.19); Spearman -0.19; PCA loading signal 0.32; model importance signal 0.03,0.07146518796782453,7.146518796782453
SNB,inflation,cpi_headline_yoy,Headline CPI (YoY),retail_sales_mom,Retail Sales (MoM),Growth,2,73,-0.04701817253752992,0.1743456637385698,0.04701817253752992,0.1743456637385698,negative,False,0.7011432682807085,0.0181891302805581,1.0,0.27827252494719534,disinflationary_or_growth_sensitive,weak negative Pearson correlation (-0.05); Spearman 0.17; PCA loading signal 0.70; model importance signal 0.02,0.07131696410224211,7.131696410224212
SNB,inflation,cpi_headline_yoy,Headline CPI (YoY),retail_sales_yoy,Retail Sales (YoY),Growth,2,72,-0.10537930702745656,-0.2512755230007859,0.10537930702745656,0.2512755230007859,negative,False,0.5032961671292822,0.0335679069425691,1.0,0.2781687509719017,disinflationary_or_growth_sensitive,weak negative Pearson correlation (-0.11); Spearman -0.25; PCA loading signal 0.50; model importance signal 0.03,0.0712903684299882,7.12903684299882
ECB,gdp_growth,gdp_qoq,GDP (QoQ),consumer_inflation_expectation,Consumer Inflation Expectation,Inflation,2,23,-0.07309734965220116,0.0838743294435941,0.07309734965220116,0.0838743294435941,negative,False,0.5136478377762088,0.0188845984614815,0.3194444444444444,0.16631550776699305,currency_negative,weak negative Pearson correlation (-0.07); Spearman 0.08; PCA loading signal 0.51; model importance signal 0.02,0.07087800847849857,7.087800847849857
RBNZ,inflation,cpi_headline_yoy,Headline CPI (YoY),balance_of_trade,Balance of Trade,Growth,2,25,-0.5016265424346938,-0.3701139507331991,0.5016265424346938,0.3701139507331991,negative,False,0.227155757833053,0.055144889755238,0.3472222222222222,0.30949564276761016,disinflationary_or_growth_sensitive,moderate negative Pearson correlation (-0.50); Spearman -0.37; PCA loading signal 0.23; model importance signal 0.06,0.07021844351531732,7.021844351531732
SNB,gdp_growth,gdp_qoq,GDP (QoQ),cpi_headline_mom,Headline CPI (MoM),Inflation,2,18,0.23014634044852147,0.27839505458128516,0.23014634044852147,0.27839505458128516,positive,False,0.3152657194908059,0.023908853843775,0.25,0.2105352477126003,currency_positive,weak positive Pearson correlation (0.23); Spearman 0.28; PCA loading signal 0.32; model importance signal 0.02,0.0698070786695182,6.98070786695182
RBNZ,inflation,cpi_headline_yoy,Headline CPI (YoY),employment_change_qoq,Employment Change (QoQ),Labor,1,22,0.36853928563191884,0.38304521936963415,0.36853928563191884,0.38304521936963415,positive,False,0.4463998715192522,0.0158667347146446,0.3055555555555556,0.30077570689401306,policy_tightening_positive_but_regime_dependent,weak positive Pearson correlation (0.37); Spearman 0.38; PCA loading signal 0.45; model importance signal 0.02,0.06824006243336742,6.824006243336742
ECB,gdp_growth,gdp_qoq,GDP (QoQ),cpi_headline_yoy,Headline HICP (YoY),Inflation,1,23,0.024381843443353507,0.14734006834008223,0.024381843443353507,0.14734006834008223,positive,False,0.4592560903435156,0.0455404853214193,0.3194444444444444,0.15913498991194103,currency_positive,weak positive Pearson correlation (0.02); Spearman 0.15; PCA loading signal 0.46; model importance signal 0.05,0.06781791617415729,6.781791617415729
SNB,gdp_growth,gdp_qoq,GDP (QoQ),cpi_headline_yoy,Headline CPI (YoY),Inflation,1,21,0.1140874000769433,0.19652306714116755,0.1140874000769433,0.19652306714116755,positive,False,0.5163344998946099,0.0459746867157281,0.2916666666666667,0.20345340684068675,currency_positive,weak positive Pearson correlation (0.11); Spearman 0.20; PCA loading signal 0.52; model importance signal 0.05,0.06745895583383262,6.745895583383262
ECB,inflation,core_cpi_yoy,Core HICP (YoY),consumer_inflation_expectation,Consumer Inflation Expectation,Inflation,2,76,0.009280283319297566,-0.029392215640428834,0.009280283319297566,0.029392215640428834,positive,True,0.5136478377762088,0.026114479957927,1.0,0.3255586005164402,policy_tightening_positive_but_regime_dependent,weak positive Pearson correlation (0.01); Spearman -0.03; same macro theme; PCA loading signal 0.51; model importance signal 0.03,0.06739302468171661,6.739302468171661
ECB,inflation,core_cpi_yoy,Core HICP (YoY),manufacturing_pmi,Manufacturing PMI,Growth,2,68,-0.30771715807820793,-0.3963494558573991,0.30771715807820793,0.3963494558573991,negative,False,0.3022947039742371,0.0130536993573064,0.9444444444444444,0.3226616586454914,disinflationary_or_growth_sensitive,weak negative Pearson correlation (-0.31); Spearman -0.40; PCA loading signal 0.30; model importance signal 0.01,0.06679333640838994,6.679333640838994
BOC,gdp_growth,retail_sales_mom,Retail Sales (MoM),gdp_mom,GDP (MoM),Growth,1,68,0.8962279805045784,0.4480534564698185,0.8962279805045784,0.4480534564698185,positive,True,0.3029410682734002,0.0,0.9444444444444444,0.6274529221789937,currency_positive,strong positive Pearson correlation (0.90); Spearman 0.45; same macro theme; PCA loading signal 0.30,0.06666806622992728,6.666806622992729
ECB,unemployment,unemployment_rate,Unemployment Rate,construction_output_yoy,Construction Output (YoY),Growth,2,75,0.07924160122917913,-0.05228488322374698,0.07924160122917913,0.05228488322374698,positive,False,0.5252143092080225,0.0219811542781978,1.0,0.23250482889824078,currency_negative,weak positive Pearson correlation (0.08); Spearman -0.05; PCA loading signal 0.53; model importance signal 0.02,0.06405411780902606,6.4054117809026065
BOC,unemployment,unemployment_rate,Unemployment Rate,budget_balance,Budget Balance,Growth,3,73,-0.6927581555027283,-0.5917427504474639,0.6927581555027283,0.5917427504474639,negative,False,0.2516379907446192,0.0409054449991145,1.0,0.47842476072419227,currency_positive,moderate negative Pearson correlation (-0.69); Spearman -0.59; PCA loading signal 0.25; model importance signal 0.04,0.06400352359645999,6.400352359645998
RBA,inflation,cpi_headline_yoy,Headline CPI (YoY),rba_trimmed_mean_cpi_yoy,RBA Trimmed Mean CPI (YoY),Inflation,1,25,0.9285343013664851,0.9013487475915222,0.9285343013664851,0.9013487475915222,positive,True,0.2722453031235465,0.0235614952446904,0.3472222222222222,0.6665618709043079,policy_tightening_positive_but_regime_dependent,strong positive Pearson correlation (0.93); Spearman 0.90; same macro theme; PCA loading signal 0.27; model importance signal 0.02,0.06340709730456194,6.340709730456194
RBA,inflation,cpi_headline_yoy,Headline CPI (YoY),rba_weighted_median_cpi_qoq,RBA Weighted Median CPI (QoQ),Inflation,1,24,0.9187466941855446,0.9030010074684027,0.9187466941855446,0.9030010074684027,positive,True,0.2903748810399528,0.0144852457647691,0.3333333333333333,0.6642875134498796,policy_tightening_positive_but_regime_dependent,strong positive Pearson correlation (0.92); Spearman 0.90; same macro theme; PCA loading signal 0.29; model importance signal 0.01,0.06319074768915019,6.319074768915018
BOJ,inflation,cpi_headline_yoy,Headline CPI (YoY),core_cpi_yoy,Core CPI (YoY),Inflation,1,73,0.9641675761607629,0.9436265156097812,0.9641675761607629,0.9436265156097812,positive,True,0.2359210660315635,0.042920282812916,1.0,0.7477378159340622,policy_tightening_positive_but_regime_dependent,strong positive Pearson correlation (0.96); Spearman 0.94; same macro theme; PCA loading signal 0.24; model importance signal 0.04,0.06299023408892285,6.2990234088922845
RBA,inflation,cpi_headline_yoy,Headline CPI (YoY),rba_trimmed_mean_cpi_qoq,RBA Trimmed Mean CPI (QoQ),Inflation,1,25,0.9147405091064488,0.8935504092161578,0.9147405091064488,0.8935504092161578,positive,True,0.2827402185054314,0.0,0.3472222222222222,0.658747696128366,policy_tightening_positive_but_regime_dependent,strong positive Pearson correlation (0.91); Spearman 0.89; same macro theme; PCA loading signal 0.28,0.06266376924755683,6.266376924755683
SNB,inflation,cpi_headline_yoy,Headline CPI (YoY),balance_of_trade,Balance of Trade,Growth,2,74,-0.19498004909852337,-0.1591941553020727,0.19498004909852337,0.1591941553020727,negative,False,0.2539915897582966,0.0472409489013103,1.0,0.24408229325968772,disinflationary_or_growth_sensitive,weak negative Pearson correlation (-0.19); Spearman -0.16; PCA loading signal 0.25; model importance signal 0.05,0.0625545340837988,6.255453408379879
ECB,gdp_growth,gdp_qoq,GDP (QoQ),unemployment_rate,Unemployment Rate,Labor,1,23,0.12021064343820698,-0.03581267329938191,0.12021064343820698,0.03581267329938191,positive,False,0.3711035434790552,0.0249043249307593,0.3194444444444444,0.14620254520024195,currency_positive,weak positive Pearson correlation (0.12); Spearman -0.04; PCA loading signal 0.37; model importance signal 0.02,0.06230654842360628,6.230654842360628
BOC,gdp_growth,retail_sales_mom,Retail Sales (MoM),manufacturing_sales_mom,Manufacturing Sales (MoM),Growth,2,71,0.8729672040528339,0.2221532287896352,0.8729672040528339,0.2221532287896352,positive,True,0.2961141172266595,0.037549217549384,0.9861111111111112,0.5846158261690823,currency_positive,strong positive Pearson correlation (0.87); Spearman 0.22; same macro theme; PCA loading signal 0.30; model importance signal 0.04,0.06211654331412223,6.211654331412223
BOC,inflation,core_cpi_yoy,Core CPI (YoY),ppi_yoy,PPI (YoY),Inflation,2,75,0.5668323810651925,0.5194220579467554,0.5668323810651925,0.5194220579467554,positive,True,0.2850960545906697,0.048912388805639,1.0,0.553566521832188,policy_tightening_positive_but_regime_dependent,moderate positive Pearson correlation (0.57); Spearman 0.52; same macro theme; PCA loading signal 0.29; model importance signal 0.05,0.061888155371358396,6.18881553713584
BOC,gdp_growth,retail_sales_mom,Retail Sales (MoM),wholesale_sales_mom,Wholesale Sales (MoM),Growth,2,72,0.8482296645382541,0.26068444943826424,0.8482296645382541,0.26068444943826424,positive,True,0.2825079123473913,0.0292985084068425,1.0,0.5824379599008227,currency_positive,strong positive Pearson correlation (0.85); Spearman 0.26; same macro theme; PCA loading signal 0.28; model importance signal 0.03,0.061885140881397835,6.188514088139783
RBA,inflation,cpi_headline_yoy,Headline CPI (YoY),producer_price_index_yoy,Producer Price Index (YoY),Inflation,2,25,0.8682017160814696,0.8789514916808439,0.8682017160814696,0.8789514916808439,positive,True,0.2956188215830626,0.0336437464436753,0.3472222222222222,0.649903860163208,policy_tightening_positive_but_regime_dependent,strong positive Pearson correlation (0.87); Spearman 0.88; same macro theme; PCA loading signal 0.30; model importance signal 0.03,0.06182249405306124,6.182249405306124
RBNZ,unemployment,unemployment_rate,Unemployment Rate,capacity_utilization,Capacity Utilization,Growth,3,25,-0.26866230366690413,-0.39015630134187357,0.26866230366690413,0.39015630134187357,negative,False,0.4462103334839835,0.0349221096367474,0.3472222222222222,0.27960679225603224,currency_positive,weak negative Pearson correlation (-0.27); Spearman -0.39; PCA loading signal 0.45; model importance signal 0.03,0.06148259784368694,6.148259784368694
BOE,inflation,core_cpi_yoy,Core CPI (YoY),retail_price_index_yoy,Retail Price Index (YoY),Inflation,3,76,0.9021028023622285,0.9084988721593643,0.9021028023622285,0.9084988721593643,positive,True,0.2535130341110903,0.0443457622552597,1.0,0.7255017408639317,policy_tightening_positive_but_regime_dependent,strong positive Pearson correlation (0.90); Spearman 0.91; same macro theme; PCA loading signal 0.25; model importance signal 0.04,0.060794869478766875,6.0794869478766875
BOE,inflation,core_cpi_yoy,Core CPI (YoY),cpi_headline_yoy,Headline CPI (YoY),Inflation,1,76,0.9122671361276945,0.9268714555826572,0.9122671361276945,0.9268714555826572,positive,True,0.2486118719189385,0.0,1.0,0.7238045689002487,policy_tightening_positive_but_regime_dependent,strong positive Pearson correlation (0.91); Spearman 0.93; same macro theme; PCA loading signal 0.25,0.06065265155949315,6.065265155949315
RBA,inflation,cpi_headline_yoy,Headline CPI (YoY),rba_weighted_median_cpi_yoy,RBA Weighted Median CPI (YoY),Inflation,1,24,0.8721909035058992,0.8771845064988486,0.8721909035058992,0.8771845064988486,positive,True,0.2612950537863377,0.0,0.3333333333333333,0.6374606153664136,policy_tightening_positive_but_regime_dependent,strong positive Pearson correlation (0.87); Spearman 0.88; same macro theme; PCA loading signal 0.26,0.06063882293706353,6.063882293706353
BOC,unemployment,unemployment_rate,Unemployment Rate,imports,Imports,Trade,2,75,-0.7133939299456565,-0.31092597873289934,0.7133939299456565,0.31092597873289934,negative,False,0.3276857085120525,0.0,1.0,0.4351868022624463,currency_positive,strong negative Pearson correlation (-0.71); Spearman -0.31; PCA loading signal 0.33,0.058219162246767035,5.821916224676704
BOJ,inflation,cpi_headline_yoy,Headline CPI (YoY),cpi_ex_food_energy_yoy,CPI Ex Food and Energy (YoY),Inflation,1,75,0.8443729603208106,0.7864620883927029,0.8443729603208106,0.7864620883927029,positive,True,0.299368559399061,0.0131739085000601,1.0,0.686730210911625,policy_tightening_positive_but_regime_dependent,strong positive Pearson correlation (0.84); Spearman 0.79; same macro theme; PCA loading signal 0.30; model importance signal 0.01,0.05785088813145326,5.785088813145326
BOJ,gdp_growth,gdp_qoq,GDP (QoQ),capacity_utilization,Capacity Utilization,Growth,2,23,0.7716703300996114,0.5002476472289694,0.7716703300996114,0.5002476472289694,positive,True,0.3302692824483402,0.0229257541954858,0.3194444444444444,0.5468409219740555,currency_positive,strong positive Pearson correlation (0.77); Spearman 0.50; same macro theme; PCA loading signal 0.33; model importance signal 0.02,0.05761600411957536,5.761600411957536
BOJ,gdp_growth,gdp_qoq,GDP (QoQ),tertiary_industry_index_mom,Tertiary Industry Index (MoM),Growth,2,24,0.7051276770984002,0.5107963778789648,0.7051276770984002,0.5107963778789648,positive,True,0.3431737002512582,0.0413406068636788,0.3333333333333333,0.5358300812506982,currency_positive,strong positive Pearson correlation (0.71); Spearman 0.51; same macro theme; PCA loading signal 0.34; model importance signal 0.04,0.05645588493502933,5.645588493502933
BOJ,gdp_growth,gdp_qoq,GDP (QoQ),machinery_orders_mom,Machinery Orders (MoM),Growth,2,24,0.6372626136562074,0.6119698944008043,0.6372626136562074,0.6119698944008043,positive,True,0.0,0.3933786162048102,0.3333333333333333,0.5337804610651742,currency_positive,moderate positive Pearson correlation (0.64); Spearman 0.61; same macro theme; model importance signal 0.39,0.05623993378670192,5.623993378670192
BOC,inflation,core_cpi_yoy,Core CPI (YoY),unemployment_rate,Unemployment Rate,Labor,1,76,-0.6459093791012588,-0.7098731046438465,0.6459093791012588,0.7098731046438465,negative,False,0.3419538347147182,0.0232162693763409,1.0,0.5012458907017742,disinflationary_or_growth_sensitive,moderate negative Pearson correlation (-0.65); Spearman -0.71; PCA loading signal 0.34; model importance signal 0.02,0.056038763797226714,5.603876379722672
BOE,gdp_growth,gdp_yoy,GDP (YoY),industrial_production_yoy,Industrial Production (YoY),Growth,2,73,0.9296197876439971,0.732025230576658,0.9296197876439971,0.732025230576658,positive,True,0.3013040413071897,0.0310861648242111,1.0,0.7048103578639409,currency_positive,strong positive Pearson correlation (0.93); Spearman 0.73; same macro theme; PCA loading signal 0.30; model importance signal 0.03,0.054691355291827275,5.4691355291827275
BOJ,unemployment,unemployment_rate,Unemployment Rate,cpi_headline_yoy,Headline CPI (YoY),Inflation,1,74,-0.6467461333494563,-0.6033538476404748,0.6467461333494563,0.6033538476404748,negative,False,0.2423028146893594,0.0942238272972632,1.0,0.47432716681755127,currency_positive,moderate negative Pearson correlation (-0.65); Spearman -0.60; PCA loading signal 0.24; model importance signal 0.09,0.05369508518382423,5.369508518382423
BOC,gdp_growth,retail_sales_mom,Retail Sales (MoM),employment_change,Employment Change,Labor,1,72,0.8423084220618444,0.4234108147175056,0.8423084220618444,0.4234108147175056,positive,False,0.3072153942361847,0.0501041257849389,1.0,0.5011911619080073,currency_positive,strong positive Pearson correlation (0.84); Spearman 0.42; PCA loading signal 0.31; model importance signal 0.05,0.053252514084882005,5.3252514084882
BOJ,gdp_growth,gdp_qoq,GDP (QoQ),industrial_production_mom,Industrial Production (MoM),Growth,2,24,0.7218127462139565,0.38101466869145345,0.7218127462139565,0.38101466869145345,positive,True,0.2989540259049987,0.0146907737818489,0.3333333333333333,0.502389247141625,currency_positive,strong positive Pearson correlation (0.72); Spearman 0.38; same macro theme; PCA loading signal 0.30; model importance signal 0.01,0.05293250700487177,5.293250700487177
FED,inflation,core_cpi_yoy,Core CPI (YoY),core_pce_price_index_yoy,Core PCE Price Index (YoY),Inflation,1,34,0.9714440755849147,0.9677593302207639,0.9714440755849147,0.9677593302207639,positive,True,0.1842462934205236,0.0209030160422452,0.4722222222222222,0.6889251564847253,policy_tightening_positive_but_regime_dependent,strong positive Pearson correlation (0.97); Spearman 0.97; same macro theme; PCA loading signal 0.18; model importance signal 0.02,0.052810792901715545,5.281079290171554
BOC,inflation,core_cpi_yoy,Core CPI (YoY),raw_materials_prices_yoy,Raw Materials Prices (YoY),Inflation,3,75,0.40373858789627476,0.4195700479102324,0.40373858789627476,0.4195700479102324,positive,True,0.2611480041221345,0.0,1.0,0.47204222669291307,policy_tightening_positive_but_regime_dependent,moderate positive Pearson correlation (0.40); Spearman 0.42; same macro theme; PCA loading signal 0.26,0.05277382485256048,5.277382485256048
RBA,inflation,cpi_headline_yoy,Headline CPI (YoY),consumer_inflation_expectation,Consumer Inflation Expectation,Inflation,2,28,0.7179033403810899,0.6783508294819224,0.7179033403810899,0.6783508294819224,positive,True,0.2264625412710353,0.0109944743528494,0.3888888888888889,0.552562374968371,policy_tightening_positive_but_regime_dependent,strong positive Pearson correlation (0.72); Spearman 0.68; same macro theme; PCA loading signal 0.23; model importance signal 0.01,0.05256282695697305,5.256282695697305
FED,unemployment,unemployment_rate,Unemployment Rate,participation_rate,Labor Force Participation Rate,Labor,2,36,-0.8345479196448111,-0.6795835920140351,0.8345479196448111,0.6795835920140351,negative,True,0.2385193763975871,0.0605259359309591,0.5,0.6095039911560791,currency_positive,strong negative Pearson correlation (-0.83); Spearman -0.68; same macro theme; PCA loading signal 0.24; model importance signal 0.06,0.052373028413788804,5.23730284137888
BOJ,inflation,cpi_headline_yoy,Headline CPI (YoY),cpi_index,Consumer Price Index,Inflation,2,69,0.7308599180842275,0.7027764126647563,0.7308599180842275,0.7027764126647563,positive,True,0.2118882974725932,0.0423228829878857,0.9583333333333334,0.6209813749445602,policy_tightening_positive_but_regime_dependent,strong positive Pearson correlation (0.73); Spearman 0.70; same macro theme; PCA loading signal 0.21; model importance signal 0.04,0.052312135803585416,5.231213580358542
RBA,gdp_growth,retail_sales_mom,Retail Sales (MoM),cpi_headline_qoq,Headline CPI (QoQ),Inflation,1,20,0.8196148779477881,0.5754149449275958,0.8196148779477881,0.5754149449275958,positive,False,0.2075938071214254,0.0966682879929342,0.2777777777777778,0.44254572438828876,currency_positive,strong positive Pearson correlation (0.82); Spearman 0.58; PCA loading signal 0.21; model importance signal 0.10,0.051893261040654004,5.1893261040654
FED,inflation,core_cpi_yoy,Core CPI (YoY),cpi_headline_yoy,Headline CPI (YoY),Inflation,1,36,0.93238459796953,0.9405053578217105,0.93238459796953,0.9405053578217105,positive,True,0.196814318781092,0.0,0.5,0.6732430283357976,policy_tightening_positive_but_regime_dependent,strong positive Pearson correlation (0.93); Spearman 0.94; same macro theme; PCA loading signal 0.20,0.051608651255216464,5.160865125521647
FED,inflation,core_cpi_yoy,Core CPI (YoY),pce_price_index_yoy,PCE Price Index (YoY),Inflation,1,34,0.9375989633372208,0.9331139757668044,0.9375989633372208,0.9331139757668044,positive,True,0.1851021978209598,0.0,0.4722222222222222,0.6684431019845222,policy_tightening_positive_but_regime_dependent,strong positive Pearson correlation (0.94); Spearman 0.93; same macro theme; PCA loading signal 0.19,0.05124070429596456,5.124070429596457
RBA,gdp_growth,retail_sales_mom,Retail Sales (MoM),leading_index_mom,Leading Index (MoM),Growth,3,55,0.4417679153823937,0.23323629588858064,0.4417679153823937,0.23323629588858064,positive,True,0.2402822581941646,0.0934177072438935,0.7638888888888888,0.4346983393877346,currency_positive,moderate positive Pearson correlation (0.44); Spearman 0.23; same macro theme; PCA loading signal 0.24; model importance signal 0.09,0.050973070479818375,5.097307047981838
RBA,inflation,cpi_headline_yoy,Headline CPI (YoY),producer_price_index_qoq,Producer Price Index (QoQ),Inflation,2,25,0.6539528798315901,0.6470846556469548,0.6539528798315901,0.6470846556469548,positive,True,0.2564639821788557,0.0346495841330291,0.3472222222222222,0.5323789633958992,policy_tightening_positive_but_regime_dependent,moderate positive Pearson correlation (0.65); Spearman 0.65; same macro theme; PCA loading signal 0.26; model importance signal 0.03,0.05064286783933329,5.064286783933329
FED,inflation,core_cpi_yoy,Core CPI (YoY),consumer_inflation_expectations,Consumer Inflation Expectations,Inflation,2,36,0.8694858285059959,0.8868317204320301,0.8694858285059959,0.8868317204320301,positive,True,0.2019174675314049,0.0701941301463903,0.5,0.656490238918744,policy_tightening_positive_but_regime_dependent,strong positive Pearson correlation (0.87); Spearman 0.89; same macro theme; PCA loading signal 0.20; model importance signal 0.07,0.05032443614984212,5.032443614984212
BOJ,unemployment,unemployment_rate,Unemployment Rate,coincident_index,Coincident Index,Growth,2,75,-0.591864972616185,-0.5686419387657453,0.591864972616185,0.5686419387657453,negative,False,0.2030862697210742,0.053056658084149,1.0,0.4368630399621032,currency_positive,moderate negative Pearson correlation (-0.59); Spearman -0.57; PCA loading signal 0.20; model importance signal 0.05,0.04945404730202259,4.945404730202259
BOE,unemployment,unemployment_rate,Unemployment Rate,retail_price_index_yoy,Retail Price Index (YoY),Inflation,3,75,-0.6191658332230272,-0.5533172729207125,0.6191658332230272,0.5533172729207125,negative,False,0.2535130341110903,0.1993864761467162,1.0,0.47594125163598866,currency_positive,moderate negative Pearson correlation (-0.62); Spearman -0.55; PCA loading signal 0.25; model importance signal 0.20,0.04860355545310727,4.8603555453107266
BOC,gdp_growth,retail_sales_mom,Retail Sales (MoM),part_time_employment_change,Part-Time Employment Change,Labor,1,72,0.726363706464319,0.41926357198108094,0.726363706464319,0.41926357198108094,positive,False,0.2598300173507031,0.0521046221473226,1.0,0.45738901522368336,currency_positive,strong positive Pearson correlation (0.73); Spearman 0.42; PCA loading signal 0.26; model importance signal 0.05,0.04859845269965118,4.859845269965118
RBA,inflation,cpi_headline_yoy,Headline CPI (YoY),cpi_headline_qoq,Headline CPI (QoQ),Inflation,1,26,0.6391010910413403,0.5830197255871099,0.6391010910413403,0.5830197255871099,positive,True,0.2075938071214254,0.0428165338892506,0.3611111111111111,0.5090910795839643,policy_tightening_positive_but_regime_dependent,moderate positive Pearson correlation (0.64); Spearman 0.58; same macro theme; PCA loading signal 0.21; model importance signal 0.04,0.04842759394003659,4.842759394003659
BOJ,unemployment,unemployment_rate,Unemployment Rate,cpi_ex_food_energy_yoy,CPI Ex Food and Energy (YoY),Inflation,1,74,-0.5448170361976663,-0.5071913531411635,0.5448170361976663,0.5071913531411635,negative,False,0.299368559399061,0.0151457872828936,1.0,0.42134450601745543,currency_positive,moderate negative Pearson correlation (-0.54); Spearman -0.51; PCA loading signal 0.30; model importance signal 0.02,0.04769730836658134,4.769730836658134
RBA,unemployment,unemployment_rate,Unemployment Rate,producer_price_index_yoy,Producer Price Index (YoY),Inflation,2,24,-0.9212520148338865,-0.8558739815950305,0.9212520148338865,0.8558739815950305,negative,False,0.2956188215830626,0.1289096105408953,0.3333333333333333,0.5560097557794089,currency_positive,strong negative Pearson correlation (-0.92); Spearman -0.86; PCA loading signal 0.30; model importance signal 0.13,0.04759465217772621,4.759465217772621
BOC,gdp_growth,retail_sales_mom,Retail Sales (MoM),full_time_employment_change,Full-Time Employment Change,Labor,1,72,0.8016827523861862,0.2709964350437472,0.8016827523861862,0.2709964350437472,positive,False,0.2939698828103399,0.0,1.0,0.4476186916304664,currency_positive,strong positive Pearson correlation (0.80); Spearman 0.27; PCA loading signal 0.29,0.04756033723731759,4.756033723731759
BOC,inflation,core_cpi_yoy,Core CPI (YoY),core_cpi_mom,Core CPI (MoM),Inflation,2,45,0.3815391131756947,0.3244457088498188,0.3815391131756947,0.3244457088498188,positive,True,0.3347891241472648,0.0189537532211449,0.625,0.42533505611677447,policy_tightening_positive_but_regime_dependent,weak positive Pearson correlation (0.38); Spearman 0.32; same macro theme; PCA loading signal 0.33; model importance signal 0.02,0.047552012268943136,4.755201226894314
FED,unemployment,unemployment_rate,Unemployment Rate,government_payrolls,Government Payrolls,Labor,2,36,-0.9179791207602107,-0.48977728195136355,0.9179791207602107,0.48977728195136355,negative,True,0.0,0.0137783229247161,0.5,0.5456915075155375,currency_positive,strong negative Pearson correlation (-0.92); Spearman -0.49; same macro theme; model importance signal 0.01,0.04688979439505586,4.688979439505586
BOC,unemployment,unemployment_rate,Unemployment Rate,balance_of_trade,Balance of Trade,Trade,2,75,-0.35634718013785976,-0.4535218136116389,0.35634718013785976,0.4535218136116389,negative,False,0.2338486366816714,0.0462326768843582,1.0,0.3475608264367275,currency_positive,weak negative Pearson correlation (-0.36); Spearman -0.45; PCA loading signal 0.23; model importance signal 0.05,0.046496585006126676,4.649658500612667
BOC,unemployment,unemployment_rate,Unemployment Rate,full_time_employment_change,Full-Time Employment Change,Labor,1,76,-0.1714013753085362,0.09004772245957475,0.1714013753085362,0.09004772245957475,negative,True,0.2939698828103399,0.0225036390892496,1.0,0.3461701546355094,currency_positive,weak negative Pearson correlation (-0.17); Spearman 0.09; same macro theme; PCA loading signal 0.29; model importance signal 0.02,0.046310541342104224,4.631054134210422
BOE,unemployment,unemployment_rate,Unemployment Rate,hmrc_payrolls_change,HMRC Payrolls Change,Labor,2,40,-0.3782643418787238,-0.47781234509658,0.3782643418787238,0.47781234509658,negative,True,0.3342432743865316,0.0409057347432347,0.5555555555555556,0.4517150914344143,currency_positive,weak negative Pearson correlation (-0.38); Spearman -0.48; same macro theme; PCA loading signal 0.33; model importance signal 0.04,0.046129557839482374,4.612955783948237
BOC,inflation,core_cpi_yoy,Core CPI (YoY),balance_of_trade,Balance of Trade,Trade,2,75,0.5091802690711111,0.5425994051164706,0.5091802690711111,0.5425994051164706,positive,False,0.2338486366816714,0.0320809841179821,1.0,0.4088204836473853,policy_tightening_positive_but_regime_dependent,moderate positive Pearson correlation (0.51); Spearman 0.54; PCA loading signal 0.23; model importance signal 0.03,0.045705700422817894,4.57057004228179
BOJ,inflation,cpi_headline_yoy,Headline CPI (YoY),coincident_index,Coincident Index,Growth,2,74,0.7317985623910735,0.6987475827507356,0.7317985623910735,0.6987475827507356,positive,False,0.2030862697210742,0.2728273529254304,1.0,0.5422252638145857,policy_tightening_positive_but_regime_dependent,strong positive Pearson correlation (0.73); Spearman 0.70; PCA loading signal 0.20; model importance signal 0.27,0.045677636691335385,4.567763669133538
BOE,inflation,core_cpi_yoy,Core CPI (YoY),ppi_core_output_yoy,PPI Core Output (YoY),Inflation,3,67,0.5967699941905834,0.4816014408463229,0.5967699941905834,0.4816014408463229,positive,True,0.2791065365445043,0.0288847236556679,0.9305555555555556,0.5435564215814694,policy_tightening_positive_but_regime_dependent,moderate positive Pearson correlation (0.60); Spearman 0.48; same macro theme; PCA loading signal 0.28; model importance signal 0.03,0.045548397533878154,4.5548397533878155
BOC,unemployment,unemployment_rate,Unemployment Rate,manufacturing_pmi,Manufacturing PMI,Growth,2,49,-0.4106409510171976,-0.39871672851492407,0.4106409510171976,0.39871672851492407,negative,False,0.3679183096955488,0.0083259051801587,0.6805555555555556,0.33863188618952544,currency_positive,moderate negative Pearson correlation (-0.41); Spearman -0.40; PCA loading signal 0.37; model importance signal 0.01,0.04530207400937533,4.530207400937533
BOC,gdp_growth,retail_sales_mom,Retail Sales (MoM),ivey_pmi_sa,Ivey PMI s.a.,Growth,2,70,0.35558682314845863,0.2709947799451047,0.35558682314845863,0.2709947799451047,positive,True,0.2313669662300276,0.027771850849658,0.9722222222222222,0.4244644937216276,currency_positive,weak positive Pearson correlation (0.36); Spearman 0.27; same macro theme; PCA loading signal 0.23; model importance signal 0.03,0.04510015967638346,4.510015967638346
RBA,unemployment,unemployment_rate,Unemployment Rate,rba_weighted_median_cpi_yoy,RBA Weighted Median CPI (YoY),Inflation,1,23,-0.8481459345249305,-0.9420938182514395,0.8481459345249305,0.9420938182514395,negative,False,0.2612950537863377,0.0255937404332164,0.3194444444444444,0.526191034007399,currency_positive,strong negative Pearson correlation (-0.85); Spearman -0.94; PCA loading signal 0.26; model importance signal 0.03,0.04504215795191219,4.504215795191219
BOE,unemployment,unemployment_rate,Unemployment Rate,retail_sales_ex_fuel_yoy,Retail Sales Ex Fuel (YoY),Growth,2,75,0.490134502215253,0.6305008709507975,0.490134502215253,0.6305008709507975,positive,False,0.3326698618140483,0.0282169587347584,1.0,0.437817982966173,currency_negative,moderate positive Pearson correlation (0.49); Spearman 0.63; PCA loading signal 0.33; model importance signal 0.03,0.0447103724258368,4.47103724258368
BOC,inflation,core_cpi_yoy,Core CPI (YoY),exports,Exports,Trade,2,75,0.503703637614988,0.4659664420581625,0.503703637614988,0.4659664420581625,positive,False,0.2886449814289138,0.0158658033638697,1.0,0.3989576629251912,policy_tightening_positive_but_regime_dependent,moderate positive Pearson correlation (0.50); Spearman 0.47; PCA loading signal 0.29; model importance signal 0.02,0.044603047431385656,4.460304743138566
FED,inflation,core_cpi_yoy,Core CPI (YoY),core_ppi_yoy,Core PPI (YoY),Inflation,2,34,0.7865392165518711,0.7275579725904584,0.7865392165518711,0.7275579725904584,positive,True,0.173587180509985,0.0,0.4722222222222222,0.5799412741976726,policy_tightening_positive_but_regime_dependent,strong positive Pearson correlation (0.79); Spearman 0.73; same macro theme; PCA loading signal 0.17,0.044456438030347024,4.445643803034702
BOE,unemployment,unemployment_rate,Unemployment Rate,cpi_headline_yoy,Headline CPI (YoY),Inflation,1,75,-0.6037286030871222,-0.5459452091886944,0.6037286030871222,0.5459452091886944,negative,False,0.2486118719189385,0.0,1.0,0.4350577597092844,currency_positive,moderate negative Pearson correlation (-0.60); Spearman -0.55; PCA loading signal 0.25,0.044428495905009927,4.442849590500993
BOC,inflation,core_cpi_yoy,Core CPI (YoY),cpi_headline_mom,Headline CPI (MoM),Inflation,2,72,0.28388914936174164,0.2475030029093261,0.28388914936174164,0.2475030029093261,positive,True,0.1987183854875247,0.0370749923511034,1.0,0.39673940347782977,policy_tightening_positive_but_regime_dependent,weak positive Pearson correlation (0.28); Spearman 0.25; same macro theme; PCA loading signal 0.20; model importance signal 0.04,0.04435504835644538,4.435504835644538
FED,unemployment,unemployment_rate,Unemployment Rate,challenger_job_cuts,Challenger Job Cuts,Labor,3,35,0.8513064761078255,0.26038807952155246,0.8513064761078255,0.26038807952155246,positive,True,0.1754474771620116,0.0476090523973954,0.4861111111111111,0.5157547546444885,currency_negative,strong positive Pearson correlation (0.85); Spearman 0.26; same macro theme; PCA loading signal 0.18; model importance signal 0.05,0.044317410240920715,4.431741024092071
RBA,unemployment,unemployment_rate,Unemployment Rate,rba_trimmed_mean_cpi_yoy,RBA Trimmed Mean CPI (YoY),Inflation,1,24,-0.8264333773374087,-0.9366583376054084,0.8264333773374087,0.9366583376054084,negative,False,0.2722453031235465,0.0,0.3333333333333333,0.517599168617876,currency_positive,strong negative Pearson correlation (-0.83); Spearman -0.94; PCA loading signal 0.27,0.04430669092004517,4.430669092004517
BOJ,gdp_growth,gdp_qoq,GDP (QoQ),services_pmi,S&P Global Services PMI,Growth,2,24,0.6464162844360852,0.13890706207151277,0.6464162844360852,0.13890706207151277,positive,True,0.2276024113633742,0.0238076047582504,0.3333333333333333,0.4200553579327714,currency_positive,moderate positive Pearson correlation (0.65); Spearman 0.14; same macro theme; PCA loading signal 0.23; model importance signal 0.02,0.04425768127545601,4.425768127545601
RBA,unemployment,unemployment_rate,Unemployment Rate,consumer_inflation_expectation,Consumer Inflation Expectation,Inflation,2,73,-0.7373393958323651,-0.7476611190168128,0.7373393958323651,0.7476611190168128,negative,False,0.2264625412710353,0.0299387454059336,1.0,0.5165868867008672,currency_positive,strong negative Pearson correlation (-0.74); Spearman -0.75; PCA loading signal 0.23; model importance signal 0.03,0.04422003919272376,4.422003919272377
RBA,unemployment,unemployment_rate,Unemployment Rate,private_sector_credit_yoy,Private Sector Credit (YoY),Growth,3,75,-0.7778064289252064,-0.6709288407826726,0.7778064289252064,0.6709288407826726,negative,False,0.2598411121956425,0.0126755128567583,1.0,0.516453934214961,currency_positive,strong negative Pearson correlation (-0.78); Spearman -0.67; PCA loading signal 0.26; model importance signal 0.01,0.04420865840802153,4.420865840802153
BOE,inflation,core_cpi_yoy,Core CPI (YoY),ppi_output_yoy,PPI Output (YoY),Inflation,3,68,0.5566419346689477,0.4700369479074266,0.5566419346689477,0.4700369479074266,positive,True,0.2812314370314687,0.0,0.9444444444444444,0.5260660730922785,policy_tightening_positive_but_regime_dependent,moderate positive Pearson correlation (0.56); Spearman 0.47; same macro theme; PCA loading signal 0.28,0.044082758799128464,4.408275879912846
BOJ,gdp_growth,gdp_qoq,GDP (QoQ),composite_pmi,S&P Global Composite PMI,Growth,2,23,0.6415193124252171,0.15268498364067817,0.6415193124252171,0.15268498364067817,positive,True,0.2360756317683934,0.0,0.3194444444444444,0.41743084861845603,currency_positive,moderate positive Pearson correlation (0.64); Spearman 0.15; same macro theme; PCA loading signal 0.24,0.043981158920619094,4.3981158920619094
BOC,unemployment,unemployment_rate,Unemployment Rate,employment_change,Employment Change,Labor,1,76,-0.10896369932250413,0.10248555557243808,0.10896369932250413,0.10248555557243808,negative,True,0.3072153942361847,0.0,1.0,0.32848499187375213,currency_positive,weak negative Pearson correlation (-0.11); Spearman 0.10; same macro theme; PCA loading signal 0.31,0.0439446254760107,4.39446254760107
BOE,unemployment,unemployment_rate,Unemployment Rate,core_cpi_yoy,Core CPI (YoY),Inflation,1,75,-0.5562877493524584,-0.5778378457161722,0.5562877493524584,0.5778378457161722,negative,False,0.2420081755740031,0.022239076983708,1.0,0.42979600863952283,currency_positive,moderate negative Pearson correlation (-0.56); Spearman -0.58; PCA loading signal 0.24; model importance signal 0.02,0.043891161078451965,4.389116107845196
BOE,gdp_growth,gdp_yoy,GDP (YoY),retail_sales_yoy,Retail Sales (YoY),Growth,1,70,0.7104520019745209,0.3071446439011734,0.7104520019745209,0.3071446439011734,positive,True,0.3404996048231921,0.0,0.9722222222222222,0.5530766804629877,currency_positive,strong positive Pearson correlation (0.71); Spearman 0.31; same macro theme; PCA loading signal 0.34,0.042917237094102084,4.291723709410208
RBA,unemployment,unemployment_rate,Unemployment Rate,monthly_cpi_indicator,Monthly CPI Indicator,Inflation,1,38,-0.8245198500425903,-0.7510807227843576,0.8245198500425903,0.7510807227843576,negative,False,0.2526964058736206,0.015504571041378,0.5277777777777778,0.49847100748171236,currency_positive,strong negative Pearson correlation (-0.82); Spearman -0.75; PCA loading signal 0.25; model importance signal 0.02,0.04266931285857748,4.266931285857748
FED,inflation,core_cpi_yoy,Core CPI (YoY),ppi_yoy,PPI (YoY),Inflation,2,34,0.7178795254815739,0.6576390963897552,0.7178795254815739,0.6576390963897552,positive,True,0.1788593287047309,0.048063498139767,0.4722222222222222,0.5544793729952573,policy_tightening_positive_but_regime_dependent,strong positive Pearson correlation (0.72); Spearman 0.66; same macro theme; PCA loading signal 0.18; model importance signal 0.05,0.042504610348301115,4.250461034830112
BOE,unemployment,unemployment_rate,Unemployment Rate,consumer_confidence,Consumer Confidence,Sentiment,3,74,0.5343141542286794,0.5220609349857511,0.5343141542286794,0.5220609349857511,positive,False,0.2538327099793193,0.0300319211661036,1.0,0.41550174766026915,currency_negative,moderate positive Pearson correlation (0.53); Spearman 0.52; PCA loading signal 0.25; model importance signal 0.03,0.04243141808752983,4.243141808752983
RBA,unemployment,unemployment_rate,Unemployment Rate,housing_credit_mom,Housing Credit (MoM),Growth,3,41,0.762060008195172,0.7841831472430056,0.762060008195172,0.7841831472430056,positive,False,0.261330281806111,0.0213035737740358,0.5694444444444444,0.4930601346182832,currency_negative,strong positive Pearson correlation (0.76); Spearman 0.78; PCA loading signal 0.26; model importance signal 0.02,0.042206140028899684,4.220614002889969
RBA,unemployment,unemployment_rate,Unemployment Rate,rba_weighted_median_cpi_qoq,RBA Weighted Median CPI (QoQ),Inflation,1,23,-0.7729628982752103,-0.8136796706586827,0.7729628982752103,0.8136796706586827,negative,False,0.2903748810399528,0.0642529305328074,0.3194444444444444,0.4897597248365128,currency_positive,strong negative Pearson correlation (-0.77); Spearman -0.81; PCA loading signal 0.29; model importance signal 0.06,0.04192362366300044,4.192362366300044
RBA,gdp_growth,retail_sales_mom,Retail Sales (MoM),producer_price_index_qoq,Producer Price Index (QoQ),Inflation,2,20,0.7130001233595222,0.32149715742581436,0.7130001233595222,0.32149715742581436,positive,False,0.2564639821788557,0.0313745588088064,0.2777777777777778,0.35747443806048845,currency_positive,strong positive Pearson correlation (0.71); Spearman 0.32; PCA loading signal 0.26; model importance signal 0.03,0.04191773484033899,4.191773484033899
BOJ,gdp_growth,gdp_qoq,GDP (QoQ),retail_sales_yoy,Retail Sales (YoY),Growth,2,24,0.551843888303265,0.31154684095860563,0.551843888303265,0.31154684095860563,positive,True,0.0,0.030535819212177,0.3333333333333333,0.38638695728210404,currency_positive,moderate positive Pearson correlation (0.55); Spearman 0.31; same macro theme; model importance signal 0.03,0.04071032658300599,4.071032658300599
BOE,unemployment,unemployment_rate,Unemployment Rate,retail_sales_yoy,Retail Sales (YoY),Growth,1,73,0.40802819616860925,0.5703828999257958,0.40802819616860925,0.5703828999257958,positive,False,0.3404996048231921,0.0,1.0,0.3977749677039165,currency_negative,moderate positive Pearson correlation (0.41); Spearman 0.57; PCA loading signal 0.34,0.0406211431226008,4.06211431226008
BOJ,unemployment,unemployment_rate,Unemployment Rate,cpi_index,Consumer Price Index,Inflation,2,70,-0.4457158495564211,-0.42147689341992983,0.4457158495564211,0.42147689341992983,negative,False,0.2118882974725932,0.0132673230823049,0.9722222222222222,0.3556276942421931,currency_positive,moderate negative Pearson correlation (-0.45); Spearman -0.42; PCA loading signal 0.21; model importance signal 0.01,0.04025799210317333,4.0257992103173335
BOJ,unemployment,unemployment_rate,Unemployment Rate,tankan_large_non_manufacturing_index,Tankan Large Non-Manufacturing Index,Sentiment,2,25,-0.5872845587398269,-0.520011314560819,0.5872845587398269,0.520011314560819,negative,False,0.2133580552271639,0.0,0.3472222222222222,0.3533143026972236,currency_positive,moderate negative Pearson correlation (-0.59); Spearman -0.52; PCA loading signal 0.21,0.03999611008426199,3.9996110084261987
FED,gdp_growth,retail_sales_mom,Retail Sales (MoM),avg_hourly_earnings_mom,Average Hourly Earnings (MoM),Labor,2,33,-0.7935623751115309,-0.2959343937995431,0.7935623751115309,0.2959343937995431,negative,False,0.1916399285961332,0.0370965445874072,0.4583333333333333,0.3838905243538644,currency_negative,strong negative Pearson correlation (-0.79); Spearman -0.30; PCA loading signal 0.19; model importance signal 0.04,0.039990953211073335,3.9990953211073337
BOE,inflation,core_cpi_yoy,Core CPI (YoY),avg_earnings_excl_bonus,Average Earnings (excl. Bonus),Labor,1,73,0.6361674096983327,0.6054683087869073,0.6361674096983327,0.6054683087869073,positive,False,0.2915968584737229,0.0250916912504188,1.0,0.46869690670472264,policy_tightening_positive_but_regime_dependent,moderate positive Pearson correlation (0.64); Spearman 0.61; PCA loading signal 0.29; model importance signal 0.03,0.039275394755475194,3.9275394755475195
BOJ,gdp_growth,gdp_qoq,GDP (QoQ),household_spending_mom,Household Spending (MoM),Growth,2,24,0.2752887336426786,0.44340460865166353,0.2752887336426786,0.44340460865166353,positive,True,0.2378238547192943,0.0192890161032379,0.3333333333333333,0.37068830174349304,currency_positive,weak positive Pearson correlation (0.28); Spearman 0.44; same macro theme; PCA loading signal 0.24; model importance signal 0.02,0.03905629198932699,3.905629198932699
BOE,inflation,core_cpi_yoy,Core CPI (YoY),ppi_input_yoy,PPI Input (YoY),Inflation,3,68,0.44153461046636433,0.3205923791818003,0.44153461046636433,0.3205923791818003,positive,True,0.2980000646450012,0.0,0.9444444444444444,0.464663315056814,policy_tightening_positive_but_regime_dependent,moderate positive Pearson correlation (0.44); Spearman 0.32; same macro theme; PCA loading signal 0.30,0.03893739187560169,3.8937391875601692
BOJ,inflation,cpi_headline_yoy,Headline CPI (YoY),unemployment_rate,Unemployment Rate,Labor,2,74,-0.6467461333494563,-0.6033538476404747,0.6467461333494563,0.6033538476404747,negative,False,0.2158379944502154,0.0192997278324981,1.0,0.4568264022654952,disinflationary_or_growth_sensitive,moderate negative Pearson correlation (-0.65); Spearman -0.60; PCA loading signal 0.22; model importance signal 0.02,0.03848354517252542,3.8483545172525417
BOE,inflation,core_cpi_yoy,Core CPI (YoY),avg_earnings_incl_bonus,Average Earnings (incl. Bonus),Labor,2,74,0.6157718559452755,0.6504998188030484,0.6157718559452755,0.6504998188030484,positive,False,0.2454055105116915,0.0,1.0,0.4590045124362968,policy_tightening_positive_but_regime_dependent,moderate positive Pearson correlation (0.62); Spearman 0.65; PCA loading signal 0.25,0.038463201191633406,3.8463201191633405
BOE,gdp_growth,gdp_yoy,GDP (YoY),retail_sales_ex_fuel_yoy,Retail Sales Ex Fuel (YoY),Growth,2,72,0.5822857269186311,0.15026205471628065,0.5822857269186311,0.15026205471628065,positive,True,0.3326698618140483,0.0563122819354505,1.0,0.49419179207440067,currency_positive,moderate positive Pearson correlation (0.58); Spearman 0.15; same macro theme; PCA loading signal 0.33; model importance signal 0.06,0.03834793087400038,3.834793087400038
BOE,unemployment,unemployment_rate,Unemployment Rate,ppi_output_yoy,PPI Output (YoY),Inflation,3,67,-0.49771974345113096,-0.40717782428332583,0.49771974345113096,0.40717782428332583,negative,False,0.2812314370314687,0.0,0.9305555555555556,0.3744287021132244,currency_positive,moderate negative Pearson correlation (-0.50); Spearman -0.41; PCA loading signal 0.28,0.03823700115054071,3.8237001150540713
BOJ,unemployment,unemployment_rate,Unemployment Rate,services_pmi,S&P Global Services PMI,Growth,2,75,-0.29772091788059757,-0.304653708315066,0.29772091788059757,0.304653708315066,negative,False,0.2276024113633742,0.2708251471100197,1.0,0.3372557260813032,currency_positive,weak negative Pearson correlation (-0.30); Spearman -0.30; PCA loading signal 0.23; model importance signal 0.27,0.0381782368953656,3.81782368953656
BOE,gdp_growth,gdp_yoy,GDP (YoY),cbi_industrial_trends_orders,CBI Industrial Trends Orders,Sentiment,3,71,0.6903285200199983,0.646181869615443,0.6903285200199983,0.646181869615443,positive,False,0.2788656517782382,0.0370471603718112,0.9861111111111112,0.49143987562349,currency_positive,moderate positive Pearson correlation (0.69); Spearman 0.65; PCA loading signal 0.28; model importance signal 0.04,0.038134389687111026,3.8134389687111026
FED,gdp_growth,retail_sales_mom,Retail Sales (MoM),manufacturing_payrolls,Manufacturing Payrolls,Labor,2,33,0.7188086410578586,0.5185036028651635,0.7188086410578586,0.5185036028651635,positive,False,0.0,0.0,0.4583333333333333,0.36517664622372364,currency_positive,strong positive Pearson correlation (0.72); Spearman 0.52,0.03804147601061413,3.804147601061413
RBA,gdp_growth,retail_sales_mom,Retail Sales (MoM),ai_group_construction_index,Ai Group Construction Index,Growth,3,60,0.08675972863303381,0.20621771638753503,0.08675972863303381,0.20621771638753503,positive,True,0.2948634732094977,0.0,0.8333333333333334,0.32368022037846006,currency_positive,weak positive Pearson correlation (0.09); Spearman 0.21; same macro theme; PCA loading signal 0.29,0.03795499819371963,3.7954998193719627
BOJ,inflation,cpi_headline_yoy,Headline CPI (YoY),ppi_yoy,PPI (YoY),Inflation,2,74,0.3773323860430877,0.41494211500590455,0.3773323860430877,0.41494211500590455,positive,True,0.1624672141296354,0.0194455066591605,1.0,0.4487379734894989,policy_tightening_positive_but_regime_dependent,weak positive Pearson correlation (0.38); Spearman 0.41; same macro theme; PCA loading signal 0.16; model importance signal 0.02,0.03780216727354202,3.780216727354202
BOE,inflation,core_cpi_yoy,Core CPI (YoY),retail_price_index_mom,Retail Price Index (MoM),Inflation,3,72,0.3571496452302788,0.414004881685336,0.3571496452302788,0.414004881685336,positive,True,0.2117028743733909,0.0143080902275038,1.0,0.45048476263203685,policy_tightening_positive_but_regime_dependent,weak positive Pearson correlation (0.36); Spearman 0.41; same macro theme; PCA loading signal 0.21; model importance signal 0.01,0.0377492717161163,3.7749271716116297
FED,inflation,core_cpi_yoy,Core CPI (YoY),michigan_inflation_expectations,Michigan Inflation Expectations,Inflation,2,33,0.588358677061954,0.6743154052522983,0.588358677061954,0.6743154052522983,positive,True,0.0,0.0689113846632617,0.4583333333333333,0.48891895289513365,policy_tightening_positive_but_regime_dependent,moderate positive Pearson correlation (0.59); Spearman 0.67; same macro theme; model importance signal 0.07,0.037478958815812966,3.7478958815812966
BOJ,unemployment,unemployment_rate,Unemployment Rate,machine_tool_orders_yoy,Machine Tool Orders (YoY),Growth,3,75,0.3569300876620629,0.28271996275725636,0.3569300876620629,0.28271996275725636,positive,False,0.3153816985389736,0.0385629642730627,1.0,0.32694742851350606,currency_negative,weak positive Pearson correlation (0.36); Spearman 0.28; PCA loading signal 0.32; model importance signal 0.04,0.03701131044728386,3.701131044728386
BOJ,inflation,cpi_headline_yoy,Headline CPI (YoY),tankan_large_non_manufacturing_index,Tankan Large Non-Manufacturing Index,Sentiment,2,25,0.7768721553927067,0.6617743951454366,0.7768721553927067,0.6617743951454366,positive,False,0.2133580552271639,0.0,0.3472222222222222,0.438543197810011,policy_tightening_positive_but_regime_dependent,strong positive Pearson correlation (0.78); Spearman 0.66; PCA loading signal 0.21,0.03694334845650411,3.6943348456504115
RBA,gdp_growth,retail_sales_mom,Retail Sales (MoM),ai_group_manufacturing_index,Ai Group Manufacturing Index,Growth,3,60,0.08371145225646387,0.17508762826781477,0.08371145225646387,0.17508762826781477,positive,True,0.2863480543502006,0.0,0.8333333333333334,0.31500694444687155,currency_positive,weak positive Pearson correlation (0.08); Spearman 0.18; same macro theme; PCA loading signal 0.29,0.03693796301025316,3.6937963010253156
BOJ,inflation,cpi_headline_yoy,Headline CPI (YoY),cpi_headline_mom,Headline CPI (MoM),Inflation,2,68,0.4181442179374728,0.4212511339361112,0.4181442179374728,0.4212511339361112,positive,True,0.0,0.081732229937087,0.9444444444444444,0.4380324157022133,policy_tightening_positive_but_regime_dependent,moderate positive Pearson correlation (0.42); Spearman 0.42; same macro theme; model importance signal 0.08,0.03690031962493644,3.6900319624936437
RBA,gdp_growth,retail_sales_mom,Retail Sales (MoM),services_pmi,Services PMI,Growth,2,48,0.11292870796955766,0.19340553147052894,0.11292870796955766,0.19340553147052894,positive,True,0.2662468412842586,0.0285242390269449,0.6666666666666666,0.3119999374173869,currency_positive,weak positive Pearson correlation (0.11); Spearman 0.19; same macro theme; PCA loading signal 0.27; model importance signal 0.03,0.03658535899188235,3.658535899188235
BOJ,unemployment,unemployment_rate,Unemployment Rate,tankan_non_manufacturing_outlook,Tankan Non-Manufacturing Outlook,Sentiment,2,25,-0.5049405882607507,-0.4748191514578363,0.5049405882607507,0.4748191514578363,negative,False,0.2286753286219133,0.0,0.3472222222222222,0.3223297881439591,currency_positive,moderate negative Pearson correlation (-0.50); Spearman -0.47; PCA loading signal 0.23,0.036488581389501555,3.6488581389501555
FED,unemployment,unemployment_rate,Unemployment Rate,core_pce_price_index_yoy,Core PCE Price Index (YoY),Inflation,1,34,-0.6431087530538451,-0.7014273881484824,0.6431087530538451,0.7014273881484824,negative,False,0.1842462934205236,0.0526898931959238,0.4722222222222222,0.42256194042707357,currency_positive,moderate negative Pearson correlation (-0.64); Spearman -0.70; PCA loading signal 0.18; model importance signal 0.05,0.03630960392990386,3.630960392990386
FED,inflation,core_cpi_yoy,Core CPI (YoY),core_cpi_mom,Core CPI (MoM),Inflation,1,34,0.5152023024870142,0.5785959403160894,0.5152023024870142,0.5785959403160894,positive,True,0.1772916426165493,0.0168311815619136,0.4722222222222222,0.47227589756804855,policy_tightening_positive_but_regime_dependent,moderate positive Pearson correlation (0.52); Spearman 0.58; same macro theme; PCA loading signal 0.18; model importance signal 0.02,0.0362031555738247,3.6203155573824697
BOE,gdp_growth,gdp_yoy,GDP (YoY),niesr_monthly_gdp_tracker,NIESR Monthly GDP Tracker,Growth,2,61,0.4522897824343422,0.32991435655753254,0.4522897824343422,0.32991435655753254,positive,True,0.2647667030528812,0.0388972331470881,0.8472222222222222,0.460662564448555,currency_positive,moderate positive Pearson correlation (0.45); Spearman 0.33; same macro theme; PCA loading signal 0.26; model importance signal 0.04,0.03574615455178057,3.5746154551780567
RBA,gdp_growth,retail_sales_mom,Retail Sales (MoM),composite_pmi,Composite PMI,Growth,2,46,0.10777427681368416,0.1927603083386598,0.10777427681368416,0.1927603083386598,positive,True,0.269472194319627,0.0,0.6388888888888888,0.3032782285782589,currency_positive,weak positive Pearson correlation (0.11); Spearman 0.19; same macro theme; PCA loading signal 0.27,0.03556264452743904,3.5562644527439042
BOE,gdp_growth,gdp_yoy,GDP (YoY),claimant_count_change,Claimant Count Change,Labor,2,72,-0.6458550707976026,-0.5419609717922925,0.6458550707976026,0.5419609717922925,negative,False,0.2600240832323665,0.038495851272802,1.0,0.45549734529594155,currency_negative,moderate negative Pearson correlation (-0.65); Spearman -0.54; PCA loading signal 0.26; model importance signal 0.04,0.03534534767843682,3.534534767843682
BOE,gdp_growth,gdp_yoy,GDP (YoY),avg_earnings_incl_bonus,Average Earnings (incl. Bonus),Labor,2,72,0.6437238618639082,0.3958894081313417,0.6437238618639082,0.3958894081313417,positive,False,0.2454055105116915,0.2288743085661755,1.0,0.4553766645337951,currency_positive,moderate positive Pearson correlation (0.64); Spearman 0.40; PCA loading signal 0.25; model importance signal 0.23,0.0353359831814969,3.53359831814969
FED,gdp_growth,retail_sales_mom,Retail Sales (MoM),private_nonfarm_payrolls,Private Nonfarm Payrolls,Labor,2,33,0.7179386520627214,0.3846996819470518,0.7179386520627214,0.3846996819470518,positive,False,0.0,0.0,0.4583333333333333,0.33815486534156014,currency_positive,strong positive Pearson correlation (0.72); Spearman 0.38,0.035226541266503666,3.522654126650367
BOE,gdp_growth,gdp_yoy,GDP (YoY),ppi_input_yoy,PPI Input (YoY),Inflation,3,64,0.5434789361674806,0.6807604631198756,0.5434789361674806,0.6807604631198756,positive,False,0.2980000646450012,0.0388041956900148,0.8888888888888888,0.4483213872665109,currency_positive,moderate positive Pearson correlation (0.54); Spearman 0.68; PCA loading signal 0.30; model importance signal 0.04,0.0347885129699682,3.4788512969968197
FED,unemployment,unemployment_rate,Unemployment Rate,adp_employment_change,ADP Employment Change,Labor,2,34,-0.7373595939126922,0.042879118455718276,0.7373595939126922,0.042879118455718276,negative,True,0.0,0.0452789146230546,0.4722222222222222,0.4047033395730928,currency_positive,strong negative Pearson correlation (-0.74); Spearman 0.04; same macro theme; model importance signal 0.05,0.03477506269058892,3.477506269058892
RBA,gdp_growth,retail_sales_mom,Retail Sales (MoM),manufacturing_pmi,Manufacturing PMI,Growth,2,47,0.0402620385203634,0.19736465815622994,0.0402620385203634,0.19736465815622994,positive,True,0.3076420442377799,0.0151925125147795,0.6527777777777778,0.2947876160554457,currency_positive,weak positive Pearson correlation (0.04); Spearman 0.20; same macro theme; PCA loading signal 0.31; model importance signal 0.02,0.03456702859950205,3.456702859950205
FED,gdp_growth,retail_sales_mom,Retail Sales (MoM),retail_sales_yoy,Retail Sales (YoY),Growth,2,38,0.3937583991324389,0.18079650559918398,0.3937583991324389,0.18079650559918398,positive,True,0.0,0.0205673187212643,0.5277777777777778,0.3305610428199612,currency_positive,weak positive Pearson correlation (0.39); Spearman 0.18; same macro theme; model importance signal 0.02,0.03443547146433651,3.4435471464336507
FED,gdp_growth,retail_sales_mom,Retail Sales (MoM),ism_manufacturing_employment,ISM Manufacturing Employment,Growth,2,29,0.24943138713949028,0.31204500761446535,0.24943138713949028,0.31204500761446535,positive,True,0.172621957616524,0.0,0.4027777777777778,0.3285881478134922,currency_positive,weak positive Pearson correlation (0.25); Spearman 0.31; same macro theme; PCA loading signal 0.17,0.0342299494550948,3.4229949455094797
FED,gdp_growth,retail_sales_mom,Retail Sales (MoM),sp_global_manufacturing_pmi,S&P Global Manufacturing PMI,Growth,2,19,0.21780211282250397,0.3394996312630086,0.21780211282250397,0.3394996312630086,positive,True,0.2644540346036514,0.0,0.2638888888888889,0.32723117521689904,currency_positive,weak positive Pearson correlation (0.22); Spearman 0.34; same macro theme; PCA loading signal 0.26,0.034088589811716245,3.4088589811716243
FED,gdp_growth,retail_sales_mom,Retail Sales (MoM),nfp,Non-Farm Payrolls,Labor,1,33,0.7001238034184963,0.34184366864050464,0.7001238034184963,0.34184366864050464,positive,False,0.0,0.0,0.4583333333333333,0.3242392080869832,currency_positive,strong positive Pearson correlation (0.70); Spearman 0.34,0.033776908199613626,3.3776908199613627
FED,gdp_growth,retail_sales_mom,Retail Sales (MoM),import_prices_mom,Import Prices (MoM),Inflation,3,33,0.5920220956869972,0.46499932444881287,0.5920220956869972,0.46499932444881287,positive,False,0.0,0.0297135970642456,0.4583333333333333,0.32149113843011684,currency_positive,moderate positive Pearson correlation (0.59); Spearman 0.46; model importance signal 0.03,0.03349063407171353,3.3490634071713528
FED,unemployment,unemployment_rate,Unemployment Rate,cpi_headline_yoy,Headline CPI (YoY),Inflation,1,35,-0.5327349228268373,-0.611057079564345,0.5327349228268373,0.611057079564345,negative,False,0.196814318781092,0.0403558745993266,0.4861111111111111,0.37293007993451344,currency_positive,moderate negative Pearson correlation (-0.53); Spearman -0.61; PCA loading signal 0.20; model importance signal 0.04,0.032044872480195566,3.2044872480195568
FED,unemployment,unemployment_rate,Unemployment Rate,pce_price_index_yoy,PCE Price Index (YoY),Inflation,1,34,-0.5637053356610545,-0.6001540930952856,0.5637053356610545,0.6001540930952856,negative,False,0.1851021978209598,0.0,0.4722222222222222,0.3696830371473685,currency_positive,moderate negative Pearson correlation (-0.56); Spearman -0.60; PCA loading signal 0.19,0.031765862881211034,3.1765862881211033
FED,unemployment,unemployment_rate,Unemployment Rate,avg_hourly_earnings_yoy,Average Hourly Earnings (YoY),Labor,1,35,0.4644421614976827,-0.105340913509732,0.4644421614976827,0.105340913509732,positive,True,0.194139370027787,0.0249440502425895,0.4861111111111111,0.3681975174086042,currency_negative,moderate positive Pearson correlation (0.46); Spearman -0.11; same macro theme; PCA loading signal 0.19; model importance signal 0.02,0.03163821619043223,3.163821619043223
