central_bank_code,indicator_key,indicator,indicator_category,observations,contribution_pearson_ic,contribution_spearman_ic,contribution_hit_rate,impact_score
BOC,composite_pmi,Composite PMI,Growth,29,0.522126751584624,0.4797240784780577,0.6206896551724138,0.4532564614046948
BOC,services_pmi,Services PMI,Growth,30,0.4844979635272076,0.4565195477880629,0.6,0.4192048461000227
BOC,ppi_mom,PPI (MoM),Inflation,71,0.12115414199588312,0.09664971334860559,0.5211267605633803,0.09802268922787534
BOC,retail_sales_yoy,Retail Sales (YoY),Growth,72,0.11652678149734587,0.04957508257025867,0.5555555555555556,0.09535813774197277
BOC,core_cpi_yoy,Core CPI (YoY),Inflation,75,0.11363979475958343,0.11600352369087215,0.5066666666666667,0.09428762115372002
BOC,full_time_employment_change,Full-Time Employment Change,Labor,75,0.028519535464343975,0.14844950213371264,0.52,0.06679461837228579
BOC,new_motor_vehicle_sales,New Motor Vehicle Sales,Growth,74,0.052534915219016064,0.018438571442764107,0.5405405405405406,0.048015245258553496
BOC,wholesale_sales_mom,Wholesale Sales (MoM),Growth,73,0.01753767746455503,0.09574018730223456,0.5205479452054794,0.04571007300513965
BOC,part_time_employment_change,Part-Time Employment Change,Labor,75,-0.07754241035894222,0.14564826208236156,0.6,0.044923273445237354
BOC,gdp_mom,GDP (MoM),Growth,69,0.1356725484624305,-0.03751615689529098,0.4492753623188406,0.036291572090164176
BOC,employment_change,Employment Change,Labor,75,0.05187723516325367,-0.020056899004267426,0.49333333333333335,0.017254881213679945
BOC,new_housing_price_index_yoy,New Housing Price Index (YoY),Housing,62,0.01119778998363299,-0.01650518832381623,0.5161290322580645,0.007098951397897428
BOC,cpi_headline_mom,Headline CPI (MoM),Inflation,72,0.04939846740782442,-0.06295895004830276,0.4722222222222222,-0.005299562421689736
BOC,retail_sales_mom,Retail Sales (MoM),Growth,72,-0.0287817039562372,0.0015122389370206136,0.5,-0.013937180297012415
BOC,ivey_pmi_sa,Ivey PMI s.a.,Growth,71,0.024431319893717003,-0.13684687132533402,0.5070422535211268,-0.026021500042291004
BOC,manufacturing_sales_mom,Manufacturing Sales (MoM),Growth,73,-0.01385599527469337,-0.12328228756142721,0.4520547945205479,-0.06309076609755568
BOC,core_cpi_mom,Core CPI (MoM),Inflation,45,-0.10927655927368518,-0.04800045197793533,0.5111111111111111,-0.06459397078577876
BOC,imports,Imports,Trade,74,-0.07873953883031574,-0.08059416353332942,0.4864864864864865,-0.0689534238805621
BOC,ppi_yoy,PPI (YoY),Inflation,74,-0.056232295530905,-0.08827994967090465,0.4594594594594595,-0.0708163488829401
BOC,raw_materials_prices_yoy,Raw Materials Prices (YoY),Inflation,74,-0.040499592039273564,-0.11890939261166301,0.4594594594594595,-0.07213883001935188
BOC,vehicle_sales_mom,Vehicle Sales (MoM),Growth,23,-0.09480302850651043,-0.08944897727978006,0.4782608695652174,-0.08293185961110226
BOC,new_housing_price_index_mom,New Housing Price Index (MoM),Housing,64,-0.15275282619019093,-0.05977429487503829,0.515625,-0.08805870155760695
BOC,cpi_headline_yoy,Headline CPI (YoY),Inflation,75,-0.1287580733677436,-0.13160069532408858,0.5333333333333333,-0.09052591194776502
BOC,retail_sales_ex_autos_mom,Retail Sales Ex Autos (MoM),Growth,70,-0.12343758593027451,-0.09864420350622015,0.4857142857142857,-0.097026339731289
BOC,cfib_business_barometer,CFIB Business Barometer,Sentiment,54,-0.1559578657771406,-0.08711067159342928,0.4444444444444444,-0.1263343565888213
BOC,exports,Exports,Trade,74,-0.13776817846590805,-0.19455304782655974,0.4864864864864865,-0.13265540898632736
BOC,raw_materials_prices_mom,Raw Materials Prices (MoM),Inflation,73,-0.1970703321323244,-0.1035326088453128,0.4520547945205479,-0.14877303091153685
BOC,unemployment_rate,Unemployment Rate,Labor,75,-0.2219299516598571,-0.19476330608725867,0.4666666666666667,-0.18272730098943948
BOC,budget_balance,Budget Balance,Growth,72,-0.19287324572146725,-0.24742947641706042,0.4583333333333333,-0.1873321324525184
BOC,balance_of_trade,Balance of Trade,Trade,74,-0.20635167452100103,-0.22401089996419343,0.4189189189189189,-0.20281153968219098
BOC,manufacturing_pmi,Manufacturing PMI,Growth,49,-0.2027671116438589,-0.27246512530442846,0.40816326530612246,-0.21985778729080901
BOE,gdp_qoq,GDP (QoQ),Growth,24,0.2665422252418735,0.20391010755138547,0.5833333333333334,0.22777747821968572
BOE,niesr_monthly_gdp_tracker,NIESR Monthly GDP Tracker,Growth,64,0.16886380021953945,0.17854804535709984,0.5625,0.16299631371689968
BOE,core_rpi_yoy,Core RPI (YoY),Inflation,24,0.17142631116407808,0.1266870910709096,0.5416666666666666,0.14038594956997857
BOE,public_sector_net_borrowing,Public Sector Net Borrowing,Growth,70,0.10909439379039469,0.08148089827009602,0.5714285714285714,0.10756289494765472
BOE,ppi_input_mom,PPI Input (MoM),Inflation,65,0.0427183683972591,0.1106966245901857,0.6,0.09456817157568526
BOE,gdp_mom,GDP (MoM),Growth,67,0.05329453500301517,0.08989987604408842,0.5970149253731343,0.09242320046398783
BOE,cbi_business_optimism,CBI Business Optimism Index,Sentiment,25,0.07064280675491989,0.1177149473592849,0.52,0.07863588758524542
BOE,services_pmi,Services PMI,Growth,28,-0.011811804019295826,0.08216929643299974,0.6428571428571429,0.07588774406310916
BOE,avg_earnings_excl_bonus,Average Earnings (excl. Bonus),Labor,72,0.035849332562375776,0.0775312332059671,0.5416666666666666,0.05785070290964467
BOE,employment_change,Employment Change,Labor,73,-0.00764617332642791,0.030807441932531,0.5753424657534246,0.0355561322179152
BOE,manufacturing_pmi,Manufacturing PMI,Growth,29,0.0075904857688001695,-0.04289413651345428,0.5172413793103449,-0.0021764463454982536
BOE,industrial_production_yoy,Industrial Production (YoY),Growth,74,0.02105006196658661,-0.07392373988419555,0.5135135135135135,-0.006246685576559965
BOE,consumer_confidence,Consumer Confidence,Sentiment,76,-0.03917593060916203,0.013509824832027213,0.5,-0.015535017854972851
BOE,core_rpi_mom,Core RPI (MoM),Inflation,22,0.07216151800509492,-0.06941883320926644,0.4090909090909091,-0.021108527323868826
BOE,hmrc_payrolls_change,HMRC Payrolls Change,Labor,41,0.012260025427177999,-0.022480722519753072,0.43902439024390244,-0.025004447944775948
BOE,avg_earnings_incl_bonus,Average Earnings (incl. Bonus),Labor,73,-0.03256389539582359,-0.040668920020347436,0.5068493150684932,-0.025742897676618755
BOE,core_cpi_yoy,Core CPI (YoY),Inflation,75,-0.07131518299430913,-0.043335601948730096,0.4666666666666667,-0.06199160541510692
BOE,retail_price_index_mom,Retail Price Index (MoM),Inflation,71,-0.09333486989809597,-0.06648534579460048,0.5070422535211268,-0.06379613727897743
BOE,unemployment_rate,Unemployment Rate,Labor,74,-0.09149114317821946,-0.08899117435726947,0.5135135135135135,-0.06703751849088518
BOE,retail_sales_ex_fuel_mom,Retail Sales Ex Fuel (MoM),Growth,74,-0.010649015892647046,-0.1487561840259033,0.43243243243243246,-0.07697839018112153
BOE,gdp_yoy,GDP (YoY),Growth,71,-0.06373829663150443,-0.1673227391924115,0.49295774647887325,-0.08488287148192636
BOE,retail_price_index_yoy,Retail Price Index (YoY),Inflation,75,-0.08819738397479805,-0.07384484275440266,0.4533333333333333,-0.0849188114803865
BOE,retail_sales_mom,Retail Sales (MoM),Growth,72,-0.01755387619847463,-0.15222867939184692,0.4166666666666667,-0.08777887525012472
BOE,cpi_headline_yoy,Headline CPI (YoY),Inflation,75,-0.10355871010509943,-0.07719618259110377,0.44,-0.09893820982988083
BOE,ppi_output_mom,PPI Output (MoM),Inflation,58,-0.15429756993997432,-0.07761067805990854,0.5,-0.10043198838795972
BOE,composite_pmi,Composite PMI,Growth,29,-0.039459043327326485,-0.12128686876218107,0.3793103448275862,-0.10439144436128309
BOE,retail_sales_yoy,Retail Sales (YoY),Growth,72,-0.09397794590254475,-0.10779213653921312,0.4305555555555556,-0.10710439169081407
BOE,house_price_index_mom,House Price Index (MoM),Housing,69,-0.16299094683585647,-0.122004855817988,0.4927536231884058,-0.1209954808879623
BOE,ppi_core_output_mom,PPI Core Output (MoM),Inflation,54,-0.16782919724818637,-0.1259593099334159,0.5,-0.12170239160411794
BOE,retail_sales_ex_fuel_yoy,Retail Sales Ex Fuel (YoY),Growth,74,-0.12352810061733674,-0.1381599011157351,0.43243243243243246,-0.13023904767041591
BOE,nationwide_hpi_yoy,Nationwide House Prices (YoY),Housing,74,-0.1902071822299211,-0.1295077023299434,0.4864864864864865,-0.13936130721934897
BOE,house_price_index_yoy,House Price Index (YoY),Housing,75,-0.19749341847177201,-0.12879682611588678,0.49333333333333335,-0.1400524237373187
BOE,ppi_core_output_yoy,PPI Core Output (YoY),Inflation,66,-0.20623978639405777,-0.12467245392654977,0.48484848484848486,-0.14658223543559987
BOE,ppi_input_yoy,PPI Input (YoY),Inflation,67,-0.20997075811486135,-0.11733008902368636,0.4626865671641791,-0.15510977889886493
BOE,ppi_output_yoy,PPI Output (YoY),Inflation,67,-0.21346739564953268,-0.15499312255823447,0.4925373134328358,-0.15621670921910236
BOE,cpi_headline_mom,Headline CPI (MoM),Inflation,68,-0.17944620068084516,-0.21207279722750688,0.4264705882352941,-0.182756704214557
BOE,core_cpi_mom,Core CPI (MoM),Inflation,70,-0.17093264766426056,-0.19102125043151852,0.4,-0.18277269896158582
BOE,claimant_count_change,Claimant Count Change,Labor,75,-0.1207992848106776,-0.31185143565109996,0.4266666666666667,-0.1832884064340021
BOE,cbi_industrial_trends_orders,CBI Industrial Trends Orders,Sentiment,76,-0.20046006143280087,-0.20562755736365945,0.4342105263157895,-0.1882340873991825
BOJ,leading_index_mom,Leading Index (MoM),Growth,22,0.30056223637343715,0.16666669326609637,0.5909090909090909,0.23664476253018385
BOJ,manufacturing_pmi,S&P Global Manufacturing PMI,Growth,76,0.15987929509407695,0.1813867504154612,0.5921052631578947,0.1711977779348347
BOJ,machine_tool_orders_yoy,Machine Tool Orders (YoY),Growth,75,0.061646740847413076,0.14237654606722894,0.6,0.11353633424387521
BOJ,imports_yoy,Imports (YoY),Growth,75,0.12530428476133784,0.12125264049126379,0.5066666666666667,0.10169460119471474
BOJ,gdp_qoq,GDP (QoQ),Growth,24,0.03879198801557025,0.16670303666821343,0.5416666666666666,0.0860735716749158
BOJ,unemployment_rate,Unemployment Rate,Labor,74,0.05713778280454217,0.12268080118186464,0.5135135135135135,0.07077853716223587
BOJ,exports_yoy,Exports (YoY),Growth,75,0.06966266666808131,0.10417229763245227,0.49333333333333335,0.06341635595710966
BOJ,ppi_mom,PPI (MoM),Inflation,67,0.07632937829372714,0.05808637199118888,0.47761194029850745,0.046635376863623214
BOJ,current_account,Current Account,Growth,74,0.06851834403782064,0.04500555349870417,0.47297297297297297,0.036950027257710766
BOJ,household_spending_yoy,Household Spending (YoY),Growth,74,-0.04682303433614089,0.0033475530896714023,0.5945945945945946,0.015430586596668829
BOJ,cpi_headline_yoy,Headline CPI (YoY),Inflation,74,0.011696867754695481,0.02318119638654271,0.4864864864864865,0.007397387387905158
BOJ,coincident_index,Coincident Index,Growth,74,0.009836756922878404,0.013581865281331772,0.4864864864864865,0.0035875326404333392
BOJ,cpi_ex_food_energy_yoy,CPI Ex Food and Energy (YoY),Inflation,74,0.010784963961615221,-0.01840218319892553,0.4864864864864865,-0.005533578384275444
BOJ,core_cpi_yoy,Core CPI (YoY),Inflation,73,0.011269919387643521,-0.01488102464999068,0.4794520547945205,-0.007048525783367236
BOJ,cpi_index,Consumer Price Index,Inflation,70,-0.017524676769679597,-0.026913926604506727,0.5142857142857142,-0.011122230651906121
BOJ,industrial_production_mom,Industrial Production (MoM),Growth,75,-0.03739451416720184,-0.00792391903065491,0.52,-0.013074432792797387
BOJ,retail_sales_yoy,Retail Sales (YoY),Growth,74,-0.06342907462632458,-0.053007301857718604,0.581081081081081,-0.015184295438045455
BOJ,balance_of_trade,Balance of Trade,Growth,75,-0.04384571929513604,-0.043869132290184916,0.5466666666666666,-0.01641693266795684
BOJ,coincident_indicator_mom,Coincident Indicator (MoM),Growth,22,-0.030442215234582595,0.028248592078999386,0.45454545454545453,-0.02492834817540967
BOJ,retail_sales_mom,Retail Sales (MoM),Growth,74,-0.06295415847073219,-0.09567982908992977,0.5135135135135135,-0.05477562255693963
BOJ,ppi_yoy,PPI (YoY),Inflation,74,-0.11317181395726515,-0.08977796404027591,0.5540540540540541,-0.06189767456909373
BOJ,services_pmi,S&P Global Services PMI,Growth,75,-0.06789099148912721,-0.09023840530610557,0.49333333333333335,-0.06368368400306193
BOJ,industrial_production_yoy,Industrial Production (YoY),Growth,74,-0.05649410983352081,-0.09258477630709368,0.47297297297297297,-0.06683329861969932
BOJ,consumer_confidence,Consumer Confidence,Sentiment,75,-0.0840272938957498,-0.04980327984010599,0.4533333333333333,-0.07562129756657338
BOJ,capacity_utilization,Capacity Utilization,Growth,73,-0.1002108325890801,-0.10180135165072947,0.4657534246575342,-0.0943444519267452
BOJ,leading_economic_index,Leading Economic Index,Growth,74,-0.08436693239271241,-0.11773069657701596,0.44594594594594594,-0.09912429679108262
BOJ,machinery_orders_mom,Machinery Orders (MoM),Growth,73,-0.12268048970215313,-0.10928725722752378,0.4794520547945205,-0.10234560010152548
BOJ,machinery_orders_yoy,Machinery Orders (YoY),Growth,74,-0.13425015317784225,-0.10389591189617305,0.47297297297297297,-0.10910466096858384
BOJ,composite_pmi,S&P Global Composite PMI,Growth,73,-0.09218588908393295,-0.12510994613170381,0.410958904109589,-0.11924236673764202
BOJ,eco_watchers_current,Eco Watchers Survey Current,Sentiment,75,-0.12357378772295857,-0.19195504608320751,0.48,-0.12737340768644154
BOJ,reuters_tankan_index,Reuters Tankan Index,Sentiment,76,-0.10540721597324605,-0.14662234238601304,0.3684210526315789,-0.14932188964979537
BOJ,tankan_large_manufacturing_outlook,Tankan Large Manufacturing Outlook,Sentiment,25,-0.19924107546335304,-0.09702480447310084,0.44,-0.15272797907360677
BOJ,tankan_large_non_manufacturing_index,Tankan Large Non-Manufacturing Index,Sentiment,25,-0.18970609997619264,-0.1193521780786856,0.44,-0.154658703411702
BOJ,tankan_large_manufacturers_index,Tankan Large Manufacturers Index,Sentiment,25,-0.19915973160614864,-0.13199616489475172,0.44,-0.16317871527149982
BOJ,tankan_non_manufacturing_outlook,Tankan Non-Manufacturing Outlook,Sentiment,25,-0.21099387058141006,-0.191767545412634,0.48,-0.17102719891449525
BOJ,cpi_headline_mom,Headline CPI (MoM),Inflation,68,-0.15455834281253392,-0.21929858613344974,0.4264705882352941,-0.17248051195218422
BOJ,tertiary_industry_index_mom,Tertiary Industry Index (MoM),Growth,73,-0.1306345430366083,-0.2313591398421128,0.3835616438356164,-0.1813003559366914
BOJ,household_spending_mom,Household Spending (MoM),Growth,74,-0.21389858771906112,-0.26323819532139503,0.4189189189189189,-0.2183531848883815
BOJ,eco_watchers_outlook,Eco Watchers Survey Outlook,Sentiment,75,-0.20485042797302178,-0.2952872179009583,0.41333333333333333,-0.22567804602346506
BOJ,tankan_large_all_industry_capex,Tankan Large All Industry Capex,Sentiment,25,-0.2525245422864635,-0.24004616716403193,0.4,-0.2382761212924413
BOJ,tankan_small_manufacturers_index,Tankan Small Manufacturers Index,Sentiment,24,-0.3348801183644926,-0.2615172024258986,0.375,-0.2958952199100159
ECB,services_pmi,Services PMI,Growth,19,0.3253440982705971,0.33977186053872793,0.5789473684210527,0.296182554665338
ECB,composite_pmi,Composite PMI,Growth,19,0.3055003497912533,0.2939886197891535,0.5789473684210527,0.27252570820079375
ECB,consumer_inflation_expectation,Consumer Inflation Expectation,Inflation,75,0.2484535857830259,0.1823724137355987,0.5866666666666667,0.21360518367885922
ECB,cpi_index,Consumer Price Index,Inflation,50,0.19701152491707621,0.16231271628396327,0.58,0.17919957734372705
ECB,unemployment_rate,Unemployment Rate,Labor,74,0.044411098317186065,0.14012007070390592,0.5540540540540541,0.08586319199138642
ECB,consumer_confidence,Consumer Confidence,Sentiment,76,0.06480513951321826,0.11329732924427091,0.5263157894736842,0.07691808431936407
ECB,core_cpi_yoy,Core HICP (YoY),Inflation,75,0.009171341590515827,0.012608199421387509,0.52,0.016368130621674172
ECB,zew_economic_sentiment,ZEW Economic Sentiment Index,Sentiment,75,-0.05287265794350405,-0.04634522786036218,0.49333333333333335,-0.043006563996527344
ECB,construction_output_yoy,Construction Output (YoY),Growth,73,0.029771037605846266,-0.22827648066815112,0.410958904109589,-0.08921386375368659
ECB,cpi_headline_yoy,Headline HICP (YoY),Inflation,75,-0.10326549105054544,-0.1048001142062269,0.4533333333333333,-0.10173944645380746
ECB,construction_output_mom,Construction Output (MoM),Growth,21,-0.010840615492781862,-0.1656920427752298,0.38095238095238093,-0.10274696819800751
ECB,manufacturing_pmi,Manufacturing PMI,Growth,68,-0.11755877347350309,-0.13054516387061982,0.45588235294117646,-0.1155899947214669
ECB,gdp_qoq,GDP (QoQ),Growth,23,-0.4295702780168106,-0.01741335772128275,0.4782608695652174,-0.22870479849870318
ECB,economic_sentiment,Economic Sentiment,Sentiment,76,-0.23085824104523284,-0.2843235172948792,0.40789473684210525,-0.23756828097423807
ECB,cpi_headline_mom,Headline HICP (MoM),Inflation,71,-0.21419842615930854,-0.26719319686056364,0.36619718309859156,-0.24077829889838676
FED,sp_global_composite_pmi,S&P Global Composite PMI,Growth,31,0.35821985431031345,0.3009691347496855,0.5483870967741935,0.2887555062897398
FED,sp_global_services_pmi,S&P Global Services PMI,Growth,31,0.3619831974650502,0.32136378691474027,0.5161290322580645,0.283852347710173
FED,sp_global_manufacturing_pmi,S&P Global Manufacturing PMI,Growth,29,0.27229654929431873,0.26709377209248,0.5517241379310345,0.23696606144731713
FED,retail_sales_mom,Retail Sales (MoM),Growth,38,0.046381931640030724,0.4057899910876115,0.7105263157894737,0.22913848946208826
FED,challenger_job_cuts,Challenger Job Cuts,Labor,35,0.1655400198707806,0.21792717086834737,0.6857142857142857,0.2224338754816088
FED,ism_manufacturing_employment,ISM Manufacturing Employment,Growth,33,0.18922867653908426,0.1725464186291459,0.6666666666666666,0.21304493052495255
FED,avg_hourly_earnings_mom,Average Hourly Earnings (MoM),Labor,37,0.1479089523427203,0.2605757371023139,0.6486486486486487,0.21158665676151378
FED,adp_employment_change,ADP Employment Change,Labor,35,0.1589518221667195,0.23180895077506328,0.6285714285714286,0.20044716774445015
FED,core_pce_price_index_yoy,Core PCE Price Index (YoY),Inflation,45,0.17187386068643987,0.17582655329518934,0.6,0.1786848963317767
FED,philly_fed_mfg,Philadelphia Fed Manufacturing Index,Growth,40,0.1833810502140674,0.17655612383980568,0.575,0.17465736225897538
FED,pce_price_index_yoy,PCE Price Index (YoY),Inflation,45,0.20416377764899327,0.16333127091513683,0.5555555555555556,0.1733034923212599
FED,unemployment_rate,Unemployment Rate,Labor,36,0.18117127321285426,0.2287010019010298,0.5277777777777778,0.1703070482878472
FED,ppi_mom,PPI (MoM),Inflation,35,0.16581091172844584,0.12173518709330068,0.6,0.15942601199221312
FED,ny_empire_state_mfg,NY Empire State Manufacturing Index,Growth,39,0.16834982543349725,0.17410669185261257,0.5384615384615384,0.15179153565714779
FED,ism_services_employment,ISM Services Employment,Growth,26,0.17231691675327596,0.15263526182910114,0.5384615384615384,0.14733365230998371
FED,participation_rate,Labor Force Participation Rate,Labor,36,0.13484798765924572,0.09462381370759781,0.5833333333333334,0.12914447127523554
FED,ism_manufacturing_pmi,ISM Manufacturing PMI,Growth,33,0.12765519879523324,0.15330604030658793,0.5454545454545454,0.12800122967141117
FED,core_ppi_mom,Core PPI (MoM),Inflation,32,0.13325416828088016,0.12044335340712452,0.53125,0.11526009016257743
FED,core_pce_price_index_mom,Core PCE Price Index (MoM),Inflation,42,0.12588562272672857,0.10747541975852382,0.5476190476190477,0.1142330563385405
FED,new_home_sales,New Home Sales,Housing,43,0.14844641537456454,0.13818099454858868,0.46511627906976744,0.10172401767976584
FED,private_nonfarm_payrolls,Private Nonfarm Payrolls,Labor,37,0.10988497511762668,0.0144626874772465,0.5945945945945946,0.09711913163982513
FED,government_payrolls,Government Payrolls,Labor,37,0.1330332474221489,-0.02880853606492928,0.5945945945945946,0.09571190072943352
FED,manufacturing_payrolls,Manufacturing Payrolls,Labor,37,0.11665325306706867,0.03071267833378825,0.5675675675675675,0.09456745706069783
FED,average_weekly_hours,Average Weekly Hours,Labor,37,0.06745280192569812,0.10836004426302329,0.5675675675675675,0.09326144126878307
FED,import_prices_yoy,Import Prices (YoY),Inflation,38,0.12266574842626762,0.13485114562410974,0.47368421052631576,0.09126190211089305
FED,ism_manufacturing_new_orders,ISM Manufacturing New Orders,Growth,33,0.0962332660705926,0.06502842222356495,0.5454545454545454,0.08580697788418395
FED,nfp,Non-Farm Payrolls,Labor,37,0.11308588075246272,-0.04350660905040545,0.5945945945945946,0.08132879549894757
FED,export_prices_yoy,Export Prices (YoY),Inflation,39,0.09449993109167229,0.08502454588549722,0.5128205128205128,0.07788553443969043
FED,ppi_yoy,PPI (YoY),Inflation,36,0.12456831202200072,0.08846254070667547,0.4722222222222222,0.07771180711189189
FED,core_ppi_yoy,Core PPI (YoY),Inflation,36,0.13627565392627772,0.0923433807562628,0.4444444444444444,0.07361861896779548
FED,cpi_headline_mom,Headline CPI (MoM),Inflation,32,0.038483381438318295,0.12249607883482155,0.53125,0.06849051436960561
FED,pce_price_index_mom,PCE Price Index (MoM),Inflation,40,0.032351584503301334,0.022219930823109628,0.6,0.06284177149858355
FED,cpi_headline_yoy,Headline CPI (YoY),Inflation,36,0.1114885967377039,0.09672851935274539,0.4444444444444444,0.06254063195245332
FED,export_prices_mom,Export Prices (MoM),Inflation,37,0.01274902939379801,0.06422515529958517,0.5405405405405406,0.04185827750299079
FED,ism_manufacturing_prices,ISM Manufacturing Prices Paid,Growth,33,0.05152793522957157,0.03977272727272728,0.48484848484848486,0.03163517973599791
FED,avg_hourly_earnings_yoy,Average Hourly Earnings (YoY),Labor,36,-0.004289368842375663,0.02499518344871639,0.5277777777777778,0.016464981724538204
FED,core_cpi_mom,Core CPI (MoM),Inflation,34,0.036847637669937254,0.05758846469439475,0.4411764705882353,0.012170946478581163
FED,import_prices_mom,Import Prices (MoM),Inflation,36,-0.049246929801051616,0.04256427103206039,0.5555555555555556,0.010368038631314542
FED,cpi_index,CPI Index,Inflation,28,0.058230640293069263,0.03065134099616858,0.42857142857142855,0.009739293873956625
FED,consumer_inflation_expectations,Consumer Inflation Expectations,Inflation,37,0.03758023419350327,-0.03967933551158704,0.4594594594594595,-0.009329899772940681
FED,retail_sales_yoy,Retail Sales (YoY),Growth,41,-0.05706925882799494,-0.025925926024372107,0.3902439024390244,-0.08021484624569934
FED,nfib_business_optimism,NFIB Business Optimism Index,Sentiment,36,-0.0843180966868252,-0.06863250974768273,0.4444444444444444,-0.08497102348993965
FED,michigan_inflation_expectations,Michigan Inflation Expectations,Inflation,46,-0.12142520048022987,-0.09197250682444762,0.45652173913043476,-0.10569565663527532
FED,umich_consumer_sentiment,UMich Consumer Sentiment,Sentiment,46,-0.1473344712210102,-0.10922996315287249,0.4782608695652174,-0.11513187673027989
FED,umich_inflation_exp_5y,UMich 5Y Inflation Expectations,Inflation,45,-0.17264066527145125,-0.029112754987012622,0.37777777777777777,-0.1439430480207183
RBA,ai_group_industry_index,Ai Group Industry Index,Growth,36,0.14502309252898804,0.21548561900053803,0.5833333333333334,0.17049056529798878
RBA,ai_group_manufacturing_index,Ai Group Manufacturing Index,Growth,69,0.07313825088418045,0.13080731517536293,0.5362318840579711,0.09030407361788753
RBA,leading_index_mom,Leading Index (MoM),Growth,61,0.018083841210952568,0.13023268081432238,0.5409836065573771,0.06450516747272383
RBA,nab_business_confidence,NAB Business Confidence,Sentiment,71,0.0640960042899773,0.008063650181619914,0.5352112676056338,0.04855160424172813
RBA,imports_mom,Imports (MoM),Trade,74,0.04808086841891811,0.04481780694902828,0.527027027027027,0.04829658710497833
RBA,building_permits,Building Permits,Housing,70,0.026156715967608875,0.06248195622967333,0.5285714285714286,0.043251516281277866
RBA,commodity_prices_yoy,Commodity Prices (YoY),Inflation,52,-0.038033457883812044,0.08473671855252442,0.4807692307692308,-0.001288021068456385
RBA,td_mi_inflation_gauge_mom,TD-MI Inflation Gauge (MoM),Inflation,73,0.025379045345827606,0.01641229175750126,0.4383561643835616,-0.007044324046411171
RBA,manufacturing_pmi,Manufacturing PMI,Growth,58,-0.12132739928799699,0.00812382736865139,0.603448275862069,-0.016847241088575493
RBA,private_house_approvals_mom,Private House Approvals (MoM),Housing,52,-0.08243412836483684,0.0005550811454577655,0.5384615384615384,-0.025665924454165715
RBA,westpac_consumer_confidence_index,Westpac Consumer Confidence Index,Sentiment,75,-0.04326742739457486,-0.02670118714767449,0.49333333333333335,-0.032310736508256443
RBA,ai_group_construction_index,Ai Group Construction Index,Growth,69,-0.03889387977936853,-0.00876920548661651,0.4492753623188406,-0.04236755660813299
RBA,private_sector_credit_yoy,Private Sector Credit (YoY),Growth,74,-0.07939293141625108,-0.04445432138405731,0.5,-0.05303276212334273
RBA,cpi_headline_qoq,Headline CPI (QoQ),Inflation,25,-0.2568617501130898,0.09332853136045385,0.6,-0.06043231564840876
RBA,services_pmi,Services PMI,Growth,59,-0.1772087934448131,0.008593727461153153,0.559322033898305,-0.06229746492473859
RBA,retail_sales_mom,Retail Sales (MoM),Growth,64,-0.18171321094159093,0.06679348116519146,0.515625,-0.06456856112123802
RBA,ai_group_services_index,Ai Group Services Index,Growth,33,-0.12209141896488092,-0.03761284061774322,0.5151515151515151,-0.06626895560715737
RBA,part_time_employment_change,Part-Time Employment Change,Labor,75,-0.1829216839217088,0.014580784665493014,0.5333333333333333,-0.07375327322787316
RBA,consumer_inflation_expectation,Consumer Inflation Expectation,Inflation,74,-0.10762107604612929,-0.07401592427798132,0.5,-0.07601531530645904
RBA,monthly_cpi_indicator,Monthly CPI Indicator,Inflation,38,-0.05863074160238908,-0.05532431712175499,0.42105263157894735,-0.0774916133061421
RBA,import_price_index_qoq,Import Price Index (QoQ),Inflation,24,-0.160916155529347,-0.06874049756145983,0.5416666666666666,-0.08441356036644479
RBA,composite_pmi,Composite PMI,Growth,56,-0.18121792169917114,-0.003248196717086963,0.5178571428571429,-0.0844405627218545
RBA,corelogic_dwelling_prices_mom,CoreLogic Dwelling Prices (MoM),Housing,31,-0.16978970364630586,-0.06460826576467818,0.5483870967741935,-0.08492249284287898
RBA,housing_credit_mom,Housing Credit (MoM),Growth,41,-0.11891577591174703,-0.10126747423937749,0.5121951219512195,-0.08496008144719895
RBA,westpac_consumer_confidence_change,Westpac Consumer Confidence Change,Sentiment,75,-0.15101698650912287,-0.06928192947641153,0.4533333333333333,-0.11495973876415157
RBA,employment_change,Employment Change,Labor,75,-0.25351326342586933,0.006927650860580583,0.52,-0.11667833645476049
RBA,cpi_headline_yoy,Headline CPI (YoY),Inflation,28,-0.1859684215649942,-0.04331740942534842,0.4642857142857143,-0.12026514789581591
RBA,current_account,Current Account,Trade,24,-0.222186565567262,-0.15394651375015336,0.5416666666666666,-0.14061057024201035
RBA,full_time_employment_change,Full-Time Employment Change,Labor,75,-0.23134882034362778,-0.14196503507887342,0.52,-0.1502639206954759
RBA,producer_price_index_qoq,Producer Price Index (QoQ),Inflation,24,-0.3104329646551039,-0.07163211387536218,0.5,-0.1767061164901606
RBA,rba_trimmed_mean_cpi_yoy,RBA Trimmed Mean CPI (YoY),Inflation,24,-0.16855587368251954,-0.15926898982390558,0.375,-0.18205863378843146
RBA,rba_weighted_median_cpi_yoy,RBA Weighted Median CPI (YoY),Inflation,23,-0.18726882057947034,-0.16287160645381066,0.391304347826087,-0.18597415309544357
RBA,consumer_price_index,Consumer Price Index,Inflation,18,-0.14132422460154512,-0.3663570691434469,0.4444444444444444,-0.20279145526602885
RBA,rba_trimmed_mean_cpi_qoq,RBA Trimmed Mean CPI (QoQ),Inflation,24,-0.25993684994366795,-0.13612648366058597,0.4166666666666667,-0.2041397034033431
RBA,balance_of_trade,Balance of Trade,Trade,74,-0.21826954528858325,-0.1949352091817845,0.3918918918918919,-0.21085857864207022
RBA,producer_price_index_yoy,Producer Price Index (YoY),Inflation,24,-0.3060168722892729,-0.2094494050177552,0.4166666666666667,-0.2491765909832963
RBA,rba_weighted_median_cpi_qoq,RBA Weighted Median CPI (QoQ),Inflation,23,-0.27741967424061165,-0.18619891888935503,0.34782608695652173,-0.2554390780045036
RBA,thomson_reuters_ipsos_pcsi,Thomson Reuters IPSOS PCSI,Sentiment,21,-0.2993495494964853,-0.212987012987013,0.38095238095238093,-0.26118992626339416
RBA,export_price_index_qoq,Export Price Index (QoQ),Inflation,24,-0.2555231955460438,-0.3078930275003067,0.375,-0.2701295060231139
RBA,exports_mom,Exports (MoM),Trade,73,-0.33541722877463537,-0.2735081334651146,0.410958904109589,-0.28537749278301644
RBA,private_sector_credit_mom,Private Sector Credit (MoM),Growth,72,-0.3800376653462562,-0.31845418122501407,0.4444444444444444,-0.30777730926285457
RBNZ,capacity_utilization,Capacity Utilization,Growth,25,0.031597028324331304,0.031165835319636837,0.64,0.08114826475805671
RBNZ,cpi_headline_qoq,Headline CPI (QoQ),Inflation,25,-0.0011567625621555246,0.055202069712839294,0.52,0.023982239632774034
RBNZ,credit_card_spending_yoy,Credit Card Spending (YoY),Growth,63,0.016111627964701076,-0.012964719741610786,0.5396825396825397,0.020039413932883166
RBNZ,business_confidence,Business Confidence,Growth,74,-0.032050516326363965,-0.0017919554530725224,0.5540540540540541,0.005058776822517885
RBNZ,imports,Imports,Growth,74,-0.0017361271795660724,0.017657166627777738,0.4864864864864865,-0.00097631900685511
RBNZ,exports,Exports,Growth,75,-0.0012959969570531084,-0.013770342573789784,0.48,-0.012779101250663496
RBNZ,balance_of_trade,Balance of Trade,Growth,75,-0.07140436607318737,-0.08739687055476528,0.49333333333333335,-0.06458791086968993
RBNZ,employment_change_qoq,Employment Change (QoQ),Labor,22,-0.03217266805937589,-0.08038520279786462,0.4090909090909091,-0.07656553123268368
RBNZ,participation_rate,Labor Force Participation Rate,Labor,24,-0.05897015563247728,-0.07279885406333002,0.4166666666666667,-0.08465806736857097
RBNZ,cpi_headline_yoy,Headline CPI (YoY),Inflation,25,-0.07202711501871052,-0.095128143424662,0.44,-0.08855200053675386
RBNZ,labour_cost_index_qoq,Labour Cost Index (QoQ),Labor,24,-0.0816002554656856,-0.0864450917052236,0.375,-0.11673365524440989
RBNZ,unemployment_rate,Unemployment Rate,Labor,24,-0.19571748485448862,-0.11551913968133207,0.5,-0.13251448433164392
RBNZ,labour_cost_index_yoy,Labour Cost Index (YoY),Labor,24,-0.12302513437579164,-0.1516012496989774,0.375,-0.15699294209758904
SNB,gdp_qoq,GDP (QoQ),Growth,22,0.3456834279935003,0.2813258588509845,0.5454545454545454,0.2754212898338637
SNB,balance_of_trade,Balance of Trade,Growth,75,0.09446794358219233,0.0896745487500889,0.5333333333333333,0.08746966974945618
SNB,retail_sales_mom,Retail Sales (MoM),Growth,74,0.013486826936530001,0.08660019669737432,0.5,0.0327234724774773
SNB,unemployment_rate,Unemployment Rate,Labor,74,0.04455822023509415,0.02637922582831666,0.47297297297297297,0.01938206705523126
SNB,economic_sentiment_index,Economic Sentiment Index,Sentiment,74,0.03727240275783186,0.024761566260638492,0.44594594594594594,0.004443049635485856
SNB,cpi_headline_yoy,Headline CPI (YoY),Inflation,73,-0.017987744675366266,-0.029469889180324848,0.4931506849315068,-0.020574565119177858
SNB,producer_import_prices_yoy,Producer & Import Prices (YoY),Inflation,75,-0.07620733928380524,-0.029957806515750907,0.4666666666666667,-0.060424344929961224
SNB,producer_import_prices_mom,Producer & Import Prices (MoM),Inflation,67,-0.1117072333686717,-0.0712073136132409,0.4626865671641791,-0.09214118390263647
SNB,retail_sales_yoy,Retail Sales (YoY),Growth,73,-0.12570734350211799,-0.09898393240810165,0.4383561643835616,-0.11720638572006484
SNB,consumer_confidence,Consumer Confidence,Sentiment,43,-0.19988012069587716,-0.27991697704831925,0.46511627906976744,-0.1978686418345274
SNB,cpi_headline_mom,Headline CPI (MoM),Inflation,57,-0.2076673157875305,-0.2305357458639092,0.40350877192982454,-0.2115908728810082
