central_bank_code,currency,indicator_key,indicator,indicator_category,target_families,initial_signed_weight,initial_abs_weight,avg_abs_correlation,avg_model_importance,avg_pca_score,economic_rationale,initial_normalized_abs_weight
BOC,CAD,cpi_headline_yoy,Headline CPI (YoY),Inflation,"inflation,unemployment",0.05360716239741377,0.05360716239741377,0.8306857700932573,0.1067646977476395,0.3886655144833463,"Linked to inflation, unemployment; strongest target link is inflation with Pearson 0.96. strong positive Pearson correlation (0.96); Spearman 0.90; same macro theme; PCA loading signal 0.39; model importance signal 0.09",0.07375392708971497
BOC,CAD,employment_change,Employment Change,Labor,"gdp_growth,inflation,unemployment",0.03920873241256186,0.03920873241256186,0.3241939070086081,0.0167013752616463,0.3072153942361847,"Linked to gdp_growth, inflation, unemployment; strongest target link is gdp_growth with Pearson 0.84. strong positive Pearson correlation (0.84); Spearman 0.42; PCA loading signal 0.31; model importance signal 0.05",0.05394424666983948
BOC,CAD,manufacturing_pmi,Manufacturing PMI,Growth,"gdp_growth,inflation,unemployment",0.038687036231764595,0.038687036231764595,0.3531842144501758,0.0276737555405183,0.3679183096955488,"Linked to gdp_growth, inflation, unemployment; strongest target link is unemployment with Pearson -0.41. moderate negative Pearson correlation (-0.41); Spearman -0.40; PCA loading signal 0.37; model importance signal 0.01",0.053226485453600196
BOC,CAD,full_time_employment_change,Full-Time Employment Change,Labor,"gdp_growth,inflation,unemployment",0.03840365823982607,0.03840365823982607,0.3428640283951741,0.007501213029749866,0.2939698828103399,"Linked to gdp_growth, inflation, unemployment; strongest target link is gdp_growth with Pearson 0.80. strong positive Pearson correlation (0.80); Spearman 0.27; PCA loading signal 0.29",0.052836607705523904
BOC,CAD,ppi_yoy,PPI (YoY),Inflation,"gdp_growth,inflation,unemployment",0.03754761994627243,0.03754761994627243,0.2773205933637836,0.01954275594015657,0.2850960545906697,"Linked to gdp_growth, inflation, unemployment; strongest target link is inflation with Pearson 0.57. moderate positive Pearson correlation (0.57); Spearman 0.52; same macro theme; PCA loading signal 0.29; model importance signal 0.05",0.051658851169546445
BOC,CAD,balance_of_trade,Balance of Trade,Trade,"gdp_growth,inflation,unemployment",0.03713303082914203,0.03713303082914203,0.30385812976699716,0.026104553667446767,0.2338486366816714,"Linked to gdp_growth, inflation, unemployment; strongest target link is unemployment with Pearson -0.36. weak negative Pearson correlation (-0.36); Spearman -0.45; PCA loading signal 0.23; model importance signal 0.05",0.05108845023523958
BOC,CAD,cpi_headline_mom,Headline CPI (MoM),Inflation,"gdp_growth,inflation,unemployment",0.035063565123467394,0.035063565123467394,0.2787170039778358,0.029978026589371296,0.1987183854875247,"Linked to gdp_growth, inflation, unemployment; strongest target link is inflation with Pearson 0.28. weak positive Pearson correlation (0.28); Spearman 0.25; same macro theme; PCA loading signal 0.20; model importance signal 0.04",0.048241233260025156
BOC,CAD,raw_materials_prices_yoy,Raw Materials Prices (YoY),Inflation,"gdp_growth,inflation,unemployment",0.034657558383766995,0.034657558383766995,0.24181716929488636,0.0,0.2611480041221345,"Linked to gdp_growth, inflation, unemployment; strongest target link is inflation with Pearson 0.40. moderate positive Pearson correlation (0.40); Spearman 0.42; same macro theme; PCA loading signal 0.26",0.04768264015159305
BOC,CAD,exports,Exports,Trade,"gdp_growth,inflation,unemployment",0.0333564046264773,0.0333564046264773,0.43737044336757314,0.07370075052566476,0.2886449814289138,"Linked to gdp_growth, inflation, unemployment; strongest target link is unemployment with Pearson -0.79. strong negative Pearson correlation (-0.79); Spearman -0.60; PCA loading signal 0.29; model importance signal 0.21",0.045892483854264345
BOC,CAD,ivey_pmi_sa,Ivey PMI s.a.,Growth,"gdp_growth,inflation,unemployment",0.033055452820978534,0.033055452820978534,0.24471288634694507,0.02023480185118823,0.2313669662300276,"Linked to gdp_growth, inflation, unemployment; strongest target link is gdp_growth with Pearson 0.36. weak positive Pearson correlation (0.36); Spearman 0.27; same macro theme; PCA loading signal 0.23; model importance signal 0.03",0.045478427662374865
BOC,CAD,retail_sales_yoy,Retail Sales (YoY),Growth,"gdp_growth,inflation,unemployment",0.0321505005935775,0.0321505005935775,0.20281551725394087,0.023081658935960436,0.1666807823077939,"Linked to gdp_growth, inflation, unemployment; strongest target link is gdp_growth with Pearson 0.14. weak positive Pearson correlation (0.14); Spearman 0.23; same macro theme; PCA loading signal 0.17; model importance signal 0.03",0.044233374247597754
BOC,CAD,new_housing_price_index_mom,New Housing Price Index (MoM),Housing,"gdp_growth,inflation,unemployment",-0.026984602905068197,0.026984602905068197,0.1352103313142002,0.008668900707870367,0.3142587968528253,"Linked to gdp_growth, inflation, unemployment; strongest target link is unemployment with Pearson 0.27. weak positive Pearson correlation (0.27); Spearman 0.31; PCA loading signal 0.31; model importance signal 0.03",0.037126017237228866
BOC,CAD,retail_sales_ex_autos_mom,Retail Sales Ex Autos (MoM),Growth,gdp_growth,0.02571506160918533,0.02571506160918533,0.944682911554944,0.0382714500861866,0.2768860914433692,Linked to gdp_growth; strongest target link is gdp_growth with Pearson 0.94. strong positive Pearson correlation (0.94); Spearman 0.85; same macro theme; PCA loading signal 0.28; model importance signal 0.04,0.035379354067860205
BOC,CAD,imports,Imports,Trade,"gdp_growth,inflation,unemployment",0.0249490385005521,0.0249490385005521,0.3723276344515232,0.0,0.3276857085120525,"Linked to gdp_growth, inflation, unemployment; strongest target link is unemployment with Pearson -0.71. strong negative Pearson correlation (-0.71); Spearman -0.31; PCA loading signal 0.33",0.03432544242664456
BOC,CAD,vehicle_sales_mom,Vehicle Sales (MoM),Growth,"gdp_growth,inflation,unemployment",-0.024432384450801765,0.024432384450801765,0.2033854425493841,0.0,0.20220844953276793,"Linked to gdp_growth, inflation, unemployment; strongest target link is unemployment with Pearson 0.38. weak positive Pearson correlation (0.38); Spearman 0.37; PCA loading signal 0.20",0.03361461828651565
BOC,CAD,cfib_business_barometer,CFIB Business Barometer,Sentiment,"gdp_growth,inflation,unemployment",0.023959503256223598,0.023959503256223598,0.17789838005228717,0.022479469804226566,0.2645266355697165,"Linked to gdp_growth, inflation, unemployment; strongest target link is unemployment with Pearson -0.23. weak negative Pearson correlation (-0.23); Spearman -0.15; PCA loading signal 0.26; model importance signal 0.02",0.03296401781472687
BOC,CAD,composite_pmi,Composite PMI,Growth,"gdp_growth,inflation,unemployment",-0.02341780082369053,0.02341780082369053,0.2509102333400957,0.0,0.0,"Linked to gdp_growth, inflation, unemployment; strongest target link is gdp_growth with Pearson -0.25. weak negative Pearson correlation (-0.25); Spearman -0.26; same macro theme",0.032218731552096924
BOC,CAD,services_pmi,Services PMI,Growth,"gdp_growth,inflation,unemployment",-0.023074113619511297,0.023074113619511297,0.24831852611267324,0.0020137503334054997,0.0,"Linked to gdp_growth, inflation, unemployment; strongest target link is gdp_growth with Pearson -0.26. weak negative Pearson correlation (-0.26); Spearman -0.28; same macro theme; model importance signal 0.01",0.031745879047597896
BOC,CAD,budget_balance,Budget Balance,Growth,"gdp_growth,inflation,unemployment",0.022165876299863732,0.022165876299863732,0.3835088176639651,0.13454611483424997,0.2516379907446192,"Linked to gdp_growth, inflation, unemployment; strongest target link is unemployment with Pearson -0.69. moderate negative Pearson correlation (-0.69); Spearman -0.59; PCA loading signal 0.25; model importance signal 0.04",0.03049630592979608
BOC,CAD,core_cpi_mom,Core CPI (MoM),Inflation,"gdp_growth,inflation,unemployment",0.0191156802711125,0.0191156802711125,0.2666729039915066,0.006317917740381634,0.33478912414726486,"Linked to gdp_growth, inflation, unemployment; strongest target link is inflation with Pearson 0.38. weak positive Pearson correlation (0.38); Spearman 0.32; same macro theme; PCA loading signal 0.33; model importance signal 0.02",0.026299778349281766
BOC,CAD,retail_sales_mom,Retail Sales (MoM),Growth,"inflation,unemployment",-0.014649595799198133,0.014649595799198133,0.0810576176671059,0.0,0.2821038372612122,"Linked to inflation, unemployment; strongest target link is unemployment with Pearson 0.11. weak positive Pearson correlation (0.11); Spearman -0.01; PCA loading signal 0.28",0.020155239937116685
BOC,CAD,new_motor_vehicle_sales,New Motor Vehicle Sales,Growth,"gdp_growth,inflation,unemployment",0.012902579506752465,0.012902579506752465,0.17121850431204935,0.0032896360933462004,0.2015110234135562,"Linked to gdp_growth, inflation, unemployment; strongest target link is gdp_growth with Pearson 0.24. weak positive Pearson correlation (0.24); Spearman 0.04; same macro theme; PCA loading signal 0.20; model importance signal 0.01",0.017751656040950636
BOC,CAD,new_housing_price_index_yoy,New Housing Price Index (YoY),Housing,"gdp_growth,inflation,unemployment",0.012696870154716435,0.012696870154716435,0.15175884421714558,0.1256197306059231,0.2951192593948749,"Linked to gdp_growth, inflation, unemployment; strongest target link is inflation with Pearson 0.43. moderate positive Pearson correlation (0.43); Spearman 0.28; PCA loading signal 0.30; model importance signal 0.38",0.017468636536219866
BOC,CAD,unemployment_rate,Unemployment Rate,Labor,"gdp_growth,inflation",-0.011675734969682432,0.011675734969682432,0.3804120432380576,0.01160813468817045,0.3419538347147182,"Linked to gdp_growth, inflation; strongest target link is inflation with Pearson -0.65. moderate negative Pearson correlation (-0.65); Spearman -0.71; PCA loading signal 0.34; model importance signal 0.02",0.016063736022601676
BOC,CAD,raw_materials_prices_mom,Raw Materials Prices (MoM),Inflation,"gdp_growth,inflation,unemployment",-0.010871747526889766,0.010871747526889766,0.34876747843941486,0.0,0.217349393707546,"Linked to gdp_growth, inflation, unemployment; strongest target link is gdp_growth with Pearson 0.65. moderate positive Pearson correlation (0.65); Spearman 0.30; PCA loading signal 0.22",0.014957592205527757
BOC,CAD,ppi_mom,PPI (MoM),Inflation,"gdp_growth,inflation,unemployment",0.009163410622786333,0.009163410622786333,0.1039701297021788,0.010462399302126233,0.0,"Linked to gdp_growth, inflation, unemployment; strongest target link is inflation with Pearson 0.01. weak positive Pearson correlation (0.01); Spearman -0.02; same macro theme; model importance signal 0.03",0.012607224272678684
BOC,CAD,manufacturing_sales_mom,Manufacturing Sales (MoM),Growth,"gdp_growth,inflation,unemployment",0.006562575809665964,0.006562575809665964,0.31029818631995826,0.012516405849794666,0.2961141172266595,"Linked to gdp_growth, inflation, unemployment; strongest target link is gdp_growth with Pearson 0.87. strong positive Pearson correlation (0.87); Spearman 0.22; same macro theme; PCA loading signal 0.30; model importance signal 0.04",0.009028937853464552
BOC,CAD,core_cpi_yoy,Core CPI (YoY),Inflation,gdp_growth,-0.006547838696679133,0.006547838696679133,0.0472005279593554,0.0,0.3682846424639844,Linked to gdp_growth; strongest target link is gdp_growth with Pearson -0.05. weak negative Pearson correlation (-0.05); Spearman -0.02; PCA loading signal 0.37,0.009008662205432937
BOC,CAD,wholesale_sales_mom,Wholesale Sales (MoM),Growth,"gdp_growth,inflation,unemployment",0.006155659238182199,0.006155659238182199,0.3028040190837384,0.0097661694689475,0.2825079123473913,"Linked to gdp_growth, inflation, unemployment; strongest target link is gdp_growth with Pearson 0.85. strong positive Pearson correlation (0.85); Spearman 0.26; same macro theme; PCA loading signal 0.28; model importance signal 0.03",0.008469092978215973
BOC,CAD,gdp_mom,GDP (MoM),Growth,"gdp_growth,inflation,unemployment",0.0059200559884897315,0.0059200559884897315,0.3068576515385324,0.0,0.3029410682734002,"Linked to gdp_growth, inflation, unemployment; strongest target link is gdp_growth with Pearson 0.90. strong positive Pearson correlation (0.90); Spearman 0.45; same macro theme; PCA loading signal 0.30",0.008144944783780738
BOC,CAD,part_time_employment_change,Part-Time Employment Change,Labor,"gdp_growth,inflation,unemployment",-0.0030072234519313013,0.0030072234519313013,0.2592494598851946,0.020601282670972266,0.2598300173507031,"Linked to gdp_growth, inflation, unemployment; strongest target link is gdp_growth with Pearson 0.73. strong positive Pearson correlation (0.73); Spearman 0.42; PCA loading signal 0.26; model importance signal 0.05",0.004137404952941931
BOE,GBP,retail_price_index_yoy,Retail Price Index (YoY),Inflation,"gdp_growth,inflation,unemployment",0.04436806671307843,0.04436806671307843,0.5979164054232052,0.0812440794673253,0.2535130341110903,"Linked to gdp_growth, inflation, unemployment; strongest target link is inflation with Pearson 0.90. strong positive Pearson correlation (0.90); Spearman 0.91; same macro theme; PCA loading signal 0.25; model importance signal 0.04",0.06621321985582702
BOE,GBP,cpi_headline_yoy,Headline CPI (YoY),Inflation,"gdp_growth,inflation,unemployment",0.0425780752675698,0.0425780752675698,0.5900802416607784,0.0,0.2486118719189385,"Linked to gdp_growth, inflation, unemployment; strongest target link is inflation with Pearson 0.91. strong positive Pearson correlation (0.91); Spearman 0.93; same macro theme; PCA loading signal 0.25",0.06354190451797447
BOE,GBP,ppi_output_yoy,PPI Output (YoY),Inflation,"gdp_growth,inflation,unemployment",0.03747235029395353,0.03747235029395353,0.4772837352190849,0.0,0.2812314370314687,"Linked to gdp_growth, inflation, unemployment; strongest target link is inflation with Pearson 0.56. moderate positive Pearson correlation (0.56); Spearman 0.47; same macro theme; PCA loading signal 0.28",0.05592231423048987
BOE,GBP,ppi_core_output_yoy,PPI Core Output (YoY),Inflation,"gdp_growth,inflation,unemployment",0.03679089197234673,0.03679089197234673,0.46546187665755606,0.0304942787645627,0.2791065365445043,"Linked to gdp_growth, inflation, unemployment; strongest target link is inflation with Pearson 0.60. moderate positive Pearson correlation (0.60); Spearman 0.48; same macro theme; PCA loading signal 0.28; model importance signal 0.03",0.05490533167943737
BOE,GBP,ppi_input_yoy,PPI Input (YoY),Inflation,"gdp_growth,inflation,unemployment",0.0354253344362014,0.0354253344362014,0.4545481355448944,0.012934731896671601,0.2980000646450012,"Linked to gdp_growth, inflation, unemployment; strongest target link is inflation with Pearson 0.44. moderate positive Pearson correlation (0.44); Spearman 0.32; same macro theme; PCA loading signal 0.30",0.05286742540889167
BOE,GBP,avg_earnings_incl_bonus,Average Earnings (incl. Bonus),Labor,"gdp_growth,inflation,unemployment",0.0353901206972915,0.0353901206972915,0.43072083437762515,0.08498192204646793,0.2454055105116915,"Linked to gdp_growth, inflation, unemployment; strongest target link is inflation with Pearson 0.62. moderate positive Pearson correlation (0.62); Spearman 0.65; PCA loading signal 0.25",0.052814873760620294
BOE,GBP,cbi_industrial_trends_orders,CBI Industrial Trends Orders,Sentiment,"gdp_growth,inflation,unemployment",0.03459675629696146,0.03459675629696146,0.46603832350694413,0.040999253674529904,0.2788656517782382,"Linked to gdp_growth, inflation, unemployment; strongest target link is gdp_growth with Pearson 0.69. moderate positive Pearson correlation (0.69); Spearman 0.65; PCA loading signal 0.28; model importance signal 0.04",0.05163088682234438
BOE,GBP,avg_earnings_excl_bonus,Average Earnings (excl. Bonus),Labor,"gdp_growth,inflation,unemployment",0.03284162917138713,0.03284162917138713,0.41138575429920027,0.008363897083472934,0.2915968584737229,"Linked to gdp_growth, inflation, unemployment; strongest target link is inflation with Pearson 0.64. moderate positive Pearson correlation (0.64); Spearman 0.61; PCA loading signal 0.29; model importance signal 0.03",0.04901160167313767
BOE,GBP,retail_price_index_mom,Retail Price Index (MoM),Inflation,"gdp_growth,inflation,unemployment",0.03172624224650933,0.03172624224650933,0.33608781886210054,0.0169973740847086,0.2117028743733909,"Linked to gdp_growth, inflation, unemployment; strongest target link is inflation with Pearson 0.36. weak positive Pearson correlation (0.36); Spearman 0.41; same macro theme; PCA loading signal 0.21; model importance signal 0.01",0.04734704053372975
BOE,GBP,cpi_headline_mom,Headline CPI (MoM),Inflation,"gdp_growth,inflation,unemployment",0.0293497111139443,0.0293497111139443,0.31375817331280437,0.0,0.2016623350347221,"Linked to gdp_growth, inflation, unemployment; strongest target link is inflation with Pearson 0.35. weak positive Pearson correlation (0.35); Spearman 0.35; same macro theme; PCA loading signal 0.20",0.04380039561470826
BOE,GBP,ppi_core_output_mom,PPI Core Output (MoM),Inflation,"gdp_growth,inflation,unemployment",0.028558222965491632,0.028558222965491632,0.31581832880622734,0.010848058274613335,0.23824550686843823,"Linked to gdp_growth, inflation, unemployment; strongest target link is inflation with Pearson 0.24. weak positive Pearson correlation (0.24); Spearman 0.15; same macro theme; PCA loading signal 0.24; model importance signal 0.02",0.0426192087235668
BOE,GBP,core_cpi_mom,Core CPI (MoM),Inflation,"gdp_growth,inflation,unemployment",0.023215964103924097,0.023215964103924097,0.2359952453369949,0.0044528641776833,0.0,"Linked to gdp_growth, inflation, unemployment; strongest target link is inflation with Pearson 0.29. weak positive Pearson correlation (0.29); Spearman 0.35; same macro theme; model importance signal 0.01",0.03464662423357273
BOE,GBP,core_cpi_yoy,Core CPI (YoY),Inflation,"gdp_growth,unemployment",0.021498744004783035,0.021498744004783035,0.40571328860159495,0.011119538491854,0.2420081755740031,"Linked to gdp_growth, unemployment; strongest target link is unemployment with Pearson -0.56. moderate negative Pearson correlation (-0.56); Spearman -0.58; PCA loading signal 0.24; model importance signal 0.02",0.032083910092779305
BOE,GBP,employment_change,Employment Change,Labor,"gdp_growth,inflation,unemployment",0.020916494919597798,0.020916494919597798,0.20361405702880586,0.007020796557284534,0.0,"Linked to gdp_growth, inflation, unemployment; strongest target link is unemployment with Pearson -0.10. weak negative Pearson correlation (-0.10); Spearman -0.09; same macro theme; model importance signal 0.02",0.03121498364309787
BOE,GBP,ppi_output_mom,PPI Output (MoM),Inflation,"gdp_growth,inflation,unemployment",0.018704493903133966,0.018704493903133966,0.1939234429763458,0.0133012867207851,0.0,"Linked to gdp_growth, inflation, unemployment; strongest target link is gdp_growth with Pearson 0.34. weak positive Pearson correlation (0.34); Spearman 0.59",0.027913877228622087
BOE,GBP,hmrc_payrolls_change,HMRC Payrolls Change,Labor,"gdp_growth,inflation,unemployment",0.017192568265922765,0.017192568265922765,0.3686893005783693,0.020637853957931968,0.3342432743865316,"Linked to gdp_growth, inflation, unemployment; strongest target link is unemployment with Pearson -0.38. weak negative Pearson correlation (-0.38); Spearman -0.48; same macro theme; PCA loading signal 0.33; model importance signal 0.04",0.025657536755873536
BOE,GBP,consumer_confidence,Consumer Confidence,Sentiment,"gdp_growth,inflation,unemployment",-0.01621384173697197,0.01621384173697197,0.46577084466477253,0.025353054665435165,0.2538327099793193,"Linked to gdp_growth, inflation, unemployment; strongest target link is unemployment with Pearson 0.53. moderate positive Pearson correlation (0.53); Spearman 0.52; PCA loading signal 0.25; model importance signal 0.03",0.02419692240773817
BOE,GBP,manufacturing_pmi,Manufacturing PMI,Growth,"gdp_growth,inflation,unemployment",-0.015662041079106966,0.015662041079106966,0.2022992055011237,0.0009785694611947,0.0,"Linked to gdp_growth, inflation, unemployment; strongest target link is inflation with Pearson -0.43. moderate negative Pearson correlation (-0.43); Spearman -0.47",0.02337343603606276
BOE,GBP,core_rpi_mom,Core RPI (MoM),Inflation,"gdp_growth,inflation,unemployment",0.014043183185225,0.014043183185225,0.0805778899251733,0.0,0.2096635849527767,"Linked to gdp_growth, inflation, unemployment; strongest target link is inflation with Pearson 0.07. weak positive Pearson correlation (0.07); Spearman 0.26; same macro theme; PCA loading signal 0.21",0.02095751391946192
BOE,GBP,retail_sales_ex_fuel_yoy,Retail Sales Ex Fuel (YoY),Growth,"gdp_growth,inflation,unemployment",-0.013067348903985532,0.013067348903985532,0.49104143240696946,0.03849050566362137,0.3326698618140483,"Linked to gdp_growth, inflation, unemployment; strongest target link is unemployment with Pearson 0.49. moderate positive Pearson correlation (0.49); Spearman 0.63; PCA loading signal 0.33; model importance signal 0.03",0.019501215852106287
BOE,GBP,public_sector_net_borrowing,Public Sector Net Borrowing,Growth,"gdp_growth,inflation,unemployment",0.011627697361225035,0.011627697361225035,0.18869098489296132,0.013274199584582966,0.20689900895251542,"Linked to gdp_growth, inflation, unemployment; strongest target link is gdp_growth with Pearson 0.31. weak positive Pearson correlation (0.31); Spearman 0.22; same macro theme; PCA loading signal 0.21; model importance signal 0.04",0.01735273449651721
BOE,GBP,house_price_index_yoy,House Price Index (YoY),Housing,"gdp_growth,inflation,unemployment",0.009734480557676867,0.009734480557676867,0.19799764901312264,0.0,0.2558106461273045,"Linked to gdp_growth, inflation, unemployment; strongest target link is gdp_growth with Pearson 0.29. weak positive Pearson correlation (0.29); Spearman 0.49; PCA loading signal 0.26",0.014527369549724755
BOE,GBP,industrial_production_yoy,Industrial Production (YoY),Growth,"gdp_growth,unemployment",0.009368515260692064,0.009368515260692064,0.5871241338148183,0.02584098185899215,0.3013040413071897,"Linked to gdp_growth, unemployment; strongest target link is gdp_growth with Pearson 0.93. strong positive Pearson correlation (0.93); Spearman 0.73; same macro theme; PCA loading signal 0.30; model importance signal 0.03",0.013981216821782817
BOE,GBP,niesr_monthly_gdp_tracker,NIESR Monthly GDP Tracker,Growth,"gdp_growth,inflation,unemployment",0.008869451709381533,0.008869451709381533,0.22734522910471797,0.0129657443823627,0.2647667030528812,"Linked to gdp_growth, inflation, unemployment; strongest target link is gdp_growth with Pearson 0.45. moderate positive Pearson correlation (0.45); Spearman 0.33; same macro theme; PCA loading signal 0.26; model importance signal 0.04",0.013236433307579945
BOE,GBP,retail_sales_yoy,Retail Sales (YoY),Growth,"gdp_growth,inflation,unemployment",-0.0088055245102278,0.0088055245102278,0.47244425378218086,0.0,0.3404996048231921,"Linked to gdp_growth, inflation, unemployment; strongest target link is gdp_growth with Pearson 0.71. strong positive Pearson correlation (0.71); Spearman 0.31; same macro theme; PCA loading signal 0.34",0.01314103078035904
BOE,GBP,nationwide_hpi_yoy,Nationwide House Prices (YoY),Housing,"gdp_growth,inflation,unemployment",0.008530433157845064,0.008530433157845064,0.19547769985525912,0.0,0.20634469076020148,"Linked to gdp_growth, inflation, unemployment; strongest target link is gdp_growth with Pearson 0.36. weak positive Pearson correlation (0.36); Spearman 0.57; PCA loading signal 0.21",0.012730494880439251
BOE,GBP,gdp_mom,GDP (MoM),Growth,"gdp_growth,inflation,unemployment",0.007930725985402367,0.007930725985402367,0.11236490159969599,0.0071211054446908666,0.21610470427070796,"Linked to gdp_growth, inflation, unemployment; strongest target link is gdp_growth with Pearson 0.25. weak positive Pearson correlation (0.25); Spearman 0.11; same macro theme; PCA loading signal 0.22; model importance signal 0.02",0.011835514643530264
BOE,GBP,unemployment_rate,Unemployment Rate,Labor,"gdp_growth,inflation",-0.0077018920872027,0.0077018920872027,0.30018675667682276,0.009098303272387,0.2018655449434155,"Linked to gdp_growth, inflation; strongest target link is inflation with Pearson -0.56. moderate negative Pearson correlation (-0.56); Spearman -0.58; PCA loading signal 0.20; model importance signal 0.02",0.011494011613660942
BOE,GBP,gdp_qoq,GDP (QoQ),Growth,"gdp_growth,inflation,unemployment",0.007581153463954933,0.007581153463954933,0.19336084802090756,0.0,0.2542771630481861,"Linked to gdp_growth, inflation, unemployment; strongest target link is gdp_growth with Pearson 0.42. moderate positive Pearson correlation (0.42); Spearman 0.32; same macro theme; PCA loading signal 0.25",0.01131382587201271
BOE,GBP,gdp_yoy,GDP (YoY),Growth,inflation,0.007462882207998634,0.007462882207998634,0.2551388278507315,0.0,0.2511112738654503,Linked to inflation; strongest target link is inflation with Pearson 0.26. weak positive Pearson correlation (0.26); Spearman 0.23; PCA loading signal 0.25,0.011137322335721577
BOE,GBP,claimant_count_change,Claimant Count Change,Labor,"gdp_growth,inflation,unemployment",-0.007317857440555065,0.007317857440555065,0.32544636212253536,0.021639553793396934,0.2600240832323665,"Linked to gdp_growth, inflation, unemployment; strongest target link is gdp_growth with Pearson -0.65. moderate negative Pearson correlation (-0.65); Spearman -0.54; PCA loading signal 0.26; model importance signal 0.04",0.010920892873663213
BOE,GBP,ppi_input_mom,PPI Input (MoM),Inflation,"gdp_growth,inflation,unemployment",-0.006658825283734799,0.006658825283734799,0.13031500320378378,0.004013641792879867,0.1596193014817409,"Linked to gdp_growth, inflation, unemployment; strongest target link is inflation with Pearson -0.02. weak negative Pearson correlation (-0.02); Spearman -0.22; same macro theme; PCA loading signal 0.16; model importance signal 0.01",0.009937378280300564
BOE,GBP,core_rpi_yoy,Core RPI (YoY),Inflation,"gdp_growth,inflation,unemployment",-0.0058103667107501315,0.0058103667107501315,0.23187925385108676,0.0015730484281426668,0.0,"Linked to gdp_growth, inflation, unemployment; strongest target link is unemployment with Pearson 0.54. moderate positive Pearson correlation (0.54); Spearman 0.59; model importance signal 0.00",0.008671170888509138
BOE,GBP,house_price_index_mom,House Price Index (MoM),Housing,"gdp_growth,inflation,unemployment",0.004195276685526699,0.004195276685526699,0.13845518161101458,0.0,0.2192923964610399,"Linked to gdp_growth, inflation, unemployment; strongest target link is inflation with Pearson -0.22. weak negative Pearson correlation (-0.22); Spearman -0.19; PCA loading signal 0.22",0.006260871796176827
BOE,GBP,retail_sales_mom,Retail Sales (MoM),Growth,"gdp_growth,inflation,unemployment",-0.003022125669052499,0.003022125669052499,0.06018228451477257,0.0,0.1735213017312006,"Linked to gdp_growth, inflation, unemployment; strongest target link is gdp_growth with Pearson 0.09. weak positive Pearson correlation (0.09); Spearman -0.06; same macro theme; PCA loading signal 0.17",0.0045101057174962815
BOE,GBP,retail_sales_ex_fuel_mom,Retail Sales Ex Fuel (MoM),Growth,"gdp_growth,inflation,unemployment",-0.002642934580325367,0.002642934580325367,0.05642090732510193,0.020130533790796434,0.1733677293344962,"Linked to gdp_growth, inflation, unemployment; strongest target link is gdp_growth with Pearson 0.07. weak positive Pearson correlation (0.07); Spearman -0.08; same macro theme; PCA loading signal 0.17; model importance signal 0.06",0.003944215319620121
BOE,GBP,composite_pmi,Composite PMI,Growth,"gdp_growth,inflation,unemployment",-0.0022339523275519014,0.0022339523275519014,0.22114326286781652,0.0016713259485917002,0.0,"Linked to gdp_growth, inflation, unemployment; strongest target link is gdp_growth with Pearson -0.39. weak negative Pearson correlation (-0.39); Spearman -0.44; same macro theme; model importance signal 0.01",0.003333865718517522
BOE,GBP,services_pmi,Services PMI,Growth,"gdp_growth,inflation,unemployment",0.0006852736321729331,0.0006852736321729331,0.33466223906013304,0.0,0.0,"Linked to gdp_growth, inflation, unemployment; strongest target link is gdp_growth with Pearson -0.45. moderate negative Pearson correlation (-0.45); Spearman -0.42; same macro theme",0.0010226763758244297
BOE,GBP,cbi_business_optimism,CBI Business Optimism Index,Sentiment,"gdp_growth,inflation,unemployment",0.00028722636906039966,0.00028722636906039966,0.2822975413514156,0.020368907772906602,0.176866111848199,"Linked to gdp_growth, inflation, unemployment; strongest target link is gdp_growth with Pearson 0.64. moderate positive Pearson correlation (0.64); Spearman 0.11; PCA loading signal 0.18; model importance signal 0.06",0.0004286457385212402
BOJ,JPY,services_pmi,S&P Global Services PMI,Growth,"gdp_growth,inflation,unemployment",0.03977402122778197,0.03977402122778197,0.5006541107363575,0.10690132748075883,0.2276024113633742,"Linked to gdp_growth, inflation, unemployment; strongest target link is gdp_growth with Pearson 0.65. moderate positive Pearson correlation (0.65); Spearman 0.14; same macro theme; PCA loading signal 0.23; model importance signal 0.02",0.05256314922782799
BOJ,JPY,coincident_index,Coincident Index,Growth,"gdp_growth,inflation,unemployment",0.03891060779924163,0.03891060779924163,0.44805742579145963,0.10862800366985981,0.20308626972107416,"Linked to gdp_growth, inflation, unemployment; strongest target link is unemployment with Pearson -0.59. moderate negative Pearson correlation (-0.59); Spearman -0.57; PCA loading signal 0.20; model importance signal 0.05",0.05142210973801206
BOJ,JPY,cpi_ex_food_energy_yoy,CPI Ex Food and Energy (YoY),Inflation,"gdp_growth,inflation,unemployment",0.03881727076633423,0.03881727076633423,0.4707342617995763,0.0094398985943179,0.299368559399061,"Linked to gdp_growth, inflation, unemployment; strongest target link is inflation with Pearson 0.84. strong positive Pearson correlation (0.84); Spearman 0.79; same macro theme; PCA loading signal 0.30; model importance signal 0.01",0.05129876067151719
BOJ,JPY,cpi_index,Consumer Price Index,Inflation,"gdp_growth,inflation,unemployment",0.0356769060494593,0.0356769060494593,0.4230568741208751,0.018530068690063534,0.2118882974725932,"Linked to gdp_growth, inflation, unemployment; strongest target link is inflation with Pearson 0.73. strong positive Pearson correlation (0.73); Spearman 0.70; same macro theme; PCA loading signal 0.21; model importance signal 0.04",0.047148628144117515
BOJ,JPY,composite_pmi,S&P Global Composite PMI,Growth,"gdp_growth,inflation,unemployment",0.03516686428698413,0.03516686428698413,0.44755797307042827,0.0,0.2360756317683934,"Linked to gdp_growth, inflation, unemployment; strongest target link is gdp_growth with Pearson 0.64. moderate positive Pearson correlation (0.64); Spearman 0.15; same macro theme; PCA loading signal 0.24",0.046474585126946286
BOJ,JPY,leading_economic_index,Leading Economic Index,Growth,"gdp_growth,inflation,unemployment",0.03151523059412227,0.03151523059412227,0.34326354463861525,0.037444635347180864,0.2320006974664118,"Linked to gdp_growth, inflation, unemployment; strongest target link is unemployment with Pearson -0.31. weak negative Pearson correlation (-0.31); Spearman -0.27; PCA loading signal 0.23; model importance signal 0.03",0.04164878776479291
BOJ,JPY,retail_sales_yoy,Retail Sales (YoY),Growth,"gdp_growth,inflation,unemployment",0.029962587076565465,0.029962587076565465,0.3799305810965481,0.010178606404059,0.0,"Linked to gdp_growth, inflation, unemployment; strongest target link is gdp_growth with Pearson 0.55. moderate positive Pearson correlation (0.55); Spearman 0.31; same macro theme; model importance signal 0.03",0.039596899864306936
BOJ,JPY,eco_watchers_current,Eco Watchers Survey Current,Sentiment,"gdp_growth,inflation,unemployment",0.029790711836024567,0.029790711836024567,0.42481084540226766,0.005653091450478767,0.2047005807097212,"Linked to gdp_growth, inflation, unemployment; strongest target link is gdp_growth with Pearson 0.68. moderate positive Pearson correlation (0.68); Spearman 0.38; PCA loading signal 0.20",0.03936975904127118
BOJ,JPY,tankan_large_non_manufacturing_index,Tankan Large Non-Manufacturing Index,Sentiment,"gdp_growth,inflation,unemployment",0.029541159045827364,0.029541159045827364,0.49127734911533,0.0,0.2133580552271639,"Linked to gdp_growth, inflation, unemployment; strongest target link is unemployment with Pearson -0.59. moderate negative Pearson correlation (-0.59); Spearman -0.52; PCA loading signal 0.21",0.03903996385973208
BOJ,JPY,tankan_non_manufacturing_outlook,Tankan Non-Manufacturing Outlook,Sentiment,"gdp_growth,inflation,unemployment",0.02906886257818073,0.02906886257818073,0.48752296535640244,0.0,0.2286753286219133,"Linked to gdp_growth, inflation, unemployment; strongest target link is unemployment with Pearson -0.50. moderate negative Pearson correlation (-0.50); Spearman -0.47; PCA loading signal 0.23",0.038415802939051884
BOJ,JPY,ppi_yoy,PPI (YoY),Inflation,"gdp_growth,inflation,unemployment",0.026589425640137332,0.026589425640137332,0.24545044280435557,0.019001982138159932,0.1624672141296354,"Linked to gdp_growth, inflation, unemployment; strongest target link is inflation with Pearson 0.38. weak positive Pearson correlation (0.38); Spearman 0.41; same macro theme; PCA loading signal 0.16; model importance signal 0.02",0.03513911605267965
BOJ,JPY,core_cpi_yoy,Core CPI (YoY),Inflation,"gdp_growth,inflation",0.025315845815954634,0.025315845815954634,0.5281973117857097,0.021460141406458,0.2359210660315635,"Linked to gdp_growth, inflation; strongest target link is inflation with Pearson 0.96. strong positive Pearson correlation (0.96); Spearman 0.94; same macro theme; PCA loading signal 0.24; model importance signal 0.04",0.033456023313107555
BOJ,JPY,eco_watchers_outlook,Eco Watchers Survey Outlook,Sentiment,"gdp_growth,inflation,unemployment",0.024472734283976734,0.024472734283976734,0.3192962030965922,0.008416758937460633,0.184457201111493,"Linked to gdp_growth, inflation, unemployment; strongest target link is gdp_growth with Pearson 0.54. moderate positive Pearson correlation (0.54); Spearman 0.36; PCA loading signal 0.18",0.03234181368825569
BOJ,JPY,tankan_small_manufacturers_index,Tankan Small Manufacturers Index,Sentiment,"gdp_growth,inflation,unemployment",0.023870310319885932,0.023870310319885932,0.3545751491217745,0.0,0.24782375290220013,"Linked to gdp_growth, inflation, unemployment; strongest target link is unemployment with Pearson -0.43. moderate negative Pearson correlation (-0.43); Spearman -0.39; PCA loading signal 0.25",0.03154568345687726
BOJ,JPY,cpi_headline_mom,Headline CPI (MoM),Inflation,"gdp_growth,inflation,unemployment",0.023249664246728998,0.023249664246728998,0.2513798996398066,0.027244076645695666,0.0,"Linked to gdp_growth, inflation, unemployment; strongest target link is inflation with Pearson 0.42. moderate positive Pearson correlation (0.42); Spearman 0.42; same macro theme; model importance signal 0.08",0.03072547189279668
BOJ,JPY,household_spending_yoy,Household Spending (YoY),Growth,"gdp_growth,inflation,unemployment",0.0192127859542015,0.0192127859542015,0.15210246470762043,0.0042107057750033665,0.0,"Linked to gdp_growth, inflation, unemployment; strongest target link is gdp_growth with Pearson 0.27. weak positive Pearson correlation (0.27); Spearman 0.13; same macro theme; model importance signal 0.01",0.025390556549701127
BOJ,JPY,tertiary_industry_index_mom,Tertiary Industry Index (MoM),Growth,"gdp_growth,inflation,unemployment",0.0182993238553587,0.0182993238553587,0.2819731613654513,0.013780202287892932,0.3431737002512582,"Linked to gdp_growth, inflation, unemployment; strongest target link is gdp_growth with Pearson 0.71. strong positive Pearson correlation (0.71); Spearman 0.51; same macro theme; PCA loading signal 0.34; model importance signal 0.04",0.024183375502040267
BOJ,JPY,cpi_headline_yoy,Headline CPI (YoY),Inflation,unemployment,0.0178983617279414,0.0178983617279414,0.6467461333494563,0.0942238272972632,0.2423028146893594,Linked to unemployment; strongest target link is unemployment with Pearson -0.65. moderate negative Pearson correlation (-0.65); Spearman -0.60; PCA loading signal 0.24; model importance signal 0.09,0.023653486104701145
BOJ,JPY,current_account,Current Account,Growth,"gdp_growth,inflation,unemployment",0.017023285262964268,0.017023285262964268,0.11228258245409019,0.0,0.0,"Linked to gdp_growth, inflation, unemployment; strongest target link is gdp_growth with Pearson 0.17. weak positive Pearson correlation (0.17); Spearman 0.09; same macro theme",0.022497033390228696
BOJ,JPY,tankan_large_manufacturing_outlook,Tankan Large Manufacturing Outlook,Sentiment,"gdp_growth,inflation,unemployment",0.0168368425228906,0.0168368425228906,0.27816342894542484,0.0,0.24423008895579437,"Linked to gdp_growth, inflation, unemployment; strongest target link is inflation with Pearson 0.40. moderate positive Pearson correlation (0.40); Spearman 0.08; PCA loading signal 0.24",0.022250640964559348
BOJ,JPY,tankan_large_all_industry_capex,Tankan Large All Industry Capex,Sentiment,"gdp_growth,inflation,unemployment",0.016806592723641565,0.016806592723641565,0.2724264801944929,0.0,0.0,"Linked to gdp_growth, inflation, unemployment; strongest target link is inflation with Pearson 0.50. moderate positive Pearson correlation (0.50); Spearman 0.54",0.0222106645009543
BOJ,JPY,consumer_confidence,Consumer Confidence,Sentiment,"gdp_growth,inflation,unemployment",0.016466444323794766,0.016466444323794766,0.21332393231005284,0.0,0.0,"Linked to gdp_growth, inflation, unemployment; strongest target link is unemployment with Pearson -0.21. weak negative Pearson correlation (-0.21); Spearman -0.14",0.021761143166454038
BOJ,JPY,machinery_orders_yoy,Machinery Orders (YoY),Growth,"gdp_growth,inflation,unemployment",0.016157465985151366,0.016157465985151366,0.09225171274689986,0.0040927766833392335,0.0,"Linked to gdp_growth, inflation, unemployment; strongest target link is gdp_growth with Pearson 0.19. weak positive Pearson correlation (0.19); Spearman 0.09; same macro theme; model importance signal 0.01",0.021352814462919905
BOJ,JPY,tankan_large_manufacturers_index,Tankan Large Manufacturers Index,Sentiment,"gdp_growth,inflation,unemployment",0.015563411846324898,0.015563411846324898,0.23368659217750232,0.0,0.2383171698219709,"Linked to gdp_growth, inflation, unemployment; strongest target link is unemployment with Pearson -0.21. weak negative Pearson correlation (-0.21); Spearman 0.04; PCA loading signal 0.24",0.020567745330238554
BOJ,JPY,capacity_utilization,Capacity Utilization,Growth,"gdp_growth,inflation,unemployment",0.014614076572780165,0.014614076572780165,0.30957166249459916,0.0144501399299199,0.3302692824483402,"Linked to gdp_growth, inflation, unemployment; strongest target link is gdp_growth with Pearson 0.77. strong positive Pearson correlation (0.77); Spearman 0.50; same macro theme; PCA loading signal 0.33; model importance signal 0.02",0.01931315627662489
BOJ,JPY,machine_tool_orders_yoy,Machine Tool Orders (YoY),Growth,"gdp_growth,inflation,unemployment",-0.012064279805150234,0.012064279805150234,0.2896526487211167,0.03347574133880404,0.3153816985389736,"Linked to gdp_growth, inflation, unemployment; strongest target link is unemployment with Pearson 0.36. weak positive Pearson correlation (0.36); Spearman 0.28; PCA loading signal 0.32; model importance signal 0.04",0.01594348572634245
BOJ,JPY,household_spending_mom,Household Spending (MoM),Growth,"gdp_growth,inflation,unemployment",0.0118941388139867,0.0118941388139867,0.09919346783920559,0.006429672034412633,0.23782385471929426,"Linked to gdp_growth, inflation, unemployment; strongest target link is gdp_growth with Pearson 0.28. weak positive Pearson correlation (0.28); Spearman 0.44; same macro theme; PCA loading signal 0.24; model importance signal 0.02",0.015718636791479088
BOJ,JPY,reuters_tankan_index,Reuters Tankan Index,Sentiment,"gdp_growth,inflation,unemployment",0.0114742399258032,0.0114742399258032,0.18587585478312166,0.008121915573519467,0.2118315812685053,"Linked to gdp_growth, inflation, unemployment; strongest target link is unemployment with Pearson -0.27. weak negative Pearson correlation (-0.27); Spearman 0.04; PCA loading signal 0.21; model importance signal 0.02",0.015163721617230334
BOJ,JPY,machinery_orders_mom,Machinery Orders (MoM),Growth,"gdp_growth,inflation,unemployment",0.010488598747056231,0.010488598747056231,0.2533532772772191,0.13112620540160339,0.0,"Linked to gdp_growth, inflation, unemployment; strongest target link is gdp_growth with Pearson 0.64. moderate positive Pearson correlation (0.64); Spearman 0.61; same macro theme; model importance signal 0.39",0.013861152684939895
BOJ,JPY,leading_index_mom,Leading Index (MoM),Growth,"inflation,unemployment",-0.009634872346059167,0.009634872346059167,0.23102252202901014,0.0,0.0,"Linked to inflation, unemployment; strongest target link is inflation with Pearson -0.33. weak negative Pearson correlation (-0.33); Spearman -0.34",0.01273291503558699
BOJ,JPY,imports_yoy,Imports (YoY),Growth,"gdp_growth,inflation,unemployment",-0.009570003675791732,0.009570003675791732,0.022068679546347964,0.0,0.2522980026779893,"Linked to gdp_growth, inflation, unemployment; strongest target link is gdp_growth with Pearson -0.04. weak negative Pearson correlation (-0.04); Spearman 0.06; same macro theme; PCA loading signal 0.25",0.012647188184486095
BOJ,JPY,retail_sales_mom,Retail Sales (MoM),Growth,"gdp_growth,inflation,unemployment",0.008772714109717535,0.008772714109717535,0.21189781248130798,0.017592196052328833,0.2663012945619772,"Linked to gdp_growth, inflation, unemployment; strongest target link is gdp_growth with Pearson 0.48. moderate positive Pearson correlation (0.48); Spearman 0.02; same macro theme; PCA loading signal 0.27; model importance signal 0.03",0.011593534338440584
BOJ,JPY,ppi_mom,PPI (MoM),Inflation,"gdp_growth,inflation,unemployment",-0.0087069264502904,0.0087069264502904,0.29099389129192393,0.008025522307392332,0.24238655601549883,"Linked to gdp_growth, inflation, unemployment; strongest target link is gdp_growth with Pearson 0.58. moderate positive Pearson correlation (0.58); Spearman 0.20; PCA loading signal 0.24",0.01150659300203373
BOJ,JPY,balance_of_trade,Balance of Trade,Growth,"gdp_growth,inflation,unemployment",-0.008316933445071966,0.008316933445071966,0.2682532171544249,0.03508456311714537,0.2133737597787798,"Linked to gdp_growth, inflation, unemployment; strongest target link is gdp_growth with Pearson 0.18. weak positive Pearson correlation (0.18); Spearman 0.22; same macro theme; PCA loading signal 0.21; model importance signal 0.02",0.010991199790628013
BOJ,JPY,industrial_production_yoy,Industrial Production (YoY),Growth,"gdp_growth,inflation,unemployment",0.007293922798015399,0.007293922798015399,0.0412033140820987,0.0,0.0,"Linked to gdp_growth, inflation, unemployment; strongest target link is gdp_growth with Pearson 0.08. weak positive Pearson correlation (0.08); Spearman -0.12; same macro theme",0.009639245433412272
BOJ,JPY,coincident_indicator_mom,Coincident Indicator (MoM),Growth,"inflation,unemployment",-0.006509908654065966,0.006509908654065966,0.15032936566715616,0.0,0.0,"Linked to inflation, unemployment; strongest target link is unemployment with Pearson 0.21. weak positive Pearson correlation (0.21); Spearman 0.05",0.008603135651875858
BOJ,JPY,unemployment_rate,Unemployment Rate,Labor,"gdp_growth,inflation",-0.0063187039590536995,0.0063187039590536995,0.4656425671563189,0.00964986391624905,0.2158379944502154,"Linked to gdp_growth, inflation; strongest target link is inflation with Pearson -0.65. moderate negative Pearson correlation (-0.65); Spearman -0.60; PCA loading signal 0.22; model importance signal 0.02",0.008350450089623204
BOJ,JPY,industrial_production_mom,Industrial Production (MoM),Growth,"gdp_growth,inflation,unemployment",0.004561918277303231,0.004561918277303231,0.28689892026132974,0.010931492476344,0.2989540259049987,"Linked to gdp_growth, inflation, unemployment; strongest target link is gdp_growth with Pearson 0.72. strong positive Pearson correlation (0.72); Spearman 0.38; same macro theme; PCA loading signal 0.30; model importance signal 0.01",0.006028779182315978
BOJ,JPY,gdp_qoq,GDP (QoQ),Growth,"inflation,unemployment",-0.0041309157407743,0.0041309157407743,0.17626085079017084,0.0,0.3495981542811818,"Linked to inflation, unemployment; strongest target link is unemployment with Pearson 0.28. weak positive Pearson correlation (0.28); Spearman 0.14; PCA loading signal 0.35",0.005459190039810109
BOJ,JPY,exports_yoy,Exports (YoY),Growth,"gdp_growth,inflation,unemployment",-0.0033683609219305674,0.0033683609219305674,0.06775438690865616,0.0,0.2528835815065719,"Linked to gdp_growth, inflation, unemployment; strongest target link is gdp_growth with Pearson 0.10. weak positive Pearson correlation (0.10); Spearman 0.02; same macro theme; PCA loading signal 0.25",0.004451439716860988
BOJ,JPY,manufacturing_pmi,S&P Global Manufacturing PMI,Growth,"gdp_growth,inflation,unemployment",-0.0029829952134650655,0.0029829952134650655,0.13486704557587645,0.0153354291664863,0.2500254898605776,"Linked to gdp_growth, inflation, unemployment; strongest target link is gdp_growth with Pearson 0.29. weak positive Pearson correlation (0.29); Spearman 0.07; same macro theme; PCA loading signal 0.25; model importance signal 0.05",0.003942161685219292
ECB,EUR,cpi_headline_yoy,Headline HICP (YoY),Inflation,"gdp_growth,inflation,unemployment",0.10992395433193791,0.10992395433193791,0.4136463432288657,0.1625066356542538,0.4592560903435156,"Linked to gdp_growth, inflation, unemployment; strongest target link is inflation with Pearson 0.81. strong positive Pearson correlation (0.81); Spearman 0.85; same macro theme; PCA loading signal 0.46; model importance signal 0.40",0.23964283204694473
ECB,EUR,core_cpi_yoy,Core HICP (YoY),Inflation,"gdp_growth,unemployment",0.06051486648109336,0.06051486648109336,0.3493524743449995,0.03901597698703605,0.3428500401250067,"Linked to gdp_growth, unemployment; strongest target link is unemployment with Pearson -0.68. moderate negative Pearson correlation (-0.68); Spearman -0.48; PCA loading signal 0.34; model importance signal 0.05",0.13192714975191228
ECB,EUR,construction_output_yoy,Construction Output (YoY),Growth,"gdp_growth,inflation,unemployment",0.05679796354502602,0.05679796354502602,0.16357708697994244,0.041398228131553735,0.5252143092080225,"Linked to gdp_growth, inflation, unemployment; strongest target link is gdp_growth with Pearson 0.40. weak positive Pearson correlation (0.40); Spearman 0.28; same macro theme; PCA loading signal 0.53; model importance signal 0.07",0.12382401016367438
ECB,EUR,consumer_inflation_expectation,Consumer Inflation Expectation,Inflation,"gdp_growth,inflation,unemployment",-0.04148610887757093,0.04148610887757093,0.1423450142136271,0.01969081737064327,0.5136478377762088,"Linked to gdp_growth, inflation, unemployment; strongest target link is unemployment with Pearson 0.34. weak positive Pearson correlation (0.34); Spearman 0.70; PCA loading signal 0.51; model importance signal 0.01",0.09044296743553769
ECB,EUR,zew_economic_sentiment,ZEW Economic Sentiment Index,Sentiment,"gdp_growth,inflation,unemployment",-0.04123245824497167,0.04123245824497167,0.43755624936491283,0.028113978054511768,0.33561681325507947,"Linked to gdp_growth, inflation, unemployment; strongest target link is unemployment with Pearson 0.48. moderate positive Pearson correlation (0.48); Spearman 0.37; PCA loading signal 0.34; model importance signal 0.02",0.08988998918510983
ECB,EUR,economic_sentiment,Economic Sentiment,Sentiment,"gdp_growth,inflation,unemployment",0.03689332777798526,0.03689332777798526,0.10686208933263434,0.0566862908724148,0.4192522596323578,"Linked to gdp_growth, inflation, unemployment; strongest target link is gdp_growth with Pearson 0.27. weak positive Pearson correlation (0.27); Spearman 0.44; PCA loading signal 0.42; model importance signal 0.10",0.08043034483325374
ECB,EUR,cpi_headline_mom,Headline HICP (MoM),Inflation,"gdp_growth,inflation,unemployment",0.027083441477418268,0.027083441477418268,0.12249777576767236,0.019324960598966132,0.37748085942303683,"Linked to gdp_growth, inflation, unemployment; strongest target link is inflation with Pearson 0.20. weak positive Pearson correlation (0.20); Spearman 0.20; same macro theme; PCA loading signal 0.38; model importance signal 0.02",0.05904402417718027
ECB,EUR,consumer_confidence,Consumer Confidence,Sentiment,"gdp_growth,inflation,unemployment",-0.022944970130256665,0.022944970130256665,0.3604265864869358,0.03384463525945384,0.3070804442109299,"Linked to gdp_growth, inflation, unemployment; strongest target link is gdp_growth with Pearson 0.20. weak positive Pearson correlation (0.20); Spearman 0.40; PCA loading signal 0.31; model importance signal 0.04",0.05002183242647111
ECB,EUR,composite_pmi,Composite PMI,Growth,inflation,-0.015315770178611667,0.015315770178611667,0.2728277562399206,0.0317046417267982,0.3867684281633559,Linked to inflation; strongest target link is inflation with Pearson -0.27. weak negative Pearson correlation (-0.27); Spearman -0.20; PCA loading signal 0.39; model importance signal 0.03,0.033389578849204904
ECB,EUR,services_pmi,Services PMI,Growth,inflation,-0.0130597728891119,0.0130597728891119,0.1890884041036828,0.0,0.3756753064500868,Linked to inflation; strongest target link is inflation with Pearson -0.19. weak negative Pearson correlation (-0.19); Spearman -0.20; PCA loading signal 0.38,0.02847132801996889
ECB,EUR,unemployment_rate,Unemployment Rate,Labor,"gdp_growth,inflation",-0.011892467213239031,0.011892467213239031,0.40043161027924074,0.02872355072774135,0.3711035434790552,"Linked to gdp_growth, inflation; strongest target link is inflation with Pearson -0.68. moderate negative Pearson correlation (-0.68); Spearman -0.48; PCA loading signal 0.37; model importance signal 0.03",0.025926510198132486
ECB,EUR,cpi_index,Consumer Price Index,Inflation,"inflation,unemployment",0.007594397617846464,0.007594397617846464,0.21371674172930444,0.03197762480733245,0.283220757098969,"Linked to inflation, unemployment; strongest target link is unemployment with Pearson -0.34. weak negative Pearson correlation (-0.34); Spearman -0.68; PCA loading signal 0.28; model importance signal 0.04",0.01655638176311968
ECB,EUR,manufacturing_pmi,Manufacturing PMI,Growth,"gdp_growth,inflation,unemployment",0.006899164172649672,0.006899164172649672,0.44299515489111396,0.03369517050009269,0.3022947039742371,"Linked to gdp_growth, inflation, unemployment; strongest target link is gdp_growth with Pearson 0.52. moderate positive Pearson correlation (0.52); Spearman 0.48; same macro theme; PCA loading signal 0.30; model importance signal 0.07",0.01504071838698596
ECB,EUR,gdp_qoq,GDP (QoQ),Growth,"inflation,unemployment",-0.005087904979045732,0.005087904979045732,0.06913150750396564,0.0332603898170888,0.4122818182851361,"Linked to inflation, unemployment; strongest target link is unemployment with Pearson 0.12. weak positive Pearson correlation (0.12); Spearman -0.04; PCA loading signal 0.41; model importance signal 0.04",0.011092031448235609
ECB,EUR,construction_output_mom,Construction Output (MoM),Growth,"inflation,unemployment",0.001972544395530299,0.001972544395530299,0.3155027745455966,0.00536249914858275,0.0,"Linked to inflation, unemployment; strongest target link is inflation with Pearson 0.38. weak positive Pearson correlation (0.38); Spearman 0.37; model importance signal 0.00",0.004300301314268376
FED,USD,core_pce_price_index_yoy,Core PCE Price Index (YoY),Inflation,"gdp_growth,inflation,unemployment",0.033817757669601836,0.033817757669601836,0.5462040937343144,0.02453096974605633,0.1842462934205236,"Linked to gdp_growth, inflation, unemployment; strongest target link is inflation with Pearson 0.97. strong positive Pearson correlation (0.97); Spearman 0.97; same macro theme; PCA loading signal 0.18; model importance signal 0.02",0.037914689775703586
FED,USD,pce_price_index_yoy,PCE Price Index (YoY),Inflation,"gdp_growth,inflation,unemployment",0.032066575079085,0.032066575079085,0.5174606156072952,0.0,0.1851021978209598,"Linked to gdp_growth, inflation, unemployment; strongest target link is inflation with Pearson 0.94. strong positive Pearson correlation (0.94); Spearman 0.93; same macro theme; PCA loading signal 0.19",0.03595135603522497
FED,USD,cpi_headline_yoy,Headline CPI (YoY),Inflation,"gdp_growth,inflation,unemployment",0.03129525270000247,0.03129525270000247,0.49234341890337424,0.013451958199775535,0.196814318781092,"Linked to gdp_growth, inflation, unemployment; strongest target link is inflation with Pearson 0.93. strong positive Pearson correlation (0.93); Spearman 0.94; same macro theme; PCA loading signal 0.20",0.03508658998521985
FED,USD,challenger_job_cuts,Challenger Job Cuts,Labor,"gdp_growth,inflation,unemployment",-0.030776007381187433,0.030776007381187433,0.5390707363073101,0.015869684132465135,0.1754474771620116,"Linked to gdp_growth, inflation, unemployment; strongest target link is unemployment with Pearson 0.85. strong positive Pearson correlation (0.85); Spearman 0.26; same macro theme; PCA loading signal 0.18; model importance signal 0.05",0.03450443946617303
FED,USD,consumer_inflation_expectations,Consumer Inflation Expectations,Inflation,"gdp_growth,inflation,unemployment",0.030124337830483364,0.030124337830483364,0.43726664657084435,0.0233980433821301,0.2019174675314049,"Linked to gdp_growth, inflation, unemployment; strongest target link is inflation with Pearson 0.87. strong positive Pearson correlation (0.87); Spearman 0.89; same macro theme; PCA loading signal 0.20; model importance signal 0.07",0.033773821868974194
FED,USD,core_ppi_yoy,Core PPI (YoY),Inflation,"gdp_growth,inflation,unemployment",0.028048115910700264,0.028048115910700264,0.4313370388600848,0.0,0.173587180509985,"Linked to gdp_growth, inflation, unemployment; strongest target link is inflation with Pearson 0.79. strong positive Pearson correlation (0.79); Spearman 0.73; same macro theme; PCA loading signal 0.17",0.03144607114217626
FED,USD,avg_hourly_earnings_mom,Average Hourly Earnings (MoM),Labor,"gdp_growth,inflation,unemployment",-0.02781651608227803,0.02781651608227803,0.4418920825101191,0.01603246676028997,0.1916399285961332,"Linked to gdp_growth, inflation, unemployment; strongest target link is gdp_growth with Pearson -0.79. strong negative Pearson correlation (-0.79); Spearman -0.30; PCA loading signal 0.19; model importance signal 0.04",0.03118641360566762
FED,USD,government_payrolls,Government Payrolls,Labor,"gdp_growth,inflation,unemployment",0.027241404290732366,0.027241404290732366,0.5178169433534426,0.0045927743082387,0.0,"Linked to gdp_growth, inflation, unemployment; strongest target link is unemployment with Pearson -0.92. strong negative Pearson correlation (-0.92); Spearman -0.49; same macro theme; model importance signal 0.01",0.030541628538134795
FED,USD,core_cpi_mom,Core CPI (MoM),Inflation,"gdp_growth,inflation,unemployment",0.027099523595819533,0.027099523595819533,0.42770640950319755,0.031479919384247365,0.1772916426165493,"Linked to gdp_growth, inflation, unemployment; strongest target link is inflation with Pearson 0.52. moderate positive Pearson correlation (0.52); Spearman 0.58; same macro theme; PCA loading signal 0.18; model importance signal 0.02",0.030382559371416602
FED,USD,ppi_yoy,PPI (YoY),Inflation,"gdp_growth,inflation,unemployment",0.027019012488607698,0.027019012488607698,0.40731585970153744,0.016021166046589,0.1788593287047309,"Linked to gdp_growth, inflation, unemployment; strongest target link is inflation with Pearson 0.72. strong positive Pearson correlation (0.72); Spearman 0.66; same macro theme; PCA loading signal 0.18; model importance signal 0.05",0.03029229455601227
FED,USD,ism_manufacturing_employment,ISM Manufacturing Employment,Growth,"gdp_growth,inflation,unemployment",0.026272070477015665,0.026272070477015665,0.4269073047964583,0.0,0.172621957616524,"Linked to gdp_growth, inflation, unemployment; strongest target link is gdp_growth with Pearson 0.25. weak positive Pearson correlation (0.25); Spearman 0.31; same macro theme; PCA loading signal 0.17",0.029454862490686174
FED,USD,manufacturing_payrolls,Manufacturing Payrolls,Labor,"gdp_growth,inflation,unemployment",0.026163737578150402,0.026163737578150402,0.49496333344078525,0.0,0.0,"Linked to gdp_growth, inflation, unemployment; strongest target link is gdp_growth with Pearson 0.72. strong positive Pearson correlation (0.72); Spearman 0.52",0.0293334053469835
FED,USD,cpi_headline_mom,Headline CPI (MoM),Inflation,"gdp_growth,inflation,unemployment",0.025948123863970267,0.025948123863970267,0.42032977716892767,0.0060323091811817,0.17626656830446494,"Linked to gdp_growth, inflation, unemployment; strongest target link is inflation with Pearson 0.41. moderate positive Pearson correlation (0.41); Spearman 0.38; same macro theme; PCA loading signal 0.18; model importance signal 0.02",0.029091670600274514
FED,USD,private_nonfarm_payrolls,Private Nonfarm Payrolls,Labor,"gdp_growth,inflation,unemployment",0.025453238674873063,0.025453238674873063,0.4939643282541311,0.0,0.0,"Linked to gdp_growth, inflation, unemployment; strongest target link is gdp_growth with Pearson 0.72. strong positive Pearson correlation (0.72); Spearman 0.38",0.028536831376381293
FED,USD,adp_employment_change,ADP Employment Change,Labor,"gdp_growth,inflation,unemployment",0.025220906694729532,0.025220906694729532,0.5164281468457946,0.0239117161205247,0.0,"Linked to gdp_growth, inflation, unemployment; strongest target link is unemployment with Pearson -0.74. strong negative Pearson correlation (-0.74); Spearman 0.04; same macro theme; model importance signal 0.05",0.02827635298990226
FED,USD,nfp,Non-Farm Payrolls,Labor,"gdp_growth,inflation,unemployment",0.025077260845522198,0.025077260845522198,0.5035606146638286,0.0,0.0,"Linked to gdp_growth, inflation, unemployment; strongest target link is gdp_growth with Pearson 0.70. strong positive Pearson correlation (0.70); Spearman 0.34",0.028115304825104534
FED,USD,pce_price_index_mom,PCE Price Index (MoM),Inflation,"gdp_growth,inflation,unemployment",0.02454853933637683,0.02454853933637683,0.4065634012565463,0.0051876739798094335,0.1764733354493194,"Linked to gdp_growth, inflation, unemployment; strongest target link is inflation with Pearson 0.39. weak positive Pearson correlation (0.39); Spearman 0.32; same macro theme; PCA loading signal 0.18",0.027522530100273866
FED,USD,michigan_inflation_expectations,Michigan Inflation Expectations,Inflation,"gdp_growth,inflation,unemployment",0.024002624598264334,0.024002624598264334,0.3961281049485244,0.022970461554420566,0.0,"Linked to gdp_growth, inflation, unemployment; strongest target link is inflation with Pearson 0.59. moderate positive Pearson correlation (0.59); Spearman 0.67; same macro theme; model importance signal 0.07",0.026910479232154807
FED,USD,core_pce_price_index_mom,Core PCE Price Index (MoM),Inflation,"gdp_growth,inflation,unemployment",0.022280953182085297,0.022280953182085297,0.4234563332765102,0.008804149174931468,0.0,"Linked to gdp_growth, inflation, unemployment; strongest target link is inflation with Pearson 0.34. weak positive Pearson correlation (0.34); Spearman 0.32; same macro theme; model importance signal 0.03",0.024980231866913307
FED,USD,import_prices_yoy,Import Prices (YoY),Inflation,"gdp_growth,inflation,unemployment",0.0218393205698727,0.0218393205698727,0.29351685831019964,0.009910852844663467,0.1792315315874171,"Linked to gdp_growth, inflation, unemployment; strongest target link is inflation with Pearson 0.44. moderate positive Pearson correlation (0.44); Spearman 0.43; same macro theme; PCA loading signal 0.18; model importance signal 0.03",0.02448509662907566
FED,USD,ppi_mom,PPI (MoM),Inflation,"gdp_growth,inflation,unemployment",0.02113507332179377,0.02113507332179377,0.32967057341114137,0.006174995870444867,0.0,"Linked to gdp_growth, inflation, unemployment; strongest target link is gdp_growth with Pearson 0.49. moderate positive Pearson correlation (0.49); Spearman 0.41",0.023695531685202786
FED,USD,import_prices_mom,Import Prices (MoM),Inflation,"gdp_growth,inflation,unemployment",0.020819871642542766,0.020819871642542766,0.2775532141566244,0.013727944841171999,0.0,"Linked to gdp_growth, inflation, unemployment; strongest target link is gdp_growth with Pearson 0.59. moderate positive Pearson correlation (0.59); Spearman 0.46; model importance signal 0.03",0.023342144154239283
FED,USD,ny_empire_state_mfg,NY Empire State Manufacturing Index,Growth,"gdp_growth,inflation,unemployment",0.020027169553742532,0.020027169553742532,0.3513061557875168,0.004391243103664867,0.0,"Linked to gdp_growth, inflation, unemployment; strongest target link is gdp_growth with Pearson 0.25. weak positive Pearson correlation (0.25); Spearman 0.31; same macro theme; model importance signal 0.01",0.02245340829909922
FED,USD,sp_global_manufacturing_pmi,S&P Global Manufacturing PMI,Growth,"gdp_growth,inflation,unemployment",0.019908735462174965,0.019908735462174965,0.2371684938935151,0.0,0.2644540346036514,"Linked to gdp_growth, inflation, unemployment; strongest target link is gdp_growth with Pearson 0.22. weak positive Pearson correlation (0.22); Spearman 0.34; same macro theme; PCA loading signal 0.26",0.022320626229852567
FED,USD,ism_services_employment,ISM Services Employment,Growth,"gdp_growth,inflation,unemployment",0.019906697146648066,0.019906697146648066,0.39824426041390887,0.0,0.0,"Linked to gdp_growth, inflation, unemployment; strongest target link is unemployment with Pearson -0.75. strong negative Pearson correlation (-0.75); Spearman -0.12",0.02231834097777813
FED,USD,umich_consumer_sentiment,UMich Consumer Sentiment,Sentiment,"gdp_growth,inflation,unemployment",-0.0198271141267779,0.0198271141267779,0.28144358418267884,0.0,0.2133722156058742,"Linked to gdp_growth, inflation, unemployment; strongest target link is unemployment with Pearson 0.37. weak positive Pearson correlation (0.37); Spearman 0.55; PCA loading signal 0.21",0.022229116685047942
FED,USD,export_prices_yoy,Export Prices (YoY),Inflation,"gdp_growth,inflation,unemployment",0.019813301255063868,0.019813301255063868,0.2578231889117473,0.0,0.1689640082423053,"Linked to gdp_growth, inflation, unemployment; strongest target link is inflation with Pearson 0.43. moderate positive Pearson correlation (0.43); Spearman 0.40; same macro theme; PCA loading signal 0.17",0.022213630420374046
FED,USD,retail_sales_yoy,Retail Sales (YoY),Growth,"gdp_growth,inflation,unemployment",0.019505440957944334,0.019505440957944334,0.26852402403214914,0.0068557729070880995,0.0,"Linked to gdp_growth, inflation, unemployment; strongest target link is gdp_growth with Pearson 0.39. weak positive Pearson correlation (0.39); Spearman 0.18; same macro theme; model importance signal 0.02",0.021868473660615395
FED,USD,participation_rate,Labor Force Participation Rate,Labor,"gdp_growth,inflation,unemployment",0.018706038656598662,0.018706038656598662,0.4141679984434358,0.020175311976986365,0.2385193763975871,"Linked to gdp_growth, inflation, unemployment; strongest target link is unemployment with Pearson -0.83. strong negative Pearson correlation (-0.83); Spearman -0.68; same macro theme; PCA loading signal 0.24; model importance signal 0.06",0.02097222587985999
FED,USD,umich_inflation_exp_5y,UMich 5Y Inflation Expectations,Inflation,"gdp_growth,inflation,unemployment",0.01827438379691073,0.01827438379691073,0.18199993663051128,0.008015329157512933,0.1888945118496748,"Linked to gdp_growth, inflation, unemployment; strongest target link is unemployment with Pearson -0.36. weak negative Pearson correlation (-0.36); Spearman -0.35; PCA loading signal 0.19",0.020488277172936883
FED,USD,export_prices_mom,Export Prices (MoM),Inflation,"gdp_growth,inflation,unemployment",0.018271160185365898,0.018271160185365898,0.26883681349911015,0.0028521907444208003,0.0,"Linked to gdp_growth, inflation, unemployment; strongest target link is gdp_growth with Pearson 0.41. moderate positive Pearson correlation (0.41); Spearman 0.31",0.0204846630293596
FED,USD,core_ppi_mom,Core PPI (MoM),Inflation,"gdp_growth,inflation,unemployment",0.01742816331719223,0.01742816331719223,0.26850858575533904,0.010360040287201666,0.0,"Linked to gdp_growth, inflation, unemployment; strongest target link is inflation with Pearson 0.33. weak positive Pearson correlation (0.33); Spearman 0.35; same macro theme; model importance signal 0.03",0.019539539315038816
FED,USD,ism_manufacturing_prices,ISM Manufacturing Prices Paid,Growth,"gdp_growth,inflation,unemployment",0.0156836534084417,0.0156836534084417,0.16641032089277163,0.0,0.0,"Linked to gdp_growth, inflation, unemployment; strongest target link is gdp_growth with Pearson 0.22. weak positive Pearson correlation (0.22); Spearman 0.26; same macro theme",0.017583686634115157
FED,USD,ism_manufacturing_pmi,ISM Manufacturing PMI,Growth,"gdp_growth,inflation,unemployment",0.014648849314519633,0.014648849314519633,0.1202671804925326,0.0,0.0,"Linked to gdp_growth, inflation, unemployment; strongest target link is gdp_growth with Pearson 0.19. weak positive Pearson correlation (0.19); Spearman 0.20; same macro theme",0.01642351875477199
FED,USD,philly_fed_mfg,Philadelphia Fed Manufacturing Index,Growth,"gdp_growth,inflation,unemployment",0.0146137921232272,0.0146137921232272,0.21843878935058228,0.007106862735047467,0.1850312188519487,"Linked to gdp_growth, inflation, unemployment; strongest target link is gdp_growth with Pearson 0.24. weak positive Pearson correlation (0.24); Spearman 0.24; same macro theme; PCA loading signal 0.19; model importance signal 0.02",0.016384214477260566
FED,USD,unemployment_rate,Unemployment Rate,Labor,"gdp_growth,inflation",-0.014299382375197633,0.014299382375197633,0.2949721765089045,0.0,0.205409499146135,"Linked to gdp_growth, inflation; strongest target link is inflation with Pearson -0.59. moderate negative Pearson correlation (-0.59); Spearman -0.77; PCA loading signal 0.21",0.01603171481789629
FED,USD,ism_manufacturing_new_orders,ISM Manufacturing New Orders,Growth,"gdp_growth,inflation,unemployment",0.013558967855126,0.013558967855126,0.17317547972060818,0.0,0.0,"Linked to gdp_growth, inflation, unemployment; strongest target link is gdp_growth with Pearson 0.21. weak positive Pearson correlation (0.21); Spearman 0.30; same macro theme",0.015201601032464079
FED,USD,nfib_business_optimism,NFIB Business Optimism Index,Sentiment,"gdp_growth,inflation,unemployment",-0.011690960072377798,0.011690960072377798,0.27314448982141254,0.0,0.2295353601122281,"Linked to gdp_growth, inflation, unemployment; strongest target link is inflation with Pearson -0.56. moderate negative Pearson correlation (-0.56); Spearman -0.54; PCA loading signal 0.23",0.01310728903598416
FED,USD,cpi_index,CPI Index,Inflation,"gdp_growth,inflation,unemployment",-0.0104178274162165,0.0104178274162165,0.37249870617165115,0.0077441848514574994,0.2700469627859365,"Linked to gdp_growth, inflation, unemployment; strongest target link is inflation with Pearson -0.30. weak negative Pearson correlation (-0.30); Spearman -0.49; same macro theme; PCA loading signal 0.27; model importance signal 0.02",0.011679919717968655
FED,USD,avg_hourly_earnings_yoy,Average Hourly Earnings (YoY),Labor,"gdp_growth,inflation,unemployment",-0.010244987242924001,0.010244987242924001,0.20710273070084337,0.0083146834141965,0.194139370027787,"Linked to gdp_growth, inflation, unemployment; strongest target link is unemployment with Pearson 0.46. moderate positive Pearson correlation (0.46); Spearman -0.11; same macro theme; PCA loading signal 0.19; model importance signal 0.02",0.011486140413758476
FED,USD,new_home_sales,New Home Sales,Housing,"gdp_growth,inflation,unemployment",0.0039460204762236314,0.0039460204762236314,0.2347824390159254,0.0,0.0,"Linked to gdp_growth, inflation, unemployment; strongest target link is gdp_growth with Pearson 0.43. moderate positive Pearson correlation (0.43); Spearman 0.46",0.004424070444477657
FED,USD,average_weekly_hours,Average Weekly Hours,Labor,"gdp_growth,inflation,unemployment",-0.0028897758712854993,0.0028897758712854993,0.20528979686241175,0.0311960568199913,0.24233102059822684,"Linked to gdp_growth, inflation, unemployment; strongest target link is gdp_growth with Pearson 0.41. moderate positive Pearson correlation (0.41); Spearman 0.22; PCA loading signal 0.24; model importance signal 0.06",0.0032398645927843163
FED,USD,sp_global_composite_pmi,S&P Global Composite PMI,Growth,"gdp_growth,inflation,unemployment",0.002175383290589799,0.002175383290589799,0.057106586967906166,0.0037953899780664665,0.2319053830410727,"Linked to gdp_growth, inflation, unemployment; strongest target link is gdp_growth with Pearson 0.04. weak positive Pearson correlation (0.04); Spearman 0.07; same macro theme; PCA loading signal 0.23; model importance signal 0.01",0.0024389252360188366
FED,USD,sp_global_services_pmi,S&P Global Services PMI,Growth,"gdp_growth,inflation,unemployment",0.0015886420190077666,0.0015886420190077666,0.06380673925847709,0.0,0.22032536411624828,"Linked to gdp_growth, inflation, unemployment; strongest target link is gdp_growth with Pearson 0.02. weak positive Pearson correlation (0.02); Spearman 0.11; same macro theme; PCA loading signal 0.22",0.00178110180763017
FED,USD,retail_sales_mom,Retail Sales (MoM),Growth,"inflation,unemployment",0.00045073978717183327,0.00045073978717183327,0.022899834730743703,0.0,0.0,"Linked to inflation, unemployment; strongest target link is unemployment with Pearson -0.00. weak negative Pearson correlation (-0.00); Spearman 0.12",0.0005053457230119163
RBA,AUD,producer_price_index_yoy,Producer Price Index (YoY),Inflation,"gdp_growth,inflation,unemployment",0.04505539285958127,0.04505539285958127,0.7152894238466954,0.0541844523281902,0.2956188215830626,"Linked to gdp_growth, inflation, unemployment; strongest target link is inflation with Pearson 0.87. strong positive Pearson correlation (0.87); Spearman 0.88; same macro theme; PCA loading signal 0.30; model importance signal 0.03",0.06143345970960956
RBA,AUD,rba_weighted_median_cpi_qoq,RBA Weighted Median CPI (QoQ),Inflation,"gdp_growth,inflation,unemployment",0.04397516606334834,0.04397516606334834,0.692873555985989,0.026246058765858834,0.2903748810399528,"Linked to gdp_growth, inflation, unemployment; strongest target link is inflation with Pearson 0.92. strong positive Pearson correlation (0.92); Spearman 0.90; same macro theme; PCA loading signal 0.29; model importance signal 0.01",0.059960560126413404
RBA,AUD,rba_trimmed_mean_cpi_qoq,RBA Trimmed Mean CPI (QoQ),Inflation,"gdp_growth,inflation,unemployment",0.043711436451564,0.043711436451564,0.692920027277466,0.0,0.2827402185054314,"Linked to gdp_growth, inflation, unemployment; strongest target link is inflation with Pearson 0.91. strong positive Pearson correlation (0.91); Spearman 0.89; same macro theme; PCA loading signal 0.28",0.05960096227471387
RBA,AUD,rba_weighted_median_cpi_yoy,RBA Weighted Median CPI (YoY),Inflation,"gdp_growth,inflation,unemployment",0.04169868354215163,0.04169868354215163,0.65902313075964,0.008531246811072134,0.2612950537863377,"Linked to gdp_growth, inflation, unemployment; strongest target link is inflation with Pearson 0.87. strong positive Pearson correlation (0.87); Spearman 0.88; same macro theme; PCA loading signal 0.26",0.05685655440435858
RBA,AUD,producer_price_index_qoq,Producer Price Index (QoQ),Inflation,"gdp_growth,inflation,unemployment",0.040867116950000996,0.040867116950000996,0.6453622961961266,0.0220080476472785,0.2564639821788557,"Linked to gdp_growth, inflation, unemployment; strongest target link is inflation with Pearson 0.65. moderate positive Pearson correlation (0.65); Spearman 0.65; same macro theme; PCA loading signal 0.26; model importance signal 0.03",0.05572270539112376
RBA,AUD,cpi_headline_qoq,Headline CPI (QoQ),Inflation,"gdp_growth,inflation,unemployment",0.040012333926846395,0.040012333926846395,0.5856037209021868,0.04649494062739493,0.2075938071214254,"Linked to gdp_growth, inflation, unemployment; strongest target link is gdp_growth with Pearson 0.82. strong positive Pearson correlation (0.82); Spearman 0.58; PCA loading signal 0.21; model importance signal 0.10",0.05455720055184547
RBA,AUD,rba_trimmed_mean_cpi_yoy,RBA Trimmed Mean CPI (YoY),Inflation,"inflation,unemployment",0.035904596074869,0.035904596074869,0.877483839351947,0.0117807476223452,0.2722453031235465,"Linked to inflation, unemployment; strongest target link is inflation with Pearson 0.93. strong positive Pearson correlation (0.93); Spearman 0.90; same macro theme; PCA loading signal 0.27; model importance signal 0.02",0.04895626064630368
RBA,AUD,consumer_inflation_expectation,Consumer Inflation Expectation,Inflation,"gdp_growth,inflation,unemployment",0.025708192887454566,0.025708192887454566,0.5252616947094345,0.013644406586261001,0.2264625412710353,"Linked to gdp_growth, inflation, unemployment; strongest target link is inflation with Pearson 0.72. strong positive Pearson correlation (0.72); Spearman 0.68; same macro theme; PCA loading signal 0.23; model importance signal 0.01",0.035053367237978826
RBA,AUD,services_pmi,Services PMI,Growth,"gdp_growth,inflation,unemployment",0.025301492092555566,0.025301492092555566,0.24874407628830056,0.0095080796756483,0.2662468412842586,"Linked to gdp_growth, inflation, unemployment; strongest target link is gdp_growth with Pearson 0.11. weak positive Pearson correlation (0.11); Spearman 0.19; same macro theme; PCA loading signal 0.27; model importance signal 0.03",0.034498826808708534
RBA,AUD,balance_of_trade,Balance of Trade,Trade,"gdp_growth,inflation,unemployment",0.02493560812989243,0.02493560812989243,0.23284465003274937,0.011552641759874234,0.2868467633675802,"Linked to gdp_growth, inflation, unemployment; strongest target link is inflation with Pearson 0.43. moderate positive Pearson correlation (0.43); Spearman 0.41; PCA loading signal 0.29; model importance signal 0.03",0.033999940521140005
RBA,AUD,employment_change,Employment Change,Labor,"gdp_growth,inflation,unemployment",0.024831092249844863,0.024831092249844863,0.19449536374998155,0.017722120072629164,0.2340182163305727,"Linked to gdp_growth, inflation, unemployment; strongest target link is gdp_growth with Pearson 0.38. weak positive Pearson correlation (0.38); Spearman 0.09; PCA loading signal 0.23; model importance signal 0.04",0.03385743211763041
RBA,AUD,composite_pmi,Composite PMI,Growth,"gdp_growth,inflation,unemployment",0.0245718271219057,0.0245718271219057,0.25066072827108327,0.0,0.269472194319627,"Linked to gdp_growth, inflation, unemployment; strongest target link is gdp_growth with Pearson 0.11. weak positive Pearson correlation (0.11); Spearman 0.19; same macro theme; PCA loading signal 0.27",0.03350392163241509
RBA,AUD,manufacturing_pmi,Manufacturing PMI,Growth,"gdp_growth,inflation,unemployment",0.024372862696270235,0.024372862696270235,0.1675272109548801,0.011532459841791467,0.3076420442377799,"Linked to gdp_growth, inflation, unemployment; strongest target link is gdp_growth with Pearson 0.04. weak positive Pearson correlation (0.04); Spearman 0.20; same macro theme; PCA loading signal 0.31; model importance signal 0.02",0.03323263173235771
RBA,AUD,commodity_prices_yoy,Commodity Prices (YoY),Inflation,"gdp_growth,inflation,unemployment",0.024315060853228265,0.024315060853228265,0.21618226104019356,0.008077340808681534,0.2512596353643246,"Linked to gdp_growth, inflation, unemployment; strongest target link is inflation with Pearson 0.51. moderate positive Pearson correlation (0.51); Spearman 0.34; same macro theme; PCA loading signal 0.25; model importance signal 0.02",0.03315381836573749
RBA,AUD,nab_business_confidence,NAB Business Confidence,Sentiment,"gdp_growth,inflation,unemployment",0.02219790560613133,0.02219790560613133,0.23712159119033763,0.0033822962747889662,0.1734472765812273,"Linked to gdp_growth, inflation, unemployment; strongest target link is inflation with Pearson 0.48. moderate positive Pearson correlation (0.48); Spearman 0.37; PCA loading signal 0.17; model importance signal 0.01",0.030267056907972083
RBA,AUD,import_price_index_qoq,Import Price Index (QoQ),Inflation,"gdp_growth,inflation,unemployment",0.021639421721771863,0.021639421721771863,0.2511128183386631,0.006876138834433834,0.1934199016566502,"Linked to gdp_growth, inflation, unemployment; strongest target link is inflation with Pearson 0.28. weak positive Pearson correlation (0.28); Spearman 0.42; same macro theme; PCA loading signal 0.19; model importance signal 0.02",0.02950555878242711
RBA,AUD,building_permits,Building Permits,Housing,"gdp_growth,inflation,unemployment",-0.018767508801000497,0.018767508801000497,0.23195874953371776,0.0,0.0,"Linked to gdp_growth, inflation, unemployment; strongest target link is inflation with Pearson -0.46. moderate negative Pearson correlation (-0.46); Spearman -0.42",0.02558967800745356
RBA,AUD,private_sector_credit_yoy,Private Sector Credit (YoY),Growth,"gdp_growth,inflation,unemployment",0.017751739842744967,0.017751739842744967,0.4908836562516668,0.07732004830584624,0.2598411121956425,"Linked to gdp_growth, inflation, unemployment; strongest target link is unemployment with Pearson -0.78. strong negative Pearson correlation (-0.78); Spearman -0.67; PCA loading signal 0.26; model importance signal 0.01",0.024204667303723938
RBA,AUD,ai_group_services_index,Ai Group Services Index,Growth,"gdp_growth,unemployment",0.01709614435251313,0.01709614435251313,0.22677082993945605,0.0198448042277598,0.2538551812410303,"Linked to gdp_growth, unemployment; strongest target link is gdp_growth with Pearson 0.04. weak positive Pearson correlation (0.04); Spearman -0.02; same macro theme; PCA loading signal 0.25; model importance signal 0.04",0.02331075657342621
RBA,AUD,imports_mom,Imports (MoM),Trade,"gdp_growth,inflation,unemployment",0.014943447116562765,0.014943447116562765,0.1715294907498743,0.0,0.0,"Linked to gdp_growth, inflation, unemployment; strongest target link is gdp_growth with Pearson 0.12. weak positive Pearson correlation (0.12); Spearman 0.05",0.020375533273434023
RBA,AUD,leading_index_mom,Leading Index (MoM),Growth,"gdp_growth,inflation,unemployment",0.014746479339178664,0.014746479339178664,0.2681220904202946,0.0311392357479645,0.2402822581941646,"Linked to gdp_growth, inflation, unemployment; strongest target link is gdp_growth with Pearson 0.44. moderate positive Pearson correlation (0.44); Spearman 0.23; same macro theme; PCA loading signal 0.24; model importance signal 0.09",0.020106965822391493
RBA,AUD,consumer_price_index,Consumer Price Index,Inflation,"inflation,unemployment",0.012516045768855733,0.012516045768855733,0.20635569470208148,0.0,0.0,"Linked to inflation, unemployment; strongest target link is inflation with Pearson 0.05. weak positive Pearson correlation (0.05); Spearman -0.49; same macro theme",0.017065748285915044
RBA,AUD,full_time_employment_change,Full-Time Employment Change,Labor,"gdp_growth,inflation,unemployment",0.011030983280093434,0.011030983280093434,0.12644679390105593,0.003497324317176,0.0,"Linked to gdp_growth, inflation, unemployment; strongest target link is unemployment with Pearson -0.10. weak negative Pearson correlation (-0.10); Spearman -0.09; same macro theme; model importance signal 0.01",0.015040851358393744
RBA,AUD,westpac_consumer_confidence_change,Westpac Consumer Confidence Change,Sentiment,"gdp_growth,inflation,unemployment",0.0095391644248565,0.0095391644248565,0.29974223969169617,0.008255772090352966,0.0,"Linked to gdp_growth, inflation, unemployment; strongest target link is gdp_growth with Pearson 0.43. moderate positive Pearson correlation (0.43); Spearman 0.09; model importance signal 0.02",0.01300674206047105
RBA,AUD,current_account,Current Account,Trade,"gdp_growth,inflation,unemployment",-0.009533380768886867,0.009533380768886867,0.21025579557883453,0.0,0.23628285434058807,"Linked to gdp_growth, inflation, unemployment; strongest target link is unemployment with Pearson 0.40. weak positive Pearson correlation (0.40); Spearman 0.27; PCA loading signal 0.24",0.012998855990159952
RBA,AUD,westpac_consumer_confidence_index,Westpac Consumer Confidence Index,Sentiment,"gdp_growth,inflation,unemployment",-0.009382024455445264,0.009382024455445264,0.2591634019728052,0.014959099672231866,0.22060729150744188,"Linked to gdp_growth, inflation, unemployment; strongest target link is unemployment with Pearson 0.44. moderate positive Pearson correlation (0.44); Spearman 0.63; PCA loading signal 0.22; model importance signal 0.04",0.012792480207074701
RBA,AUD,monthly_cpi_indicator,Monthly CPI Indicator,Inflation,"gdp_growth,unemployment",0.008863656761550966,0.008863656761550966,0.48182930097541893,0.007752285520689,0.2526964058736206,"Linked to gdp_growth, unemployment; strongest target link is unemployment with Pearson -0.82. strong negative Pearson correlation (-0.82); Spearman -0.75; PCA loading signal 0.25; model importance signal 0.02",0.012085680891466324
RBA,AUD,private_house_approvals_mom,Private House Approvals (MoM),Housing,"gdp_growth,inflation,unemployment",-0.008853668835055199,0.008853668835055199,0.13004659440937075,0.0,0.0,"Linked to gdp_growth, inflation, unemployment; strongest target link is inflation with Pearson -0.31. weak negative Pearson correlation (-0.31); Spearman -0.43",0.012072062258023875
RBA,AUD,cpi_headline_yoy,Headline CPI (YoY),Inflation,gdp_growth,0.008630947648707133,0.008630947648707133,0.3740647970172684,0.0,0.271121537222668,Linked to gdp_growth; strongest target link is gdp_growth with Pearson 0.37. weak positive Pearson correlation (0.37); Spearman 0.16; PCA loading signal 0.27,0.01176837978718996
RBA,AUD,part_time_employment_change,Part-Time Employment Change,Labor,"gdp_growth,inflation,unemployment",0.008605022015843698,0.008605022015843698,0.21568664474868268,0.0170513287733304,0.2046614993990505,"Linked to gdp_growth, inflation, unemployment; strongest target link is gdp_growth with Pearson 0.35. weak positive Pearson correlation (0.35); Spearman 0.14; PCA loading signal 0.20; model importance signal 0.04",0.011733029938462067
RBA,AUD,exports_mom,Exports (MoM),Trade,"gdp_growth,inflation,unemployment",0.0084079017543967,0.0084079017543967,0.10279416949862653,0.0,0.0,"Linked to gdp_growth, inflation, unemployment; strongest target link is gdp_growth with Pearson 0.24. weak positive Pearson correlation (0.24); Spearman 0.13",0.01146425457393927
RBA,AUD,td_mi_inflation_gauge_mom,TD-MI Inflation Gauge (MoM),Inflation,"gdp_growth,inflation,unemployment",0.008251616285728201,0.008251616285728201,0.21855972024943005,0.003998452273250867,0.0,"Linked to gdp_growth, inflation, unemployment; strongest target link is inflation with Pearson 0.30. weak positive Pearson correlation (0.30); Spearman 0.20; same macro theme; model importance signal 0.01",0.011251157840490147
RBA,AUD,thomson_reuters_ipsos_pcsi,Thomson Reuters IPSOS PCSI,Sentiment,unemployment,-0.007385952460065666,0.007385952460065666,0.4659649555050937,0.0,0.0,Linked to unemployment; strongest target link is unemployment with Pearson 0.47. moderate positive Pearson correlation (0.47); Spearman 0.46,0.01007081692277475
RBA,AUD,export_price_index_qoq,Export Price Index (QoQ),Inflation,"gdp_growth,inflation,unemployment",0.007156717840500199,0.007156717840500199,0.12183929126000588,0.012395146745600065,0.23613621281616828,"Linked to gdp_growth, inflation, unemployment; strongest target link is inflation with Pearson 0.02. weak positive Pearson correlation (0.02); Spearman 0.06; same macro theme; PCA loading signal 0.24; model importance signal 0.04",0.00975825332336252
RBA,AUD,ai_group_construction_index,Ai Group Construction Index,Growth,"gdp_growth,inflation,unemployment",0.006693574536065167,0.006693574536065167,0.18520841875053637,0.0,0.2948634732094977,"Linked to gdp_growth, inflation, unemployment; strongest target link is gdp_growth with Pearson 0.09. weak positive Pearson correlation (0.09); Spearman 0.21; same macro theme; PCA loading signal 0.29",0.009126752991727206
RBA,AUD,private_sector_credit_mom,Private Sector Credit (MoM),Growth,"gdp_growth,inflation,unemployment",0.0055313871540476015,0.0055313871540476015,0.35534561220505684,0.01459507440402403,0.1629897447250588,"Linked to gdp_growth, inflation, unemployment; strongest target link is gdp_growth with Pearson -0.14. weak negative Pearson correlation (-0.14); Spearman 0.04; same macro theme; PCA loading signal 0.16; model importance signal 0.02",0.007542099364786082
RBA,AUD,ai_group_industry_index,Ai Group Industry Index,Growth,"gdp_growth,unemployment",-0.004548035995757867,0.004548035995757867,0.2974127323588339,0.00310816552777565,0.0,"Linked to gdp_growth, unemployment; strongest target link is gdp_growth with Pearson -0.24. weak negative Pearson correlation (-0.24); Spearman -0.26; same macro theme; model importance signal 0.01",0.0062012906418111215
RBA,AUD,housing_credit_mom,Housing Credit (MoM),Growth,"gdp_growth,unemployment",-0.0031767245198562333,0.0031767245198562333,0.47032994246240123,0.0202980713664351,0.261330281806111,"Linked to gdp_growth, unemployment; strongest target link is unemployment with Pearson 0.76. strong positive Pearson correlation (0.76); Spearman 0.78; PCA loading signal 0.26; model importance signal 0.02",0.0043314943098452085
RBA,AUD,retail_sales_mom,Retail Sales (MoM),Growth,"inflation,unemployment",0.0014479250698009004,0.0014479250698009004,0.24468211486117317,0.0,0.0,"Linked to inflation, unemployment; strongest target link is inflation with Pearson 0.37. weak positive Pearson correlation (0.37); Spearman 0.16",0.0019742597010610975
RBA,AUD,ai_group_manufacturing_index,Ai Group Manufacturing Index,Growth,"gdp_growth,inflation,unemployment",-0.0009502020345270677,0.0009502020345270677,0.19061862847456965,0.0,0.2863480543502006,"Linked to gdp_growth, inflation, unemployment; strongest target link is gdp_growth with Pearson 0.08. weak positive Pearson correlation (0.08); Spearman 0.18; same macro theme; PCA loading signal 0.29",0.0012956095752185647
RBA,AUD,corelogic_dwelling_prices_mom,CoreLogic Dwelling Prices (MoM),Housing,"gdp_growth,unemployment",0.0004930818216867337,0.0004930818216867337,0.1458179057307634,0.0,0.2577319727534901,"Linked to gdp_growth, unemployment; strongest target link is gdp_growth with Pearson 0.15. weak positive Pearson correlation (0.15); Spearman 0.00; PCA loading signal 0.26",0.0006723217866624626
RBNZ,NZD,labour_cost_index_qoq,Labour Cost Index (QoQ),Labor,"gdp_growth,inflation,unemployment",0.057878433168642426,0.057878433168642426,0.6054194982913388,0.025852880007813633,0.3532126742276502,"Linked to gdp_growth, inflation, unemployment; strongest target link is unemployment with Pearson -0.64. moderate negative Pearson correlation (-0.64); Spearman -0.66; same macro theme; PCA loading signal 0.35; model importance signal 0.01",0.15484153889959706
RBNZ,NZD,labour_cost_index_yoy,Labour Cost Index (YoY),Labor,"gdp_growth,inflation,unemployment",0.052052032561091435,0.052052032561091435,0.5207101119296946,0.019369000133746733,0.3190101702958986,"Linked to gdp_growth, inflation, unemployment; strongest target link is unemployment with Pearson -0.56. moderate negative Pearson correlation (-0.56); Spearman -0.57; same macro theme; PCA loading signal 0.32; model importance signal 0.03",0.13925423311179072
RBNZ,NZD,cpi_headline_qoq,Headline CPI (QoQ),Inflation,"gdp_growth,inflation,unemployment",0.04712365618827549,0.04712365618827549,0.6309591173873219,0.15974511949179285,0.3694991761884383,"Linked to gdp_growth, inflation, unemployment; strongest target link is inflation with Pearson 0.75. strong positive Pearson correlation (0.75); Spearman 0.72; same macro theme; PCA loading signal 0.37; model importance signal 0.05",0.1260694017322039
RBNZ,NZD,participation_rate,Labor Force Participation Rate,Labor,"gdp_growth,inflation,unemployment",0.044673495360336025,0.044673495360336025,0.5043308617834614,0.0276916595019425,0.3646882570921226,"Linked to gdp_growth, inflation, unemployment; strongest target link is inflation with Pearson 0.69. moderate positive Pearson correlation (0.69); Spearman 0.72; PCA loading signal 0.36; model importance signal 0.01",0.11951451328102165
RBNZ,NZD,balance_of_trade,Balance of Trade,Growth,"inflation,unemployment",-0.0438578341404135,0.0438578341404135,0.44358839920914517,0.046403246819892996,0.227155757833053,"Linked to inflation, unemployment; strongest target link is inflation with Pearson -0.50. moderate negative Pearson correlation (-0.50); Spearman -0.37; PCA loading signal 0.23; model importance signal 0.06",0.11733238374504187
RBNZ,NZD,exports,Exports,Growth,"gdp_growth,inflation,unemployment",0.036567510806054394,0.036567510806054394,0.1611131017697592,0.0192357574655773,0.3726955334793356,"Linked to gdp_growth, inflation, unemployment; strongest target link is gdp_growth with Pearson 0.14. weak positive Pearson correlation (0.14); Spearman 0.23; same macro theme; PCA loading signal 0.37; model importance signal 0.04",0.09782866150572951
RBNZ,NZD,employment_change_qoq,Employment Change (QoQ),Labor,"gdp_growth,inflation,unemployment",0.03305330220738292,0.03305330220738292,0.34748591478476104,0.05671656161808677,0.44639987151925214,"Linked to gdp_growth, inflation, unemployment; strongest target link is unemployment with Pearson -0.45. moderate negative Pearson correlation (-0.45); Spearman -0.38; same macro theme; PCA loading signal 0.45; model importance signal 0.02",0.08842713769724991
RBNZ,NZD,business_confidence,Business Confidence,Growth,"gdp_growth,inflation,unemployment",-0.022539902282700593,0.022539902282700593,0.45917241349059085,0.03683546237737236,0.3009365416206782,"Linked to gdp_growth, inflation, unemployment; strongest target link is unemployment with Pearson 0.72. strong positive Pearson correlation (0.72); Spearman 0.68; PCA loading signal 0.30; model importance signal 0.04",0.06030075392557077
RBNZ,NZD,unemployment_rate,Unemployment Rate,Labor,"gdp_growth,inflation",-0.013827528615898164,0.013827528615898164,0.594177756027507,0.075676164481863,0.3784887413353238,"Linked to gdp_growth, inflation; strongest target link is inflation with Pearson -0.80. strong negative Pearson correlation (-0.80); Spearman -0.76; PCA loading signal 0.38; model importance signal 0.13",0.03699263599319213
RBNZ,NZD,cpi_headline_yoy,Headline CPI (YoY),Inflation,"gdp_growth,unemployment",0.008910881008388702,0.008910881008388702,0.6522158992530557,0.02971504503645485,0.3671195894021882,"Linked to gdp_growth, unemployment; strongest target link is unemployment with Pearson -0.80. strong negative Pearson correlation (-0.80); Spearman -0.76; PCA loading signal 0.37; model importance signal 0.03",0.02383918245108333
RBNZ,NZD,credit_card_spending_yoy,Credit Card Spending (YoY),Growth,"gdp_growth,inflation,unemployment",0.008546509064535465,0.008546509064535465,0.16470823711331092,0.02321849559557243,0.2952980474629851,"Linked to gdp_growth, inflation, unemployment; strongest target link is gdp_growth with Pearson -0.10. weak negative Pearson correlation (-0.10); Spearman -0.10; same macro theme; PCA loading signal 0.30; model importance signal 0.03",0.02286438217696948
RBNZ,NZD,capacity_utilization,Capacity Utilization,Growth,"gdp_growth,inflation,unemployment",0.0039572103253784005,0.0039572103253784005,0.17926619998313154,0.028327763467121736,0.4462103334839835,"Linked to gdp_growth, inflation, unemployment; strongest target link is gdp_growth with Pearson -0.20. weak negative Pearson correlation (-0.20); Spearman -0.24; same macro theme; PCA loading signal 0.45; model importance signal 0.03",0.01058668148022603
RBNZ,NZD,imports,Imports,Growth,"gdp_growth,inflation,unemployment",-0.0008030885464887678,0.0008030885464887678,0.4077853152756549,0.03210124461567853,0.3937952279188586,"Linked to gdp_growth, inflation, unemployment; strongest target link is gdp_growth with Pearson -0.44. moderate negative Pearson correlation (-0.44); Spearman -0.51; same macro theme; PCA loading signal 0.39; model importance signal 0.04",0.002148494000323647
SNB,CHF,producer_import_prices_yoy,Producer & Import Prices (YoY),Inflation,"gdp_growth,inflation,unemployment",0.11886381366237436,0.11886381366237436,0.45263259567280323,0.0627465875559394,0.3653700866721592,"Linked to gdp_growth, inflation, unemployment; strongest target link is inflation with Pearson 0.74. strong positive Pearson correlation (0.74); Spearman 0.74; same macro theme; PCA loading signal 0.37; model importance signal 0.11",0.18764327883600718
SNB,CHF,cpi_headline_yoy,Headline CPI (YoY),Inflation,"gdp_growth,unemployment",0.0905546237585496,0.0905546237585496,0.4914468860634773,0.16116667521378497,0.5163344998946099,"Linked to gdp_growth, unemployment; strongest target link is unemployment with Pearson -0.87. strong negative Pearson correlation (-0.87); Spearman -0.90; PCA loading signal 0.52; model importance signal 0.28",0.14295323355583997
SNB,CHF,cpi_headline_mom,Headline CPI (MoM),Inflation,"gdp_growth,inflation,unemployment",0.08670724882072432,0.08670724882072432,0.28576900630325736,0.0238242965440426,0.3152657194908059,"Linked to gdp_growth, inflation, unemployment; strongest target link is inflation with Pearson 0.43. moderate positive Pearson correlation (0.43); Spearman 0.38; same macro theme; PCA loading signal 0.32; model importance signal 0.01",0.1368796100870892
SNB,CHF,balance_of_trade,Balance of Trade,Growth,"gdp_growth,inflation,unemployment",-0.0855801148316991,0.0855801148316991,0.1944530078439847,0.13008844482077195,0.2539915897582966,"Linked to gdp_growth, inflation, unemployment; strongest target link is gdp_growth with Pearson -0.21. weak negative Pearson correlation (-0.21); Spearman -0.24; same macro theme; PCA loading signal 0.25; model importance signal 0.33",0.13510027026219554
SNB,CHF,economic_sentiment_index,Economic Sentiment Index,Sentiment,"gdp_growth,inflation,unemployment",-0.07099396136117116,0.07099396136117116,0.5205746210066412,0.04283978784216253,0.4509574005699118,"Linked to gdp_growth, inflation, unemployment; strongest target link is unemployment with Pearson 0.71. strong positive Pearson correlation (0.71); Spearman 0.68; PCA loading signal 0.45; model importance signal 0.04",0.11207397169003853
SNB,CHF,unemployment_rate,Unemployment Rate,Labor,"gdp_growth,inflation",-0.07073166248743916,0.07073166248743916,0.46123777007173977,0.0428912259196567,0.4832177752201831,"Linked to gdp_growth, inflation; strongest target link is inflation with Pearson -0.87. strong negative Pearson correlation (-0.87); Spearman -0.90; PCA loading signal 0.48; model importance signal 0.04",0.11165989595760523
SNB,CHF,producer_import_prices_mom,Producer & Import Prices (MoM),Inflation,"gdp_growth,inflation,unemployment",0.05674452272973746,0.05674452272973746,0.24151873217908837,0.03712028072722557,0.526690470992808,"Linked to gdp_growth, inflation, unemployment; strongest target link is gdp_growth with Pearson 0.50. moderate positive Pearson correlation (0.50); Spearman 0.47; PCA loading signal 0.53; model importance signal 0.05",0.0895792249375114
SNB,CHF,gdp_qoq,GDP (QoQ),Growth,"inflation,unemployment",0.027426327985521665,0.027426327985521665,0.0838782840852057,0.037900512172510004,0.3555178139913145,"Linked to inflation, unemployment; strongest target link is inflation with Pearson 0.11. weak positive Pearson correlation (0.11); Spearman 0.20; PCA loading signal 0.36; model importance signal 0.02",0.0432963233390187
SNB,CHF,consumer_confidence,Consumer Confidence,Sentiment,"gdp_growth,inflation,unemployment",-0.01684804915127157,0.01684804915127157,0.24432596753471478,0.022332187949197568,0.3980104573305943,"Linked to gdp_growth, inflation, unemployment; strongest target link is gdp_growth with Pearson 0.29. weak positive Pearson correlation (0.29); Spearman 0.37; PCA loading signal 0.40; model importance signal 0.01",0.026597019625456752
SNB,CHF,retail_sales_mom,Retail Sales (MoM),Growth,"gdp_growth,inflation,unemployment",0.0067216904795037655,0.0067216904795037655,0.2529289500444565,0.034936300392650665,0.7011432682807085,"Linked to gdp_growth, inflation, unemployment; strongest target link is gdp_growth with Pearson 0.65. moderate positive Pearson correlation (0.65); Spearman 0.29; same macro theme; PCA loading signal 0.70; model importance signal 0.05",0.010611135567948807
SNB,CHF,retail_sales_yoy,Retail Sales (YoY),Growth,"gdp_growth,inflation,unemployment",-0.0022842662450624357,0.0022842662450624357,0.28205607528788307,0.027485874723019065,0.5032961671292822,"Linked to gdp_growth, inflation, unemployment; strongest target link is gdp_growth with Pearson 0.52. moderate positive Pearson correlation (0.52); Spearman 0.42; same macro theme; PCA loading signal 0.50; model importance signal 0.03",0.003606036141288719
