central_bank_code,month,strength_score
BOC,2019-11-01,-0.11049892830477741
BOC,2019-12-01,-0.1259862462512401
BOC,2020-01-01,-0.12473349127051053
BOC,2020-02-01,-0.13534625432630534
BOC,2020-03-01,-0.7208630405351794
BOC,2020-04-01,-1.613926342363727
BOC,2020-05-01,-0.5364530337788336
BOC,2020-06-01,-0.03473957769496552
BOC,2020-07-01,-0.2519645656661541
BOC,2020-08-01,-0.23990732007359866
BOC,2020-09-01,-0.2603720037450214
BOC,2020-10-01,-0.23691530581299874
BOC,2020-11-01,-0.21831935234190938
BOC,2020-12-01,-0.32486081837137337
BOC,2021-01-01,-0.19935310291622466
BOC,2021-02-01,-0.07289830172101855
BOC,2021-03-01,0.1779424467173257
BOC,2021-04-01,0.1754893534320756
BOC,2021-05-01,0.11641090759300639
BOC,2021-06-01,0.21549505539692107
BOC,2021-07-01,0.14679664227028807
BOC,2021-08-01,0.1843575714810017
BOC,2021-09-01,0.21839912774817027
BOC,2021-10-01,0.250754266615204
BOC,2021-11-01,0.29181380100988025
BOC,2021-12-01,0.1688838024008583
BOC,2022-01-01,0.1836077668602955
BOC,2022-02-01,0.3875824452088961
BOC,2022-03-01,0.5987959621601807
BOC,2022-04-01,0.5479167522254655
BOC,2022-05-01,0.7590638406232317
BOC,2022-06-01,0.5554684290285192
BOC,2022-07-01,0.30850978206619994
BOC,2022-08-01,0.1772826684399044
BOC,2022-09-01,0.23893625649508587
BOC,2022-10-01,0.30029779215076735
BOC,2022-11-01,0.1415614686597284
BOC,2022-12-01,-0.05576660055956881
BOC,2023-01-01,0.2592371470656275
BOC,2023-02-01,0.12144665588164404
BOC,2023-03-01,-0.035968011671932185
BOC,2023-04-01,0.09682525012829421
BOC,2023-05-01,-0.09337933949370898
BOC,2023-06-01,-0.1883409814292655
BOC,2023-07-01,-0.048133969816072195
BOC,2023-08-01,0.01284290268366009
BOC,2023-09-01,-0.015720656064434835
BOC,2023-10-01,-0.043114258121120776
BOC,2023-11-01,-0.003626018873377503
BOC,2023-12-01,-0.1778479886922788
BOC,2024-01-01,-0.06972664927070212
BOC,2024-02-01,0.056056146739187185
BOC,2024-03-01,-0.021154575930932715
BOC,2024-04-01,0.01581750857624021
BOC,2024-05-01,-0.04798944233040237
BOC,2024-06-01,0.028135751638097187
BOC,2024-07-01,0.014875762621981542
BOC,2024-08-01,-0.14587462677619276
BOC,2024-09-01,-0.10389985558351465
BOC,2024-10-01,-0.04829101861939271
BOC,2024-11-01,-0.06575195888526218
BOC,2024-12-01,0.03537655355271087
BOC,2025-01-01,0.14119263770121906
BOC,2025-02-01,0.15380723741513844
BOC,2025-03-01,-0.08829196665074997
BOC,2025-04-01,-0.20109245597632597
BOC,2025-05-01,-0.14340755495483132
BOC,2025-06-01,-0.10241971351373567
BOC,2025-07-01,-0.19407942282801588
BOC,2025-08-01,-0.19480191519277126
BOC,2025-09-01,0.05327229324660312
BOC,2025-10-01,-0.03571500472483654
BOC,2025-11-01,-0.017808354876258568
BOC,2025-12-01,0.010107923066723175
BOC,2026-01-01,0.0680417168123387
BOC,2026-02-01,0.05452840420618209
BOC,2026-03-01,0.09261979017610872
BOC,2026-04-01,0.016764642930033668
BOE,2019-10-01,0.023510073177864983
BOE,2019-11-01,-0.03532706370843344
BOE,2019-12-01,-0.23728333593581816
BOE,2020-01-01,-0.3620825159968251
BOE,2020-02-01,-0.2633005228590471
BOE,2020-03-01,-0.3078933363406514
BOE,2020-04-01,-0.6993208979930278
BOE,2020-05-01,-0.6998509823590583
BOE,2020-06-01,-0.6080819608101992
BOE,2020-07-01,-0.4885619959424111
BOE,2020-08-01,-0.532802062016241
BOE,2020-09-01,-0.4889236464752931
BOE,2020-10-01,-0.36122932647160294
BOE,2020-11-01,-0.4400493563149562
BOE,2020-12-01,-0.3130840182311652
BOE,2021-01-01,-0.366299676862339
BOE,2021-02-01,-0.25311234417102374
BOE,2021-03-01,-0.1928361347357708
BOE,2021-04-01,-0.045628851906164655
BOE,2021-05-01,0.10285047688935639
BOE,2021-06-01,0.17173559157928397
BOE,2021-07-01,0.1690137567821453
BOE,2021-08-01,0.27128275153678677
BOE,2021-09-01,0.15357897896080713
BOE,2021-10-01,0.26494802189814093
BOE,2021-11-01,0.24535279250322387
BOE,2021-12-01,0.26903005380864664
BOE,2022-01-01,0.23735499186815395
BOE,2022-02-01,0.394641772756571
BOE,2022-03-01,0.6774144485980721
BOE,2022-04-01,0.9542592430626037
BOE,2022-05-01,0.7169588540103873
BOE,2022-06-01,0.6597775929028478
BOE,2022-07-01,0.655815546017359
BOE,2022-08-01,0.5474884550368881
BOE,2022-09-01,0.5981961838879939
BOE,2022-10-01,0.7804967401140264
BOE,2022-11-01,0.3378943803508124
BOE,2022-12-01,0.43567623648981957
BOE,2023-01-01,0.41011985065597373
BOE,2023-02-01,0.5405829281523361
BOE,2023-03-01,0.4276732475153592
BOE,2023-04-01,0.3512019945286377
BOE,2023-05-01,0.1917870412867665
BOE,2023-06-01,0.05066311376441833
BOE,2023-07-01,0.054104422450578914
BOE,2023-08-01,0.06511696142372525
BOE,2023-09-01,0.09842700637531263
BOE,2023-10-01,-0.03536429749313664
BOE,2023-11-01,-0.17824206241384613
BOE,2023-12-01,-0.015190929296580606
BOE,2024-01-01,-0.24548452671421372
BOE,2024-02-01,-0.044057289521012205
BOE,2024-03-01,-0.12318562013273816
BOE,2024-04-01,-0.13308537872724083
BOE,2024-05-01,-0.17532151477692706
BOE,2024-06-01,-0.2103401475142788
BOE,2024-07-01,-0.2113374119403027
BOE,2024-08-01,-0.1955038744612051
BOE,2024-09-01,-0.2876037034279689
BOE,2024-10-01,-0.1285238262382318
BOE,2024-11-01,-0.14145802442734004
BOE,2024-12-01,-0.13232833207083441
BOE,2025-01-01,-0.18073834768911898
BOE,2025-02-01,0.03767325987371264
BOE,2025-03-01,-0.035534035153920014
BOE,2025-04-01,0.194758245388617
BOE,2025-05-01,-0.07491372837548359
BOE,2025-06-01,-0.0527208273323304
BOE,2025-07-01,-0.0643812847671035
BOE,2025-08-01,-0.07392940519019968
BOE,2025-09-01,-0.18424681012669378
BOE,2025-10-01,-0.1767944349848789
BOE,2025-11-01,-0.28825687784698845
BOE,2025-12-01,-0.19997537943581567
BOE,2026-01-01,-0.3549845709348606
BOE,2026-02-01,-0.2869068444526585
BOE,2026-03-01,-0.06483255454195232
BOE,2026-04-01,-0.06782033320788051
BOJ,2019-10-01,0.0035057274617042696
BOJ,2019-11-01,-0.029527570133352575
BOJ,2019-12-01,-0.22783701721234847
BOJ,2020-01-01,-0.2785839174136202
BOJ,2020-02-01,-0.33029731274097507
BOJ,2020-03-01,-0.7992568125146353
BOJ,2020-04-01,-1.7118466930059673
BOJ,2020-05-01,-1.1252280805249066
BOJ,2020-06-01,-0.38385000542436426
BOJ,2020-07-01,-0.7986477926546643
BOJ,2020-08-01,-0.4860125323120865
BOJ,2020-09-01,-0.37217254329547866
BOJ,2020-10-01,-0.37862697115726457
BOJ,2020-11-01,-0.4678475272220067
BOJ,2020-12-01,-0.4825558475329625
BOJ,2021-01-01,-0.5603134993163901
BOJ,2021-02-01,-0.355127982577064
BOJ,2021-03-01,-0.06385777796316991
BOJ,2021-04-01,-0.20597494652826276
BOJ,2021-05-01,-0.20589792698704812
BOJ,2021-06-01,-0.046804720422978396
BOJ,2021-07-01,-0.19802445875119734
BOJ,2021-08-01,-0.41090002024422817
BOJ,2021-09-01,-0.1749481173059219
BOJ,2021-10-01,-0.0835520442351364
BOJ,2021-11-01,0.045830594379915164
BOJ,2021-12-01,-0.04284507098013172
BOJ,2022-01-01,-0.29398847392133526
BOJ,2022-02-01,-0.29205247212867375
BOJ,2022-03-01,-0.015783243160612616
BOJ,2022-04-01,0.1513569825510533
BOJ,2022-05-01,0.059340972370602096
BOJ,2022-06-01,0.13387333205308227
BOJ,2022-07-01,0.09543973926552897
BOJ,2022-08-01,0.11076901691111606
BOJ,2022-09-01,0.1489876231711408
BOJ,2022-10-01,0.2529845001802157
BOJ,2022-11-01,0.045823728617598404
BOJ,2022-12-01,0.09685179516047954
BOJ,2023-01-01,0.25286126556006017
BOJ,2023-02-01,0.17880925007231108
BOJ,2023-03-01,0.26490698114566985
BOJ,2023-04-01,0.36855544080971075
BOJ,2023-05-01,0.3936007381191395
BOJ,2023-06-01,0.3670686268830246
BOJ,2023-07-01,0.41064431837208615
BOJ,2023-08-01,0.3540450993490746
BOJ,2023-09-01,0.28737152986516046
BOJ,2023-10-01,0.3927480370476504
BOJ,2023-11-01,0.16657428562323562
BOJ,2023-12-01,0.19984713306498678
BOJ,2024-01-01,0.20884165006004704
BOJ,2024-02-01,0.2883420994082912
BOJ,2024-03-01,0.2477635062907008
BOJ,2024-04-01,0.25837986669566476
BOJ,2024-05-01,0.23707877824227483
BOJ,2024-06-01,0.0505164033387565
BOJ,2024-07-01,0.31165589066431065
BOJ,2024-08-01,0.2651735052521538
BOJ,2024-09-01,0.046673788517565984
BOJ,2024-10-01,0.28866345152308753
BOJ,2024-11-01,0.21521543031885032
BOJ,2024-12-01,0.2736039856519045
BOJ,2025-01-01,0.3389692711463731
BOJ,2025-02-01,0.1616512249221531
BOJ,2025-03-01,0.24442016438699676
BOJ,2025-04-01,0.3166312019953737
BOJ,2025-05-01,0.22361094698455547
BOJ,2025-06-01,0.14221228648284978
BOJ,2025-07-01,0.23993377460047105
BOJ,2025-08-01,0.1696106083340668
BOJ,2025-09-01,0.18584037060481476
BOJ,2025-10-01,0.3346182875628391
BOJ,2025-11-01,0.257089657594911
BOJ,2025-12-01,0.20672312956391942
BOJ,2026-01-01,0.2709582016268553
BOJ,2026-02-01,0.21774988080081747
BOJ,2026-03-01,0.011680569294763658
BOJ,2026-04-01,0.028207688567409826
ECB,2019-10-01,0.0001478224850106816
ECB,2019-11-01,-0.003309910008561054
ECB,2019-12-01,-0.20976263650462817
ECB,2020-01-01,-0.2042171720993011
ECB,2020-02-01,-0.18851082389907264
ECB,2020-03-01,-0.25378963538615806
ECB,2020-04-01,-0.49825912368303327
ECB,2020-05-01,-0.4477505973846308
ECB,2020-06-01,-0.368548579377541
ECB,2020-07-01,-0.35679331605813736
ECB,2020-08-01,-0.368384981457433
ECB,2020-09-01,-0.3628019706174641
ECB,2020-10-01,-0.31875698300691757
ECB,2020-11-01,-0.3262947481847908
ECB,2020-12-01,-0.33395817900387836
ECB,2021-01-01,-0.23622598617303048
ECB,2021-02-01,-0.2918825913044989
ECB,2021-03-01,-0.06412799176698651
ECB,2021-04-01,0.1257032737212563
ECB,2021-05-01,-0.1132334680293602
ECB,2021-06-01,-0.21170487180090403
ECB,2021-07-01,-0.2043129204299533
ECB,2021-08-01,-0.12812699303264527
ECB,2021-09-01,-0.06979803908262414
ECB,2021-10-01,-0.0014750233869703934
ECB,2021-11-01,0.005466152054128062
ECB,2021-12-01,-0.01417559096833024
ECB,2022-01-01,0.002283513784176329
ECB,2022-02-01,0.11676426480959753
ECB,2022-03-01,0.24386675127856333
ECB,2022-04-01,0.19204055730605235
ECB,2022-05-01,0.25023770920458804
ECB,2022-06-01,0.28693952259580385
ECB,2022-07-01,0.33515484341590623
ECB,2022-08-01,0.4059339431064576
ECB,2022-09-01,0.48920694078356375
ECB,2022-10-01,0.5578902761039614
ECB,2022-11-01,0.4282596776888931
ECB,2022-12-01,0.35231702783352237
ECB,2023-01-01,0.31774013189114664
ECB,2023-02-01,0.3490179313371355
ECB,2023-03-01,0.26840637850275206
ECB,2023-04-01,0.31071106737955845
ECB,2023-05-01,0.26826157087310076
ECB,2023-06-01,0.2611380127074072
ECB,2023-07-01,0.24305684923387372
ECB,2023-08-01,0.2363379865777291
ECB,2023-09-01,0.16025356785994435
ECB,2023-10-01,0.09077704501100325
ECB,2023-11-01,-0.013920047156809235
ECB,2023-12-01,0.08406990417285423
ECB,2024-01-01,0.010012686293164288
ECB,2024-02-01,0.029148829962743955
ECB,2024-03-01,0.018764866533988254
ECB,2024-04-01,-0.02177812324407225
ECB,2024-05-01,-0.04082266470133916
ECB,2024-06-01,-0.022745608019316535
ECB,2024-07-01,-0.03559994660972981
ECB,2024-08-01,-0.033071654170131255
ECB,2024-09-01,-0.051409569233942534
ECB,2024-10-01,-0.017456605972576134
ECB,2024-11-01,-0.018915771174140568
ECB,2024-12-01,0.004975448016468525
ECB,2025-01-01,-0.019738945206675053
ECB,2025-02-01,-0.0008695953946701593
ECB,2025-03-01,-0.02858295659201303
ECB,2025-04-01,0.09326854138332483
ECB,2025-05-01,0.0037644355178119374
ECB,2025-06-01,-0.026801462667884787
ECB,2025-07-01,-0.011393083144307998
ECB,2025-08-01,-0.033701286243269464
ECB,2025-09-01,-0.0296848073198362
ECB,2025-10-01,-0.017011487192721945
ECB,2025-11-01,-0.05468663456136645
ECB,2025-12-01,-0.062264495559170824
ECB,2026-01-01,-0.14993360759095742
ECB,2026-02-01,-0.0801731037208255
ECB,2026-03-01,-0.04184223618994467
ECB,2026-04-01,-0.15331170511293882
FED,2020-02-01,-0.26405747627202464
FED,2020-03-01,-0.7686360153644353
FED,2020-04-01,-2.456977409143344
FED,2020-05-01,-0.899124515678223
FED,2020-06-01,-0.04980563037207271
FED,2020-08-01,-0.12909386579908355
FED,2020-09-01,-0.3090232539050103
FED,2020-10-01,-0.28388508144319025
FED,2020-11-01,-0.3012563141605348
FED,2020-12-01,-0.07639609511338583
FED,2021-02-01,-0.08951233771877297
FED,2021-03-01,0.3343839693432238
FED,2021-04-01,0.5382021758708531
FED,2021-05-01,0.525218474285938
FED,2021-06-01,0.0021528426315126498
FED,2021-08-01,0.04238370335377701
FED,2021-09-01,0.30383193672438463
FED,2021-10-01,0.5880600305268686
FED,2021-11-01,0.7200880977392551
FED,2021-12-01,0.042103714664765625
FED,2022-02-01,0.15847337021506988
FED,2022-03-01,0.9834282068759542
FED,2022-04-01,0.6666387611953261
FED,2022-05-01,0.763545886322747
FED,2022-06-01,0.06472019277971634
FED,2022-08-01,0.1501468722904794
FED,2022-09-01,0.3896042430876608
FED,2022-10-01,0.3012315395262529
FED,2022-11-01,0.1570376462107114
FED,2022-12-01,-0.04476512839855924
FED,2023-02-01,0.07162094970603569
FED,2023-03-01,-0.061045197510297876
FED,2023-04-01,0.0899901888384263
FED,2023-05-01,-0.13302039905874846
FED,2023-06-01,-0.04386890918864953
FED,2023-08-01,0.011544060770923502
FED,2023-09-01,0.006437857268032708
FED,2023-10-01,-0.16612134402797904
FED,2023-11-01,-0.16541250546196312
FED,2023-12-01,-0.07039407653629975
FED,2024-03-01,-0.018749716273571707
FED,2024-04-01,-0.05970793090150856
FED,2024-05-01,-0.16556422751999558
FED,2024-06-01,-0.023325533684578348
FED,2024-09-01,-0.09667492282109184
FED,2024-10-01,-0.16225402478418852
FED,2024-11-01,-0.13584901138108665
FED,2024-12-01,-0.06163209628280492
FED,2025-03-01,-0.03704209025118385
FED,2025-04-01,-0.08256502856215608
FED,2025-05-01,-0.08134533275394204
FED,2025-06-01,0.05907223793174167
FED,2025-09-01,-0.02956396698572656
FED,2025-10-01,-0.03152261383878526
FED,2025-11-01,0.03444164481423027
FED,2025-12-01,0.030737783726940065
FED,2026-01-01,-0.0172549605126927
FED,2026-02-01,0.07156426511344577
FED,2026-03-01,0.09643342613058715
FED,2026-04-01,0.1123529337610287
RBA,2019-10-01,-0.2800104201098364
RBA,2019-11-01,-0.046469042888425946
RBA,2019-12-01,-0.05807817756503921
RBA,2020-01-01,-0.3319954231097431
RBA,2020-02-01,-0.17109239051311953
RBA,2020-03-01,-0.27159025869706266
RBA,2020-04-01,-1.530822945592352
RBA,2020-05-01,-0.4765483807397375
RBA,2020-06-01,0.036034064602117166
RBA,2020-07-01,-0.3291881322202957
RBA,2020-08-01,-0.06264356200344116
RBA,2020-09-01,-0.11513448349630528
RBA,2020-10-01,-0.28225251232019133
RBA,2020-11-01,0.02197700973526244
RBA,2020-12-01,-0.0745614410382155
RBA,2021-01-01,-0.33579916883862243
RBA,2021-02-01,-0.028704513850945346
RBA,2021-03-01,-0.013687772317975402
RBA,2021-04-01,-0.1969527443199688
RBA,2021-05-01,0.04000088214977878
RBA,2021-06-01,0.04306782018835346
RBA,2021-07-01,-0.05724461235780843
RBA,2021-08-01,-0.12108042880459477
RBA,2021-09-01,-0.036690450879646605
RBA,2021-10-01,0.09030738318436364
RBA,2021-11-01,0.1986125656432067
RBA,2021-12-01,0.055611946371222534
RBA,2022-01-01,0.46176199337372176
RBA,2022-02-01,0.049103097782136555
RBA,2022-03-01,0.27484247602477163
RBA,2022-04-01,0.6272539504773833
RBA,2022-05-01,0.2804116552264784
RBA,2022-06-01,0.30638329081422655
RBA,2022-07-01,0.6768978705973727
RBA,2022-08-01,0.13005830982569036
RBA,2022-09-01,0.23541634884621812
RBA,2022-10-01,0.5988776736575789
RBA,2022-11-01,0.1744778123916594
RBA,2022-12-01,0.08482665885105026
RBA,2023-01-01,0.4578447119018109
RBA,2023-02-01,0.032349369239324556
RBA,2023-03-01,0.07951423435918914
RBA,2023-04-01,0.14405457362814372
RBA,2023-05-01,0.06851670255347367
RBA,2023-06-01,0.01041104044910414
RBA,2023-07-01,0.2732616499064498
RBA,2023-08-01,-0.03513938731891947
RBA,2023-09-01,0.02013152418793657
RBA,2023-10-01,0.011686785692254849
RBA,2023-11-01,-0.06240386353502714
RBA,2023-12-01,-0.020395799042978613
RBA,2024-01-01,0.11642142049994009
RBA,2024-02-01,0.009972941774981075
RBA,2024-03-01,-0.07857799895180663
RBA,2024-04-01,0.04908344755710986
RBA,2024-05-01,-0.020839402934495897
RBA,2024-06-01,-0.006611151564430628
RBA,2024-07-01,-0.05709964191691647
RBA,2024-08-01,-0.03413895119508191
RBA,2024-09-01,-0.11014640821581308
RBA,2024-10-01,-0.12187433844463667
RBA,2024-11-01,-0.036983140816686876
RBA,2024-12-01,-0.036064103366940846
RBA,2025-01-01,-0.04181581606024761
RBA,2025-02-01,-0.08895156675010067
RBA,2025-03-01,-0.0076221988589711565
RBA,2025-04-01,-0.09187792212463912
RBA,2025-05-01,-0.07557181451651844
RBA,2025-06-01,-0.03350910842059045
RBA,2025-07-01,0.13742502442008908
RBA,2025-08-01,-0.001975329041617664
RBA,2025-09-01,-0.013854797800721028
RBA,2025-10-01,0.025532326710706942
RBA,2025-11-01,-0.0699130372681325
RBA,2025-12-01,0.015092359870358372
RBA,2026-01-01,0.014748704767405016
RBA,2026-02-01,0.00037656183943299477
RBA,2026-03-01,-0.026902069103304282
RBA,2026-04-01,0.06211568665456199
RBNZ,2019-10-01,-0.1025420830186155
RBNZ,2019-12-01,-0.05961413829497001
RBNZ,2020-01-01,-0.1739808078739869
RBNZ,2020-02-01,-0.08717377834119076
RBNZ,2020-03-01,-0.02209774635559122
RBNZ,2020-04-01,-0.47016394619070934
RBNZ,2020-05-01,-0.0866319491356153
RBNZ,2020-06-01,-0.05188001635911075
RBNZ,2020-07-01,-0.2949830689557372
RBNZ,2020-08-01,-0.025653512569824538
RBNZ,2020-09-01,-0.016096012146714474
RBNZ,2020-10-01,-0.28588851649618147
RBNZ,2020-11-01,-0.05683108445849087
RBNZ,2020-12-01,-0.04569133445105203
RBNZ,2021-01-01,-0.23713307750670654
RBNZ,2021-02-01,-0.09298863410365431
RBNZ,2021-03-01,-0.02096790996010426
RBNZ,2021-04-01,-0.01949469662655487
RBNZ,2021-05-01,-0.028741102703914594
RBNZ,2021-06-01,-0.024866991730392887
RBNZ,2021-07-01,0.21709536444045371
RBNZ,2021-08-01,0.06851363391119253
RBNZ,2021-09-01,0.05791554699472253
RBNZ,2021-10-01,0.09217433525697935
RBNZ,2021-11-01,0.04724157634527598
RBNZ,2021-12-01,0.03595556751790129
RBNZ,2022-01-01,0.1460036986545758
RBNZ,2022-02-01,0.022478161208139974
RBNZ,2022-03-01,0.06591124890780116
RBNZ,2022-04-01,0.18048234837333293
RBNZ,2022-05-01,0.042948913043146665
RBNZ,2022-06-01,0.08641796021809683
RBNZ,2022-07-01,0.47609056458692167
RBNZ,2022-08-01,0.16523089992728618
RBNZ,2022-09-01,0.13216249046440598
RBNZ,2022-10-01,0.4323810539920395
RBNZ,2022-11-01,0.173570630391138
RBNZ,2022-12-01,0.06386157318877567
RBNZ,2023-01-01,0.27314329516265284
RBNZ,2023-02-01,-0.002095143432909529
RBNZ,2023-03-01,0.045304425595083686
RBNZ,2023-04-01,0.356607567119115
RBNZ,2023-05-01,0.04838110302946082
RBNZ,2023-06-01,0.015298513659385763
RBNZ,2023-07-01,0.17091895200490437
RBNZ,2023-08-01,-0.04678095608739987
RBNZ,2023-09-01,-0.05491678032212538
RBNZ,2023-10-01,0.1021453309907982
RBNZ,2023-11-01,-0.02552194848781543
RBNZ,2023-12-01,-0.02762749415479913
RBNZ,2024-01-01,-0.028618157678116585
RBNZ,2024-02-01,-0.031619005075125474
RBNZ,2024-03-01,-0.000991138918774147
RBNZ,2024-04-01,0.07054932322456452
RBNZ,2024-05-01,0.0332262654321327
RBNZ,2024-06-01,-0.007676985242948766
RBNZ,2024-07-01,-0.09566280625831129
RBNZ,2024-08-01,-0.08116164382765335
RBNZ,2024-09-01,-0.0851278827851745
RBNZ,2024-10-01,-0.1613487249527795
RBNZ,2024-11-01,-0.027824899637741377
RBNZ,2024-12-01,-0.01062632048323583
RBNZ,2025-01-01,-0.17417815896036393
RBNZ,2025-02-01,-0.010938588996463994
RBNZ,2025-03-01,0.023551553019698412
RBNZ,2025-04-01,-0.14028531680446193
RBNZ,2025-05-01,0.039401276649751286
RBNZ,2025-06-01,-0.009019223165223805
RBNZ,2025-07-01,-0.16527670832082964
RBNZ,2025-08-01,-0.03753808752772015
RBNZ,2025-09-01,-0.044343259107816405
RBNZ,2025-10-01,-0.21317493571110516
RBNZ,2025-11-01,-0.0038352524271250857
RBNZ,2025-12-01,0.016023322720863948
RBNZ,2026-01-01,-0.0454941692193009
RBNZ,2026-02-01,-0.01742099058670006
RBNZ,2026-03-01,0.051538489420551004
SNB,2019-10-01,0.0012570545604737395
SNB,2019-11-01,-0.00035748676922334633
SNB,2019-12-01,0.006780733441231413
SNB,2020-01-01,-0.23495111746382208
SNB,2020-02-01,-0.1771999538427654
SNB,2020-03-01,-0.21232559046421823
SNB,2020-04-01,-0.9201044682654367
SNB,2020-05-01,-0.5035293694734644
SNB,2020-06-01,-0.3978931146852803
SNB,2020-07-01,-0.4142468108540661
SNB,2020-08-01,-0.5303260899855126
SNB,2020-09-01,-0.34129437022560216
SNB,2020-10-01,-0.3096652516479642
SNB,2020-11-01,-0.49080694388438684
SNB,2020-12-01,-0.43633188965811653
SNB,2021-01-01,-0.47258877852430714
SNB,2021-02-01,-0.3953364969903702
SNB,2021-03-01,-0.259705994345954
SNB,2021-04-01,-0.16016600893054192
SNB,2021-05-01,-0.07778990764315022
SNB,2021-06-01,-0.12303184684899722
SNB,2021-07-01,-0.13404585829793597
SNB,2021-08-01,0.15296519107141676
SNB,2021-09-01,0.027679285427689628
SNB,2021-10-01,0.1654938942859549
SNB,2021-11-01,0.25735293029791345
SNB,2021-12-01,0.08413232212189768
SNB,2022-01-01,0.35938548462629066
SNB,2022-02-01,0.3027968898200169
SNB,2022-03-01,0.7565287712479767
SNB,2022-04-01,0.6683276792584885
SNB,2022-05-01,0.9384522541479615
SNB,2022-06-01,0.8497678739573467
SNB,2022-07-01,0.6624995806380585
SNB,2022-08-01,0.6848164918532402
SNB,2022-09-01,0.5576435890095003
SNB,2022-10-01,0.5560234181966227
SNB,2022-11-01,0.6389396643660736
SNB,2022-12-01,0.25035892399839776
SNB,2023-01-01,0.6514955915536726
SNB,2023-02-01,0.5664064607657358
SNB,2023-03-01,0.43020382041401145
SNB,2023-04-01,0.39894097612764845
SNB,2023-05-01,0.16483053407201706
SNB,2023-06-01,0.17423357128858616
SNB,2023-07-01,0.14648728808601352
SNB,2023-08-01,0.17127676015983362
SNB,2023-09-01,-0.07422397775504447
SNB,2023-10-01,0.18745653080438648
SNB,2023-11-01,0.001405416301803103
SNB,2023-12-01,0.16660245571998195
SNB,2024-01-01,-0.0018597518455090063
SNB,2024-02-01,0.1929132268324606
SNB,2024-03-01,-0.025099065516517825
SNB,2024-04-01,0.04558903064769711
SNB,2024-05-01,-0.08235813054097973
SNB,2024-06-01,-0.17315292187148124
SNB,2024-07-01,-0.1827819842113057
SNB,2024-08-01,-0.03662175976108318
SNB,2024-09-01,-0.22720292127910904
SNB,2024-10-01,-0.39056570704534954
SNB,2024-11-01,-0.25064828629005176
SNB,2024-12-01,-0.20908526808802594
SNB,2025-01-01,-0.2705307739448413
SNB,2025-02-01,-0.01727111187111596
SNB,2025-03-01,-0.23378973982771065
SNB,2025-04-01,-0.17780350497253883
SNB,2025-05-01,-0.05492063680317958
SNB,2025-06-01,-0.18003055781521762
SNB,2025-07-01,-0.23308226659314307
SNB,2025-08-01,-0.23138720072409633
SNB,2025-09-01,-0.14348000420825363
SNB,2025-10-01,-0.26409565839466953
SNB,2025-11-01,-0.2684936300397866
SNB,2025-12-01,-0.22806007794222016
SNB,2026-01-01,-0.3492585710150322
SNB,2026-02-01,-0.2665259127521461
SNB,2026-03-01,-0.05501692519087774
