central_bank_code,currency,indicator_key,indicator,indicator_category,target_families,initial_signed_weight,initial_abs_weight,avg_abs_correlation,avg_model_importance,avg_pca_score,economic_rationale,initial_normalized_abs_weight,impact_score,contribution_hit_rate,refinement_multiplier,refined_signed_weight,refined_abs_weight,refined_normalized_abs_weight,weight_change,refinement_rationale,selection_criteria,interpretability_note
ECB,EUR,cpi_headline_yoy,Headline HICP (YoY),Inflation,"gdp_growth,inflation,unemployment",0.10992395433193791,0.10992395433193791,0.4136463432288657,0.1625066356542538,0.4592560903435156,"Linked to gdp_growth, inflation, unemployment; strongest target link is inflation with Pearson 0.81. strong positive Pearson correlation (0.81); Spearman 0.85; same macro theme; PCA loading signal 0.46; model importance signal 0.40",0.23964283204694473,-0.10173944645380746,0.4533333333333333,0.8982605535461925,0.09874035206619293,0.09874035206619293,0.22175557000428836,-0.017887262042656366,Reduced: contribution moved against forward FX returns.,"Top refined normalized weight after combining initial macro relevance, FX validation impact, PCA/model signals, and redundancy pruning.",Using this subset keeps the model focused on the largest macro drivers while reducing redundant low-weight inputs.
SNB,CHF,producer_import_prices_yoy,Producer & Import Prices (YoY),Inflation,"gdp_growth,inflation,unemployment",0.11886381366237436,0.11886381366237436,0.45263259567280323,0.0627465875559394,0.3653700866721592,"Linked to gdp_growth, inflation, unemployment; strongest target link is inflation with Pearson 0.74. strong positive Pearson correlation (0.74); Spearman 0.74; same macro theme; PCA loading signal 0.37; model importance signal 0.11",0.18764327883600718,-0.060424344929961224,0.4666666666666667,0.9395756550700388,0.11168154558594842,0.11168154558594842,0.18183838283655046,-0.005804895999456716,Mostly unchanged: validation signal was neutral.,"Top refined normalized weight after combining initial macro relevance, FX validation impact, PCA/model signals, and redundancy pruning.",Using this subset keeps the model focused on the largest macro drivers while reducing redundant low-weight inputs.
SNB,CHF,balance_of_trade,Balance of Trade,Growth,"gdp_growth,inflation,unemployment",-0.0855801148316991,0.0855801148316991,0.1944530078439847,0.13008844482077195,0.2539915897582966,"Linked to gdp_growth, inflation, unemployment; strongest target link is gdp_growth with Pearson -0.21. weak negative Pearson correlation (-0.21); Spearman -0.24; same macro theme; PCA loading signal 0.25; model importance signal 0.33",0.13510027026219554,0.08746966974945618,0.5333333333333333,1.0874696697494561,-0.09306577921314835,0.09306577921314835,0.15152844367217966,0.01642817340998412,Mostly unchanged: validation signal was neutral.,"Top refined normalized weight after combining initial macro relevance, FX validation impact, PCA/model signals, and redundancy pruning.",Using this subset keeps the model focused on the largest macro drivers while reducing redundant low-weight inputs.
RBNZ,NZD,labour_cost_index_qoq,Labour Cost Index (QoQ),Labor,"gdp_growth,inflation,unemployment",0.057878433168642426,0.057878433168642426,0.6054194982913388,0.025852880007813633,0.3532126742276502,"Linked to gdp_growth, inflation, unemployment; strongest target link is unemployment with Pearson -0.64. moderate negative Pearson correlation (-0.64); Spearman -0.66; same macro theme; PCA loading signal 0.35; model importance signal 0.01",0.15484153889959706,-0.11673365524440989,0.375,0.8832663447555901,0.0511220721050475,0.0511220721050475,0.14674864980962615,-0.008092889089970912,Reduced: contribution moved against forward FX returns.,"Top refined normalized weight after combining initial macro relevance, FX validation impact, PCA/model signals, and redundancy pruning.",Using this subset keeps the model focused on the largest macro drivers while reducing redundant low-weight inputs.
SNB,CHF,cpi_headline_yoy,Headline CPI (YoY),Inflation,"gdp_growth,unemployment",0.0905546237585496,0.0905546237585496,0.4914468860634773,0.16116667521378497,0.5163344998946099,"Linked to gdp_growth, unemployment; strongest target link is unemployment with Pearson -0.87. strong negative Pearson correlation (-0.87); Spearman -0.90; PCA loading signal 0.52; model importance signal 0.28",0.14295323355583997,-0.020574565119177858,0.4931506849315068,0.9794254348808221,0.08869150175518667,0.08869150175518667,0.14440630424564393,0.0014530706898039647,Mostly unchanged: validation signal was neutral.,"Top refined normalized weight after combining initial macro relevance, FX validation impact, PCA/model signals, and redundancy pruning.",Using this subset keeps the model focused on the largest macro drivers while reducing redundant low-weight inputs.
RBNZ,NZD,cpi_headline_qoq,Headline CPI (QoQ),Inflation,"gdp_growth,inflation,unemployment",0.04712365618827549,0.04712365618827549,0.6309591173873219,0.15974511949179285,0.3694991761884383,"Linked to gdp_growth, inflation, unemployment; strongest target link is inflation with Pearson 0.75. strong positive Pearson correlation (0.75); Spearman 0.72; same macro theme; PCA loading signal 0.37; model importance signal 0.05",0.1260694017322039,0.023982239632774034,0.52,1.023982239632774,0.04825378700335517,0.04825378700335517,0.13851508359037157,0.012445681858167662,Mostly unchanged: validation signal was neutral.,"Top refined normalized weight after combining initial macro relevance, FX validation impact, PCA/model signals, and redundancy pruning.",Using this subset keeps the model focused on the largest macro drivers while reducing redundant low-weight inputs.
ECB,EUR,core_cpi_yoy,Core HICP (YoY),Inflation,"gdp_growth,unemployment",0.06051486648109336,0.06051486648109336,0.3493524743449995,0.03901597698703605,0.3428500401250067,"Linked to gdp_growth, unemployment; strongest target link is unemployment with Pearson -0.68. moderate negative Pearson correlation (-0.68); Spearman -0.48; PCA loading signal 0.34; model importance signal 0.05",0.13192714975191228,0.016368130621674172,0.52,1.016368130621674,0.061505381720209064,0.061505381720209064,0.13813158142836035,0.0062044316764480745,Mostly unchanged: validation signal was neutral.,"Top refined normalized weight after combining initial macro relevance, FX validation impact, PCA/model signals, and redundancy pruning.",Using this subset keeps the model focused on the largest macro drivers while reducing redundant low-weight inputs.
RBNZ,NZD,labour_cost_index_yoy,Labour Cost Index (YoY),Labor,"gdp_growth,inflation,unemployment",0.052052032561091435,0.052052032561091435,0.5207101119296946,0.019369000133746733,0.3190101702958986,"Linked to gdp_growth, inflation, unemployment; strongest target link is unemployment with Pearson -0.56. moderate negative Pearson correlation (-0.56); Spearman -0.57; same macro theme; PCA loading signal 0.32; model importance signal 0.03",0.13925423311179072,-0.15699294209758904,0.375,0.8430070579024109,0.04388023082716619,0.04388023082716619,0.12596055601951212,-0.013293677092278605,Reduced: contribution moved against forward FX returns.,"Top refined normalized weight after combining initial macro relevance, FX validation impact, PCA/model signals, and redundancy pruning.",Using this subset keeps the model focused on the largest macro drivers while reducing redundant low-weight inputs.
RBNZ,NZD,balance_of_trade,Balance of Trade,Growth,"inflation,unemployment",-0.0438578341404135,0.0438578341404135,0.44358839920914517,0.046403246819892996,0.227155757833053,"Linked to inflation, unemployment; strongest target link is inflation with Pearson -0.50. moderate negative Pearson correlation (-0.50); Spearman -0.37; PCA loading signal 0.23; model importance signal 0.06",0.11733238374504187,-0.06458791086968993,0.49333333333333335,0.93541208913031,-0.04102514825801483,0.04102514825801483,0.11776488837800833,0.00043250463296645725,Mostly unchanged: validation signal was neutral.,"Top refined normalized weight after combining initial macro relevance, FX validation impact, PCA/model signals, and redundancy pruning.",Using this subset keeps the model focused on the largest macro drivers while reducing redundant low-weight inputs.
SNB,CHF,unemployment_rate,Unemployment Rate,Labor,"gdp_growth,inflation",-0.07073166248743916,0.07073166248743916,0.46123777007173977,0.0428912259196567,0.4832177752201831,"Linked to gdp_growth, inflation; strongest target link is inflation with Pearson -0.87. strong negative Pearson correlation (-0.87); Spearman -0.90; PCA loading signal 0.48; model importance signal 0.04",0.11165989595760523,0.01938206705523126,0.47297297297297297,1.0193820670552312,-0.07210258831269868,0.07210258831269868,0.11739645962385657,0.005736563666251346,Mostly unchanged: validation signal was neutral.,"Top refined normalized weight after combining initial macro relevance, FX validation impact, PCA/model signals, and redundancy pruning.",Using this subset keeps the model focused on the largest macro drivers while reducing redundant low-weight inputs.
RBNZ,NZD,participation_rate,Labor Force Participation Rate,Labor,"gdp_growth,inflation,unemployment",0.044673495360336025,0.044673495360336025,0.5043308617834614,0.0276916595019425,0.3646882570921226,"Linked to gdp_growth, inflation, unemployment; strongest target link is inflation with Pearson 0.69. moderate positive Pearson correlation (0.69); Spearman 0.72; PCA loading signal 0.36; model importance signal 0.01",0.11951451328102165,-0.08465806736857097,0.4166666666666667,0.915341932631429,0.04089152358053116,0.04089152358053116,0.1173813115745939,-0.002133201706427751,Mostly unchanged: validation signal was neutral.,"Top refined normalized weight after combining initial macro relevance, FX validation impact, PCA/model signals, and redundancy pruning.",Using this subset keeps the model focused on the largest macro drivers while reducing redundant low-weight inputs.
ECB,EUR,construction_output_yoy,Construction Output (YoY),Growth,"gdp_growth,inflation,unemployment",0.05679796354502602,0.05679796354502602,0.16357708697994244,0.041398228131553735,0.5252143092080225,"Linked to gdp_growth, inflation, unemployment; strongest target link is gdp_growth with Pearson 0.40. weak positive Pearson correlation (0.40); Spearman 0.28; same macro theme; PCA loading signal 0.53; model importance signal 0.07",0.12382401016367438,-0.08921386375368659,0.410958904109589,0.9107861362463134,0.05173079776383321,0.05173079776383321,0.1161793765653696,-0.007644633598304779,Mostly unchanged: validation signal was neutral.,"Top refined normalized weight after combining initial macro relevance, FX validation impact, PCA/model signals, and redundancy pruning.",Using this subset keeps the model focused on the largest macro drivers while reducing redundant low-weight inputs.
SNB,CHF,economic_sentiment_index,Economic Sentiment Index,Sentiment,"gdp_growth,inflation,unemployment",-0.07099396136117116,0.07099396136117116,0.5205746210066412,0.04283978784216253,0.4509574005699118,"Linked to gdp_growth, inflation, unemployment; strongest target link is unemployment with Pearson 0.71. strong positive Pearson correlation (0.71); Spearman 0.68; PCA loading signal 0.45; model importance signal 0.04",0.11207397169003853,0.004443049635485856,0.44594594594594594,1.004443049635486,-0.07130939105531861,0.07130939105531861,0.11610498657165585,0.00403101488161732,Mostly unchanged: validation signal was neutral.,"Top refined normalized weight after combining initial macro relevance, FX validation impact, PCA/model signals, and redundancy pruning.",Using this subset keeps the model focused on the largest macro drivers while reducing redundant low-weight inputs.
ECB,EUR,consumer_inflation_expectation,Consumer Inflation Expectation,Inflation,"gdp_growth,inflation,unemployment",-0.04148610887757093,0.04148610887757093,0.1423450142136271,0.01969081737064327,0.5136478377762088,"Linked to gdp_growth, inflation, unemployment; strongest target link is unemployment with Pearson 0.34. weak positive Pearson correlation (0.34); Spearman 0.70; PCA loading signal 0.51; model importance signal 0.01",0.09044296743553769,0.21360518367885922,0.5866666666666667,1.2136051836788593,-0.05034775678448563,0.05034775678448563,0.1130732802805507,0.022630312845013018,Increased: contribution aligned with forward FX returns.,"Top refined normalized weight after combining initial macro relevance, FX validation impact, PCA/model signals, and redundancy pruning.",Using this subset keeps the model focused on the largest macro drivers while reducing redundant low-weight inputs.
SNB,CHF,cpi_headline_mom,Headline CPI (MoM),Inflation,"gdp_growth,inflation,unemployment",0.08670724882072432,0.08670724882072432,0.28576900630325736,0.0238242965440426,0.3152657194908059,"Linked to gdp_growth, inflation, unemployment; strongest target link is inflation with Pearson 0.43. moderate positive Pearson correlation (0.43); Spearman 0.38; same macro theme; PCA loading signal 0.32; model importance signal 0.01",0.1368796100870892,-0.2115908728810082,0.40350877192982454,0.7884091271189918,0.0683607863576365,0.0683607863576365,0.11130410826147753,-0.025575501825611677,Reduced: contribution moved against forward FX returns.,"Top refined normalized weight after combining initial macro relevance, FX validation impact, PCA/model signals, and redundancy pruning.",Using this subset keeps the model focused on the largest macro drivers while reducing redundant low-weight inputs.
RBNZ,NZD,exports,Exports,Growth,"gdp_growth,inflation,unemployment",0.036567510806054394,0.036567510806054394,0.1611131017697592,0.0192357574655773,0.3726955334793356,"Linked to gdp_growth, inflation, unemployment; strongest target link is gdp_growth with Pearson 0.14. weak positive Pearson correlation (0.14); Spearman 0.23; same macro theme; PCA loading signal 0.37; model importance signal 0.04",0.09782866150572951,-0.012779101250663496,0.48,0.9872208987493365,0.03610021088297909,0.03610021088297909,0.10362759150360991,0.005798929997880398,Mostly unchanged: validation signal was neutral.,"Top refined normalized weight after combining initial macro relevance, FX validation impact, PCA/model signals, and redundancy pruning.",Using this subset keeps the model focused on the largest macro drivers while reducing redundant low-weight inputs.
ECB,EUR,zew_economic_sentiment,ZEW Economic Sentiment Index,Sentiment,"gdp_growth,inflation,unemployment",-0.04123245824497167,0.04123245824497167,0.43755624936491283,0.028113978054511768,0.33561681325507947,"Linked to gdp_growth, inflation, unemployment; strongest target link is unemployment with Pearson 0.48. moderate positive Pearson correlation (0.48); Spearman 0.37; PCA loading signal 0.34; model importance signal 0.02",0.08988998918510983,-0.043006563996527344,0.49333333333333335,0.9569934360034726,-0.03945919189072515,0.03945919189072515,0.08861924640262961,-0.0012707427824802248,Mostly unchanged: validation signal was neutral.,"Top refined normalized weight after combining initial macro relevance, FX validation impact, PCA/model signals, and redundancy pruning.",Using this subset keeps the model focused on the largest macro drivers while reducing redundant low-weight inputs.
RBNZ,NZD,employment_change_qoq,Employment Change (QoQ),Labor,"gdp_growth,inflation,unemployment",0.03305330220738292,0.03305330220738292,0.34748591478476104,0.05671656161808677,0.44639987151925214,"Linked to gdp_growth, inflation, unemployment; strongest target link is unemployment with Pearson -0.45. moderate negative Pearson correlation (-0.45); Spearman -0.38; same macro theme; PCA loading signal 0.45; model importance signal 0.02",0.08842713769724991,-0.07656553123268368,0.4090909090909091,0.9234344687673163,0.03052255856488021,0.03052255856488021,0.08761664137806273,-0.0008104963191871845,Mostly unchanged: validation signal was neutral.,"Top refined normalized weight after combining initial macro relevance, FX validation impact, PCA/model signals, and redundancy pruning.",Using this subset keeps the model focused on the largest macro drivers while reducing redundant low-weight inputs.
SNB,CHF,producer_import_prices_mom,Producer & Import Prices (MoM),Inflation,"gdp_growth,inflation,unemployment",0.05674452272973746,0.05674452272973746,0.24151873217908837,0.03712028072722557,0.526690470992808,"Linked to gdp_growth, inflation, unemployment; strongest target link is gdp_growth with Pearson 0.50. moderate positive Pearson correlation (0.50); Spearman 0.47; PCA loading signal 0.53; model importance signal 0.05",0.0895792249375114,-0.09214118390263647,0.4626865671641791,0.9078588160973635,0.05151601522542938,0.05151601522542938,0.08387767960791728,-0.005701545329594118,Mostly unchanged: validation signal was neutral.,"Top refined normalized weight after combining initial macro relevance, FX validation impact, PCA/model signals, and redundancy pruning.",Using this subset keeps the model focused on the largest macro drivers while reducing redundant low-weight inputs.
BOC,CAD,cpi_headline_yoy,Headline CPI (YoY),Inflation,"inflation,unemployment",0.05360716239741377,0.05360716239741377,0.8306857700932573,0.1067646977476395,0.3886655144833463,"Linked to inflation, unemployment; strongest target link is inflation with Pearson 0.96. strong positive Pearson correlation (0.96); Spearman 0.90; same macro theme; PCA loading signal 0.39; model importance signal 0.09",0.07375392708971497,-0.09052591194776502,0.5333333333333333,0.909474088052235,0.04875432513445595,0.04875432513445595,0.06931545732880239,-0.004438469760912583,Mostly unchanged: validation signal was neutral.,"Top refined normalized weight after combining initial macro relevance, FX validation impact, PCA/model signals, and redundancy pruning.",Using this subset keeps the model focused on the largest macro drivers while reducing redundant low-weight inputs.
BOE,GBP,retail_price_index_yoy,Retail Price Index (YoY),Inflation,"gdp_growth,inflation,unemployment",0.04436806671307843,0.04436806671307843,0.5979164054232052,0.0812440794673253,0.2535130341110903,"Linked to gdp_growth, inflation, unemployment; strongest target link is inflation with Pearson 0.90. strong positive Pearson correlation (0.90); Spearman 0.91; same macro theme; PCA loading signal 0.25; model importance signal 0.04",0.06621321985582702,-0.0849188114803865,0.4533333333333333,0.9150811885196135,0.04060038322012131,0.04060038322012131,0.06559379666779312,-0.0006194231880339018,Mostly unchanged: validation signal was neutral.,"Top refined normalized weight after combining initial macro relevance, FX validation impact, PCA/model signals, and redundancy pruning.",Using this subset keeps the model focused on the largest macro drivers while reducing redundant low-weight inputs.
RBNZ,NZD,business_confidence,Business Confidence,Growth,"gdp_growth,inflation,unemployment",-0.022539902282700593,0.022539902282700593,0.45917241349059085,0.03683546237737236,0.3009365416206782,"Linked to gdp_growth, inflation, unemployment; strongest target link is unemployment with Pearson 0.72. strong positive Pearson correlation (0.72); Spearman 0.68; PCA loading signal 0.30; model importance signal 0.04",0.06030075392557077,0.005058776822517885,0.5540540540540541,1.0050587768225179,-0.022653926617950137,0.022653926617950137,0.06502931135575582,0.004728557430185049,Mostly unchanged: validation signal was neutral.,"Top refined normalized weight after combining initial macro relevance, FX validation impact, PCA/model signals, and redundancy pruning.",Using this subset keeps the model focused on the largest macro drivers while reducing redundant low-weight inputs.
ECB,EUR,economic_sentiment,Economic Sentiment,Sentiment,"gdp_growth,inflation,unemployment",0.03689332777798526,0.03689332777798526,0.10686208933263434,0.0566862908724148,0.4192522596323578,"Linked to gdp_growth, inflation, unemployment; strongest target link is gdp_growth with Pearson 0.27. weak positive Pearson correlation (0.27); Spearman 0.44; PCA loading signal 0.42; model importance signal 0.10",0.08043034483325374,-0.23756828097423807,0.40789473684210525,0.7624317190257619,0.028128643318350195,0.028128643318350195,0.06317258549297541,-0.01725775934027833,Reduced: contribution moved against forward FX returns.,"Top refined normalized weight after combining initial macro relevance, FX validation impact, PCA/model signals, and redundancy pruning.",Using this subset keeps the model focused on the largest macro drivers while reducing redundant low-weight inputs.
BOE,GBP,cpi_headline_yoy,Headline CPI (YoY),Inflation,"gdp_growth,inflation,unemployment",0.0425780752675698,0.0425780752675698,0.5900802416607784,0.0,0.2486118719189385,"Linked to gdp_growth, inflation, unemployment; strongest target link is inflation with Pearson 0.91. strong positive Pearson correlation (0.91); Spearman 0.93; same macro theme; PCA loading signal 0.25",0.06354190451797447,-0.09893820982988083,0.44,0.9010617901701192,0.03836547672259452,0.03836547672259452,0.06198309177430705,-0.001558812743667412,Mostly unchanged: validation signal was neutral.,"Top refined normalized weight after combining initial macro relevance, FX validation impact, PCA/model signals, and redundancy pruning.",Using this subset keeps the model focused on the largest macro drivers while reducing redundant low-weight inputs.
BOC,CAD,full_time_employment_change,Full-Time Employment Change,Labor,"gdp_growth,inflation,unemployment",0.03840365823982607,0.03840365823982607,0.3428640283951741,0.007501213029749866,0.2939698828103399,"Linked to gdp_growth, inflation, unemployment; strongest target link is gdp_growth with Pearson 0.80. strong positive Pearson correlation (0.80); Spearman 0.27; PCA loading signal 0.29",0.052836607705523904,0.06679461837228579,0.52,1.0667946183722858,0.04096881593605494,0.04096881593605494,0.0582465700221586,0.005409962316634695,Mostly unchanged: validation signal was neutral.,"Top refined normalized weight after combining initial macro relevance, FX validation impact, PCA/model signals, and redundancy pruning.",Using this subset keeps the model focused on the largest macro drivers while reducing redundant low-weight inputs.
RBA,AUD,cpi_headline_qoq,Headline CPI (QoQ),Inflation,"gdp_growth,inflation,unemployment",0.040012333926846395,0.040012333926846395,0.5856037209021868,0.04649494062739493,0.2075938071214254,"Linked to gdp_growth, inflation, unemployment; strongest target link is gdp_growth with Pearson 0.82. strong positive Pearson correlation (0.82); Spearman 0.58; PCA loading signal 0.21; model importance signal 0.10",0.05455720055184547,-0.06043231564840876,0.6,0.9395676843515912,0.037594295933149675,0.037594295933149675,0.05817985827842056,0.003622657726575086,Mostly unchanged: validation signal was neutral.,"Top refined normalized weight after combining initial macro relevance, FX validation impact, PCA/model signals, and redundancy pruning.",Using this subset keeps the model focused on the largest macro drivers while reducing redundant low-weight inputs.
SNB,CHF,gdp_qoq,GDP (QoQ),Growth,"inflation,unemployment",0.027426327985521665,0.027426327985521665,0.0838782840852057,0.037900512172510004,0.3555178139913145,"Linked to inflation, unemployment; strongest target link is inflation with Pearson 0.11. weak positive Pearson correlation (0.11); Spearman 0.20; PCA loading signal 0.36; model importance signal 0.02",0.0432963233390187,0.2754212898338637,0.5454545454545454,1.2754212898338637,0.03498012261470063,0.03498012261470063,0.05695416278767641,0.013657839448657713,Increased: contribution aligned with forward FX returns.,"Top refined normalized weight after combining initial macro relevance, FX validation impact, PCA/model signals, and redundancy pruning.",Using this subset keeps the model focused on the largest macro drivers while reducing redundant low-weight inputs.
BOC,CAD,employment_change,Employment Change,Labor,"gdp_growth,inflation,unemployment",0.03920873241256186,0.03920873241256186,0.3241939070086081,0.0167013752616463,0.3072153942361847,"Linked to gdp_growth, inflation, unemployment; strongest target link is gdp_growth with Pearson 0.84. strong positive Pearson correlation (0.84); Spearman 0.42; PCA loading signal 0.31; model importance signal 0.05",0.05394424666983948,0.017254881213679945,0.49333333333333335,1.01725488121368,0.03988527443287958,0.03988527443287958,0.05670606721301893,0.002761820543179451,Mostly unchanged: validation signal was neutral.,"Top refined normalized weight after combining initial macro relevance, FX validation impact, PCA/model signals, and redundancy pruning.",Using this subset keeps the model focused on the largest macro drivers while reducing redundant low-weight inputs.
BOE,GBP,avg_earnings_excl_bonus,Average Earnings (excl. Bonus),Labor,"gdp_growth,inflation,unemployment",0.03284162917138713,0.03284162917138713,0.41138575429920027,0.008363897083472934,0.2915968584737229,"Linked to gdp_growth, inflation, unemployment; strongest target link is inflation with Pearson 0.64. moderate positive Pearson correlation (0.64); Spearman 0.61; PCA loading signal 0.29; model importance signal 0.03",0.04901160167313767,0.05785070290964467,0.5416666666666666,1.0578507029096447,0.03474154050364977,0.03474154050364977,0.05612827670535207,0.007116675032214401,Mostly unchanged: validation signal was neutral.,"Top refined normalized weight after combining initial macro relevance, FX validation impact, PCA/model signals, and redundancy pruning.",Using this subset keeps the model focused on the largest macro drivers while reducing redundant low-weight inputs.
BOJ,JPY,coincident_index,Coincident Index,Growth,"gdp_growth,inflation,unemployment",0.03891060779924163,0.03891060779924163,0.44805742579145963,0.10862800366985981,0.20308626972107416,"Linked to gdp_growth, inflation, unemployment; strongest target link is unemployment with Pearson -0.59. moderate negative Pearson correlation (-0.59); Spearman -0.57; PCA loading signal 0.20; model importance signal 0.05",0.05142210973801206,0.0035875326404333392,0.4864864864864865,1.0035875326404333,0.03905020087478051,0.03905020087478051,0.0559265331230794,0.00450442338506734,Mostly unchanged: validation signal was neutral.,"Top refined normalized weight after combining initial macro relevance, FX validation impact, PCA/model signals, and redundancy pruning.",Using this subset keeps the model focused on the largest macro drivers while reducing redundant low-weight inputs.
BOE,GBP,avg_earnings_incl_bonus,Average Earnings (incl. Bonus),Labor,"gdp_growth,inflation,unemployment",0.0353901206972915,0.0353901206972915,0.43072083437762515,0.08498192204646793,0.2454055105116915,"Linked to gdp_growth, inflation, unemployment; strongest target link is inflation with Pearson 0.62. moderate positive Pearson correlation (0.62); Spearman 0.65; PCA loading signal 0.25",0.052814873760620294,-0.025742897676618755,0.5068493150684932,0.9742571023233813,0.034479076441417934,0.034479076441417934,0.05570424094595299,0.0028893671853326974,Mostly unchanged: validation signal was neutral.,"Top refined normalized weight after combining initial macro relevance, FX validation impact, PCA/model signals, and redundancy pruning.",Using this subset keeps the model focused on the largest macro drivers while reducing redundant low-weight inputs.
ECB,EUR,consumer_confidence,Consumer Confidence,Sentiment,"gdp_growth,inflation,unemployment",-0.022944970130256665,0.022944970130256665,0.3604265864869358,0.03384463525945384,0.3070804442109299,"Linked to gdp_growth, inflation, unemployment; strongest target link is gdp_growth with Pearson 0.20. weak positive Pearson correlation (0.20); Spearman 0.40; PCA loading signal 0.31; model importance signal 0.04",0.05002183242647111,0.07691808431936407,0.5263157894736842,1.076918084319364,-0.024709853277441036,0.024709853277441036,0.05549451144946218,0.0054726790229910685,Mostly unchanged: validation signal was neutral.,"Top refined normalized weight after combining initial macro relevance, FX validation impact, PCA/model signals, and redundancy pruning.",Using this subset keeps the model focused on the largest macro drivers while reducing redundant low-weight inputs.
BOJ,JPY,cpi_ex_food_energy_yoy,CPI Ex Food and Energy (YoY),Inflation,"gdp_growth,inflation,unemployment",0.03881727076633423,0.03881727076633423,0.4707342617995763,0.0094398985943179,0.299368559399061,"Linked to gdp_growth, inflation, unemployment; strongest target link is inflation with Pearson 0.84. strong positive Pearson correlation (0.84); Spearman 0.79; same macro theme; PCA loading signal 0.30; model importance signal 0.01",0.05129876067151719,-0.005533578384275444,0.4864864864864865,0.9944664216157245,0.03860247235588508,0.03860247235588508,0.055285309690645684,0.003986549019128496,Mostly unchanged: validation signal was neutral.,"Top refined normalized weight after combining initial macro relevance, FX validation impact, PCA/model signals, and redundancy pruning.",Using this subset keeps the model focused on the largest macro drivers while reducing redundant low-weight inputs.
RBA,AUD,rba_trimmed_mean_cpi_qoq,RBA Trimmed Mean CPI (QoQ),Inflation,"gdp_growth,inflation,unemployment",0.043711436451564,0.043711436451564,0.692920027277466,0.0,0.2827402185054314,"Linked to gdp_growth, inflation, unemployment; strongest target link is inflation with Pearson 0.91. strong positive Pearson correlation (0.91); Spearman 0.89; same macro theme; PCA loading signal 0.28",0.05960096227471387,-0.2041397034033431,0.4166666666666667,0.7958602965966569,0.034788196779007644,0.034788196779007644,0.05383721940061085,-0.005763742874103021,Reduced: contribution moved against forward FX returns.,"Top refined normalized weight after combining initial macro relevance, FX validation impact, PCA/model signals, and redundancy pruning.",Using this subset keeps the model focused on the largest macro drivers while reducing redundant low-weight inputs.
BOJ,JPY,services_pmi,S&P Global Services PMI,Growth,"gdp_growth,inflation,unemployment",0.03977402122778197,0.03977402122778197,0.5006541107363575,0.10690132748075883,0.2276024113633742,"Linked to gdp_growth, inflation, unemployment; strongest target link is gdp_growth with Pearson 0.65. moderate positive Pearson correlation (0.65); Spearman 0.14; same macro theme; PCA loading signal 0.23; model importance signal 0.02",0.05256314922782799,-0.06368368400306193,0.49333333333333335,0.9363163159969381,0.03724106502838082,0.03724106502838082,0.053335542716595574,0.0007723934887675851,Mostly unchanged: validation signal was neutral.,"Top refined normalized weight after combining initial macro relevance, FX validation impact, PCA/model signals, and redundancy pruning.",Using this subset keeps the model focused on the largest macro drivers while reducing redundant low-weight inputs.
RBA,AUD,rba_weighted_median_cpi_yoy,RBA Weighted Median CPI (YoY),Inflation,"gdp_growth,inflation,unemployment",0.04169868354215163,0.04169868354215163,0.65902313075964,0.008531246811072134,0.2612950537863377,"Linked to gdp_growth, inflation, unemployment; strongest target link is inflation with Pearson 0.87. strong positive Pearson correlation (0.87); Spearman 0.88; same macro theme; PCA loading signal 0.26",0.05685655440435858,-0.18597415309544357,0.391304347826087,0.8140258469045565,0.033943806185205073,0.033943806185205073,0.05253046464275019,-0.004326089761608386,Reduced: contribution moved against forward FX returns.,"Top refined normalized weight after combining initial macro relevance, FX validation impact, PCA/model signals, and redundancy pruning.",Using this subset keeps the model focused on the largest macro drivers while reducing redundant low-weight inputs.
RBA,AUD,producer_price_index_yoy,Producer Price Index (YoY),Inflation,"gdp_growth,inflation,unemployment",0.04505539285958127,0.04505539285958127,0.7152894238466954,0.0541844523281902,0.2956188215830626,"Linked to gdp_growth, inflation, unemployment; strongest target link is inflation with Pearson 0.87. strong positive Pearson correlation (0.87); Spearman 0.88; same macro theme; PCA loading signal 0.30; model importance signal 0.03",0.06143345970960956,-0.2491765909832963,0.4166666666666667,0.7508234090167036,0.033828643661417655,0.033828643661417655,0.0523522424112486,-0.009081217298360963,Reduced: contribution moved against forward FX returns.,"Top refined normalized weight after combining initial macro relevance, FX validation impact, PCA/model signals, and redundancy pruning.",Using this subset keeps the model focused on the largest macro drivers while reducing redundant low-weight inputs.
RBA,AUD,producer_price_index_qoq,Producer Price Index (QoQ),Inflation,"gdp_growth,inflation,unemployment",0.040867116950000996,0.040867116950000996,0.6453622961961266,0.0220080476472785,0.2564639821788557,"Linked to gdp_growth, inflation, unemployment; strongest target link is inflation with Pearson 0.65. moderate positive Pearson correlation (0.65); Spearman 0.65; same macro theme; PCA loading signal 0.26; model importance signal 0.03",0.05572270539112376,-0.1767061164901606,0.5,0.8232938835098393,0.0336456474216171,0.0336456474216171,0.052069042658924154,-0.0036536627321996085,Reduced: contribution moved against forward FX returns.,"Top refined normalized weight after combining initial macro relevance, FX validation impact, PCA/model signals, and redundancy pruning.",Using this subset keeps the model focused on the largest macro drivers while reducing redundant low-weight inputs.
BOE,GBP,ppi_output_yoy,PPI Output (YoY),Inflation,"gdp_growth,inflation,unemployment",0.03747235029395353,0.03747235029395353,0.4772837352190849,0.0,0.2812314370314687,"Linked to gdp_growth, inflation, unemployment; strongest target link is inflation with Pearson 0.56. moderate positive Pearson correlation (0.56); Spearman 0.47; same macro theme; PCA loading signal 0.28",0.05592231423048987,-0.15621670921910236,0.4925373134328358,0.8437832907808976,0.031618543044326645,0.031618543044326645,0.05108277604516733,-0.004839538185322539,Reduced: contribution moved against forward FX returns.,"Top refined normalized weight after combining initial macro relevance, FX validation impact, PCA/model signals, and redundancy pruning.",Using this subset keeps the model focused on the largest macro drivers while reducing redundant low-weight inputs.
BOE,GBP,ppi_core_output_yoy,PPI Core Output (YoY),Inflation,"gdp_growth,inflation,unemployment",0.03679089197234673,0.03679089197234673,0.46546187665755606,0.0304942787645627,0.2791065365445043,"Linked to gdp_growth, inflation, unemployment; strongest target link is inflation with Pearson 0.60. moderate positive Pearson correlation (0.60); Spearman 0.48; same macro theme; PCA loading signal 0.28; model importance signal 0.03",0.05490533167943737,-0.14658223543559987,0.48484848484848486,0.8534177645644001,0.03139800078337048,0.03139800078337048,0.05072646895950799,-0.0041788627199293785,Reduced: contribution moved against forward FX returns.,"Top refined normalized weight after combining initial macro relevance, FX validation impact, PCA/model signals, and redundancy pruning.",Using this subset keeps the model focused on the largest macro drivers while reducing redundant low-weight inputs.
RBA,AUD,rba_weighted_median_cpi_qoq,RBA Weighted Median CPI (QoQ),Inflation,"gdp_growth,inflation,unemployment",0.04397516606334834,0.04397516606334834,0.692873555985989,0.026246058765858834,0.2903748810399528,"Linked to gdp_growth, inflation, unemployment; strongest target link is inflation with Pearson 0.92. strong positive Pearson correlation (0.92); Spearman 0.90; same macro theme; PCA loading signal 0.29; model importance signal 0.01",0.059960560126413404,-0.2554390780045036,0.34782608695652173,0.7445609219954964,0.032742190189031704,0.032742190189031704,0.05067087805847784,-0.00928968206793556,Reduced: contribution moved against forward FX returns.,"Top refined normalized weight after combining initial macro relevance, FX validation impact, PCA/model signals, and redundancy pruning.",Using this subset keeps the model focused on the largest macro drivers while reducing redundant low-weight inputs.
BOJ,JPY,cpi_index,Consumer Price Index,Inflation,"gdp_growth,inflation,unemployment",0.0356769060494593,0.0356769060494593,0.4230568741208751,0.018530068690063534,0.2118882974725932,"Linked to gdp_growth, inflation, unemployment; strongest target link is inflation with Pearson 0.73. strong positive Pearson correlation (0.73); Spearman 0.70; same macro theme; PCA loading signal 0.21; model importance signal 0.04",0.047148628144117515,-0.011122230651906121,0.5142857142857142,0.9888777693480939,0.03528009927143083,0.03528009927143083,0.05052710604015032,0.0033784778960328082,Mostly unchanged: validation signal was neutral.,"Top refined normalized weight after combining initial macro relevance, FX validation impact, PCA/model signals, and redundancy pruning.",Using this subset keeps the model focused on the largest macro drivers while reducing redundant low-weight inputs.
BOC,CAD,retail_sales_yoy,Retail Sales (YoY),Growth,"gdp_growth,inflation,unemployment",0.0321505005935775,0.0321505005935775,0.20281551725394087,0.023081658935960436,0.1666807823077939,"Linked to gdp_growth, inflation, unemployment; strongest target link is gdp_growth with Pearson 0.14. weak positive Pearson correlation (0.14); Spearman 0.23; same macro theme; PCA loading signal 0.17; model importance signal 0.03",0.044233374247597754,0.09535813774197277,0.5555555555555556,1.0953581377419728,0.03521631245765324,0.03521631245765324,0.05006806671416917,0.005834692466571416,Mostly unchanged: validation signal was neutral.,"Top refined normalized weight after combining initial macro relevance, FX validation impact, PCA/model signals, and redundancy pruning.",Using this subset keeps the model focused on the largest macro drivers while reducing redundant low-weight inputs.
BOC,CAD,ppi_yoy,PPI (YoY),Inflation,"gdp_growth,inflation,unemployment",0.03754761994627243,0.03754761994627243,0.2773205933637836,0.01954275594015657,0.2850960545906697,"Linked to gdp_growth, inflation, unemployment; strongest target link is inflation with Pearson 0.57. moderate positive Pearson correlation (0.57); Spearman 0.52; same macro theme; PCA loading signal 0.29; model importance signal 0.05",0.051658851169546445,-0.0708163488829401,0.4594594594594595,0.9291836511170599,0.03488863459243317,0.03488863459243317,0.04960219746007497,-0.002056653709471473,Mostly unchanged: validation signal was neutral.,"Top refined normalized weight after combining initial macro relevance, FX validation impact, PCA/model signals, and redundancy pruning.",Using this subset keeps the model focused on the largest macro drivers while reducing redundant low-weight inputs.
BOC,CAD,cpi_headline_mom,Headline CPI (MoM),Inflation,"gdp_growth,inflation,unemployment",0.035063565123467394,0.035063565123467394,0.2787170039778358,0.029978026589371296,0.1987183854875247,"Linked to gdp_growth, inflation, unemployment; strongest target link is inflation with Pearson 0.28. weak positive Pearson correlation (0.28); Spearman 0.25; same macro theme; PCA loading signal 0.20; model importance signal 0.04",0.048241233260025156,-0.005299562421689736,0.4722222222222222,0.9947004375783103,0.034877743571368594,0.034877743571368594,0.049586713375252,0.001345480115226845,Mostly unchanged: validation signal was neutral.,"Top refined normalized weight after combining initial macro relevance, FX validation impact, PCA/model signals, and redundancy pruning.",Using this subset keeps the model focused on the largest macro drivers while reducing redundant low-weight inputs.
BOC,CAD,composite_pmi,Composite PMI,Growth,"gdp_growth,inflation,unemployment",-0.02341780082369053,0.02341780082369053,0.2509102333400957,0.0,0.0,"Linked to gdp_growth, inflation, unemployment; strongest target link is gdp_growth with Pearson -0.25. weak negative Pearson correlation (-0.25); Spearman -0.26; same macro theme",0.032218731552096924,0.4532564614046948,0.6206896551724138,1.4532564614046948,-0.03403207035891645,0.03403207035891645,0.048384394907912354,0.01616566335581543,Increased: contribution aligned with forward FX returns.,"Top refined normalized weight after combining initial macro relevance, FX validation impact, PCA/model signals, and redundancy pruning.",Using this subset keeps the model focused on the largest macro drivers while reducing redundant low-weight inputs.
BOE,GBP,ppi_input_yoy,PPI Input (YoY),Inflation,"gdp_growth,inflation,unemployment",0.0354253344362014,0.0354253344362014,0.4545481355448944,0.012934731896671601,0.2980000646450012,"Linked to gdp_growth, inflation, unemployment; strongest target link is inflation with Pearson 0.44. moderate positive Pearson correlation (0.44); Spearman 0.32; same macro theme; PCA loading signal 0.30",0.05286742540889167,-0.15510977889886493,0.4626865671641791,0.8448902211011351,0.029930518644383855,0.029930518644383855,0.048355611410789034,-0.004511813998102639,Reduced: contribution moved against forward FX returns.,"Top refined normalized weight after combining initial macro relevance, FX validation impact, PCA/model signals, and redundancy pruning.",Using this subset keeps the model focused on the largest macro drivers while reducing redundant low-weight inputs.
BOE,GBP,retail_price_index_mom,Retail Price Index (MoM),Inflation,"gdp_growth,inflation,unemployment",0.03172624224650933,0.03172624224650933,0.33608781886210054,0.0169973740847086,0.2117028743733909,"Linked to gdp_growth, inflation, unemployment; strongest target link is inflation with Pearson 0.36. weak positive Pearson correlation (0.36); Spearman 0.41; same macro theme; PCA loading signal 0.21; model importance signal 0.01",0.04734704053372975,-0.06379613727897743,0.5070422535211268,0.9362038627210225,0.029702230540804925,0.029702230540804925,0.04798679017659903,0.0006397496428692806,Mostly unchanged: validation signal was neutral.,"Top refined normalized weight after combining initial macro relevance, FX validation impact, PCA/model signals, and redundancy pruning.",Using this subset keeps the model focused on the largest macro drivers while reducing redundant low-weight inputs.
BOC,CAD,services_pmi,Services PMI,Growth,"gdp_growth,inflation,unemployment",-0.023074113619511297,0.023074113619511297,0.24831852611267324,0.0020137503334054997,0.0,"Linked to gdp_growth, inflation, unemployment; strongest target link is gdp_growth with Pearson -0.26. weak negative Pearson correlation (-0.26); Spearman -0.28; same macro theme; model importance signal 0.01",0.031745879047597896,0.4192048461000227,0.6,1.4192048461000226,-0.03274689386827297,0.03274689386827297,0.046557221709401166,0.01481134266180327,Increased: contribution aligned with forward FX returns.,"Top refined normalized weight after combining initial macro relevance, FX validation impact, PCA/model signals, and redundancy pruning.",Using this subset keeps the model focused on the largest macro drivers while reducing redundant low-weight inputs.
ECB,EUR,cpi_headline_mom,Headline HICP (MoM),Inflation,"gdp_growth,inflation,unemployment",0.027083441477418268,0.027083441477418268,0.12249777576767236,0.019324960598966132,0.37748085942303683,"Linked to gdp_growth, inflation, unemployment; strongest target link is inflation with Pearson 0.20. weak positive Pearson correlation (0.20); Spearman 0.20; same macro theme; PCA loading signal 0.38; model importance signal 0.02",0.05904402417718027,-0.24077829889838676,0.36619718309859156,0.7592217011016132,0.020562336510171485,0.020562336510171485,0.046179829806321626,-0.012864194370858645,Reduced: contribution moved against forward FX returns.,"Top refined normalized weight after combining initial macro relevance, FX validation impact, PCA/model signals, and redundancy pruning.",Using this subset keeps the model focused on the largest macro drivers while reducing redundant low-weight inputs.
BOC,CAD,ivey_pmi_sa,Ivey PMI s.a.,Growth,"gdp_growth,inflation,unemployment",0.033055452820978534,0.033055452820978534,0.24471288634694507,0.02023480185118823,0.2313669662300276,"Linked to gdp_growth, inflation, unemployment; strongest target link is gdp_growth with Pearson 0.36. weak positive Pearson correlation (0.36); Spearman 0.27; same macro theme; PCA loading signal 0.23; model importance signal 0.03",0.045478427662374865,-0.026021500042291004,0.5070422535211268,0.973978499957709,0.03219530035399949,0.03219530035399949,0.045773004994350254,0.0002945773319753889,Mostly unchanged: validation signal was neutral.,"Top refined normalized weight after combining initial macro relevance, FX validation impact, PCA/model signals, and redundancy pruning.",Using this subset keeps the model focused on the largest macro drivers while reducing redundant low-weight inputs.
BOC,CAD,raw_materials_prices_yoy,Raw Materials Prices (YoY),Inflation,"gdp_growth,inflation,unemployment",0.034657558383766995,0.034657558383766995,0.24181716929488636,0.0,0.2611480041221345,"Linked to gdp_growth, inflation, unemployment; strongest target link is inflation with Pearson 0.40. moderate positive Pearson correlation (0.40); Spearman 0.42; same macro theme; PCA loading signal 0.26",0.04768264015159305,-0.07213883001935188,0.4594594594594595,0.9278611699806482,0.03215740267063467,0.03215740267063467,0.04571912474379011,-0.0019635154078029363,Mostly unchanged: validation signal was neutral.,"Top refined normalized weight after combining initial macro relevance, FX validation impact, PCA/model signals, and redundancy pruning.",Using this subset keeps the model focused on the largest macro drivers while reducing redundant low-weight inputs.
RBA,AUD,rba_trimmed_mean_cpi_yoy,RBA Trimmed Mean CPI (YoY),Inflation,"inflation,unemployment",0.035904596074869,0.035904596074869,0.877483839351947,0.0117807476223452,0.2722453031235465,"Linked to inflation, unemployment; strongest target link is inflation with Pearson 0.93. strong positive Pearson correlation (0.93); Spearman 0.90; same macro theme; PCA loading signal 0.27; model importance signal 0.02",0.04895626064630368,-0.18205863378843146,0.375,0.8179413662115685,0.02936785436675287,0.02936785436675287,0.04544885234816598,-0.0035074082981376986,Reduced: contribution moved against forward FX returns.,"Top refined normalized weight after combining initial macro relevance, FX validation impact, PCA/model signals, and redundancy pruning.",Using this subset keeps the model focused on the largest macro drivers while reducing redundant low-weight inputs.
BOE,GBP,cbi_industrial_trends_orders,CBI Industrial Trends Orders,Sentiment,"gdp_growth,inflation,unemployment",0.03459675629696146,0.03459675629696146,0.46603832350694413,0.040999253674529904,0.2788656517782382,"Linked to gdp_growth, inflation, unemployment; strongest target link is gdp_growth with Pearson 0.69. moderate positive Pearson correlation (0.69); Spearman 0.65; PCA loading signal 0.28; model importance signal 0.04",0.05163088682234438,-0.1882340873991825,0.4342105263157895,0.8117659126008175,0.028084467448431003,0.028084467448431003,0.045373139394966865,-0.006257747427377516,Reduced: contribution moved against forward FX returns.,"Top refined normalized weight after combining initial macro relevance, FX validation impact, PCA/model signals, and redundancy pruning.",Using this subset keeps the model focused on the largest macro drivers while reducing redundant low-weight inputs.
BOJ,JPY,composite_pmi,S&P Global Composite PMI,Growth,"gdp_growth,inflation,unemployment",0.03516686428698413,0.03516686428698413,0.44755797307042827,0.0,0.2360756317683934,"Linked to gdp_growth, inflation, unemployment; strongest target link is gdp_growth with Pearson 0.64. moderate positive Pearson correlation (0.64); Spearman 0.15; same macro theme; PCA loading signal 0.24",0.046474585126946286,-0.11924236673764202,0.410958904109589,0.880757633262358,0.030973484158662683,0.030973484158662683,0.04435930030913983,-0.0021152848178064565,Reduced: contribution moved against forward FX returns.,"Top refined normalized weight after combining initial macro relevance, FX validation impact, PCA/model signals, and redundancy pruning.",Using this subset keeps the model focused on the largest macro drivers while reducing redundant low-weight inputs.
ECB,EUR,composite_pmi,Composite PMI,Growth,inflation,-0.015315770178611667,0.015315770178611667,0.2728277562399206,0.0317046417267982,0.3867684281633559,Linked to inflation; strongest target link is inflation with Pearson -0.27. weak negative Pearson correlation (-0.27); Spearman -0.20; PCA loading signal 0.39; model importance signal 0.03,0.033389578849204904,0.27252570820079375,0.5789473684210527,1.2725257082007937,-0.01948971129317841,0.01948971129317841,0.043770879347690306,0.010381300498485402,Increased: contribution aligned with forward FX returns.,"Top refined normalized weight after combining initial macro relevance, FX validation impact, PCA/model signals, and redundancy pruning.",Using this subset keeps the model focused on the largest macro drivers while reducing redundant low-weight inputs.
BOC,CAD,manufacturing_pmi,Manufacturing PMI,Growth,"gdp_growth,inflation,unemployment",0.038687036231764595,0.038687036231764595,0.3531842144501758,0.0276737555405183,0.3679183096955488,"Linked to gdp_growth, inflation, unemployment; strongest target link is unemployment with Pearson -0.41. moderate negative Pearson correlation (-0.41); Spearman -0.40; PCA loading signal 0.37; model importance signal 0.01",0.053226485453600196,-0.21985778729080901,0.40816326530612246,0.780142212709191,0.030181390049009476,0.030181390049009476,0.04290976950858377,-0.010316715945016423,Reduced: contribution moved against forward FX returns.,"Top refined normalized weight after combining initial macro relevance, FX validation impact, PCA/model signals, and redundancy pruning.",Using this subset keeps the model focused on the largest macro drivers while reducing redundant low-weight inputs.
BOJ,JPY,retail_sales_yoy,Retail Sales (YoY),Growth,"gdp_growth,inflation,unemployment",0.029962587076565465,0.029962587076565465,0.3799305810965481,0.010178606404059,0.0,"Linked to gdp_growth, inflation, unemployment; strongest target link is gdp_growth with Pearson 0.55. moderate positive Pearson correlation (0.55); Spearman 0.31; same macro theme; model importance signal 0.03",0.039596899864306936,-0.015184295438045455,0.581081081081081,0.9848157045619546,0.029507626302306734,0.029507626302306734,0.04225994240263129,0.0026630425383243547,Mostly unchanged: validation signal was neutral.,"Top refined normalized weight after combining initial macro relevance, FX validation impact, PCA/model signals, and redundancy pruning.",Using this subset keeps the model focused on the largest macro drivers while reducing redundant low-weight inputs.
BOC,CAD,balance_of_trade,Balance of Trade,Trade,"gdp_growth,inflation,unemployment",0.03713303082914203,0.03713303082914203,0.30385812976699716,0.026104553667446767,0.2338486366816714,"Linked to gdp_growth, inflation, unemployment; strongest target link is unemployment with Pearson -0.36. weak negative Pearson correlation (-0.36); Spearman -0.45; PCA loading signal 0.23; model importance signal 0.05",0.05108845023523958,-0.20281153968219098,0.4189189189189189,0.797188460317809,0.02960202367361747,0.02960202367361747,0.042086067300410944,-0.009002382934828634,Reduced: contribution moved against forward FX returns.,"Top refined normalized weight after combining initial macro relevance, FX validation impact, PCA/model signals, and redundancy pruning.",Using this subset keeps the model focused on the largest macro drivers while reducing redundant low-weight inputs.
FED,USD,core_pce_price_index_yoy,Core PCE Price Index (YoY),Inflation,"gdp_growth,inflation,unemployment",0.033817757669601836,0.033817757669601836,0.5462040937343144,0.02453096974605633,0.1842462934205236,"Linked to gdp_growth, inflation, unemployment; strongest target link is inflation with Pearson 0.97. strong positive Pearson correlation (0.97); Spearman 0.97; same macro theme; PCA loading signal 0.18; model importance signal 0.02",0.037914689775703586,0.1786848963317767,0.6,1.1786848963317766,0.039860480192967784,0.039860480192967784,0.04100049644881389,0.003085806673110307,Increased: contribution aligned with forward FX returns.,"Top refined normalized weight after combining initial macro relevance, FX validation impact, PCA/model signals, and redundancy pruning.",Using this subset keeps the model focused on the largest macro drivers while reducing redundant low-weight inputs.
BOJ,JPY,leading_economic_index,Leading Economic Index,Growth,"gdp_growth,inflation,unemployment",0.03151523059412227,0.03151523059412227,0.34326354463861525,0.037444635347180864,0.2320006974664118,"Linked to gdp_growth, inflation, unemployment; strongest target link is unemployment with Pearson -0.31. weak negative Pearson correlation (-0.31); Spearman -0.27; PCA loading signal 0.23; model importance signal 0.03",0.04164878776479291,-0.09912429679108262,0.44594594594594594,0.9008757032089174,0.02839130552327109,0.02839130552327109,0.04066118107423467,-0.0009876066905582376,Mostly unchanged: validation signal was neutral.,"Top refined normalized weight after combining initial macro relevance, FX validation impact, PCA/model signals, and redundancy pruning.",Using this subset keeps the model focused on the largest macro drivers while reducing redundant low-weight inputs.
BOE,GBP,ppi_core_output_mom,PPI Core Output (MoM),Inflation,"gdp_growth,inflation,unemployment",0.028558222965491632,0.028558222965491632,0.31581832880622734,0.010848058274613335,0.23824550686843823,"Linked to gdp_growth, inflation, unemployment; strongest target link is inflation with Pearson 0.24. weak positive Pearson correlation (0.24); Spearman 0.15; same macro theme; PCA loading signal 0.24; model importance signal 0.02",0.0426192087235668,-0.12170239160411794,0.5,0.878297608395882,0.025082618930627652,0.025082618930627652,0.040523366420244664,-0.0020958423033221388,Reduced: contribution moved against forward FX returns.,"Top refined normalized weight after combining initial macro relevance, FX validation impact, PCA/model signals, and redundancy pruning.",Using this subset keeps the model focused on the largest macro drivers while reducing redundant low-weight inputs.
BOE,GBP,cpi_headline_mom,Headline CPI (MoM),Inflation,"gdp_growth,inflation,unemployment",0.0293497111139443,0.0293497111139443,0.31375817331280437,0.0,0.2016623350347221,"Linked to gdp_growth, inflation, unemployment; strongest target link is inflation with Pearson 0.35. weak positive Pearson correlation (0.35); Spearman 0.35; same macro theme; PCA loading signal 0.20",0.04380039561470826,-0.182756704214557,0.4264705882352941,0.817243295785443,0.023985854641110485,0.023985854641110485,0.03875143896308135,-0.005048956651626912,Reduced: contribution moved against forward FX returns.,"Top refined normalized weight after combining initial macro relevance, FX validation impact, PCA/model signals, and redundancy pruning.",Using this subset keeps the model focused on the largest macro drivers while reducing redundant low-weight inputs.
FED,USD,pce_price_index_yoy,PCE Price Index (YoY),Inflation,"gdp_growth,inflation,unemployment",0.032066575079085,0.032066575079085,0.5174606156072952,0.0,0.1851021978209598,"Linked to gdp_growth, inflation, unemployment; strongest target link is inflation with Pearson 0.94. strong positive Pearson correlation (0.94); Spearman 0.93; same macro theme; PCA loading signal 0.19",0.03595135603522497,0.1733034923212599,0.5555555555555556,1.17330349232126,0.037623824527072317,0.037623824527072317,0.03869987206489227,0.002748516029667296,Increased: contribution aligned with forward FX returns.,"Top refined normalized weight after combining initial macro relevance, FX validation impact, PCA/model signals, and redundancy pruning.",Using this subset keeps the model focused on the largest macro drivers while reducing redundant low-weight inputs.
FED,USD,challenger_job_cuts,Challenger Job Cuts,Labor,"gdp_growth,inflation,unemployment",-0.030776007381187433,0.030776007381187433,0.5390707363073101,0.015869684132465135,0.1754474771620116,"Linked to gdp_growth, inflation, unemployment; strongest target link is unemployment with Pearson 0.85. strong positive Pearson correlation (0.85); Spearman 0.26; same macro theme; PCA loading signal 0.18; model importance signal 0.05",0.03450443946617303,0.2224338754816088,0.6857142857142857,1.2224338754816089,-0.037621633974835554,0.037621633974835554,0.0386976188625031,0.004193179396330071,Increased: contribution aligned with forward FX returns.,"Top refined normalized weight after combining initial macro relevance, FX validation impact, PCA/model signals, and redundancy pruning.",Using this subset keeps the model focused on the largest macro drivers while reducing redundant low-weight inputs.
ECB,EUR,services_pmi,Services PMI,Growth,inflation,-0.0130597728891119,0.0130597728891119,0.1890884041036828,0.0,0.3756753064500868,Linked to inflation; strongest target link is inflation with Pearson -0.19. weak negative Pearson correlation (-0.19); Spearman -0.20; PCA loading signal 0.38,0.02847132801996889,0.296182554665338,0.5789473684210527,1.296182554665338,-0.016927849786758185,0.016927849786758185,0.03801733435073286,0.009546006330763968,Increased: contribution aligned with forward FX returns.,"Top refined normalized weight after combining initial macro relevance, FX validation impact, PCA/model signals, and redundancy pruning.",Using this subset keeps the model focused on the largest macro drivers while reducing redundant low-weight inputs.
RBA,AUD,commodity_prices_yoy,Commodity Prices (YoY),Inflation,"gdp_growth,inflation,unemployment",0.024315060853228265,0.024315060853228265,0.21618226104019356,0.008077340808681534,0.2512596353643246,"Linked to gdp_growth, inflation, unemployment; strongest target link is inflation with Pearson 0.51. moderate positive Pearson correlation (0.51); Spearman 0.34; same macro theme; PCA loading signal 0.25; model importance signal 0.02",0.03315381836573749,-0.001288021068456385,0.4807692307692308,0.9987119789315436,0.024283742542568508,0.024283742542568508,0.03758082614736497,0.004427007781627482,Mostly unchanged: validation signal was neutral.,"Top refined normalized weight after combining initial macro relevance, FX validation impact, PCA/model signals, and redundancy pruning.",Using this subset keeps the model focused on the largest macro drivers while reducing redundant low-weight inputs.
BOJ,JPY,eco_watchers_current,Eco Watchers Survey Current,Sentiment,"gdp_growth,inflation,unemployment",0.029790711836024567,0.029790711836024567,0.42481084540226766,0.005653091450478767,0.2047005807097212,"Linked to gdp_growth, inflation, unemployment; strongest target link is gdp_growth with Pearson 0.68. moderate positive Pearson correlation (0.68); Spearman 0.38; PCA loading signal 0.20",0.03936975904127118,-0.12737340768644154,0.48,0.8726265923135584,0.025996167352065308,0.025996167352065308,0.03723093561414535,-0.002138823427125826,Reduced: contribution moved against forward FX returns.,"Top refined normalized weight after combining initial macro relevance, FX validation impact, PCA/model signals, and redundancy pruning.",Using this subset keeps the model focused on the largest macro drivers while reducing redundant low-weight inputs.
RBA,AUD,manufacturing_pmi,Manufacturing PMI,Growth,"gdp_growth,inflation,unemployment",0.024372862696270235,0.024372862696270235,0.1675272109548801,0.011532459841791467,0.3076420442377799,"Linked to gdp_growth, inflation, unemployment; strongest target link is gdp_growth with Pearson 0.04. weak positive Pearson correlation (0.04); Spearman 0.20; same macro theme; PCA loading signal 0.31; model importance signal 0.02",0.03323263173235771,-0.016847241088575493,0.603448275862069,0.9831527589114245,0.023962247202407423,0.023962247202407423,0.037083289144384385,0.003850657412026677,Mostly unchanged: validation signal was neutral.,"Top refined normalized weight after combining initial macro relevance, FX validation impact, PCA/model signals, and redundancy pruning.",Using this subset keeps the model focused on the largest macro drivers while reducing redundant low-weight inputs.
RBA,AUD,consumer_inflation_expectation,Consumer Inflation Expectation,Inflation,"gdp_growth,inflation,unemployment",0.025708192887454566,0.025708192887454566,0.5252616947094345,0.013644406586261001,0.2264625412710353,"Linked to gdp_growth, inflation, unemployment; strongest target link is inflation with Pearson 0.72. strong positive Pearson correlation (0.72); Spearman 0.68; same macro theme; PCA loading signal 0.23; model importance signal 0.01",0.035053367237978826,-0.07601531530645904,0.5,0.923984684693541,0.023753976499155442,0.023753976499155442,0.03676097535453993,0.0017076081165611073,Mostly unchanged: validation signal was neutral.,"Top refined normalized weight after combining initial macro relevance, FX validation impact, PCA/model signals, and redundancy pruning.",Using this subset keeps the model focused on the largest macro drivers while reducing redundant low-weight inputs.
RBA,AUD,services_pmi,Services PMI,Growth,"gdp_growth,inflation,unemployment",0.025301492092555566,0.025301492092555566,0.24874407628830056,0.0095080796756483,0.2662468412842586,"Linked to gdp_growth, inflation, unemployment; strongest target link is gdp_growth with Pearson 0.11. weak positive Pearson correlation (0.11); Spearman 0.19; same macro theme; PCA loading signal 0.27; model importance signal 0.03",0.034498826808708534,-0.06229746492473859,0.559322033898305,0.9377025350752615,0.023725273276376035,0.023725273276376035,0.03671655506704714,0.0022177282583386027,Mostly unchanged: validation signal was neutral.,"Top refined normalized weight after combining initial macro relevance, FX validation impact, PCA/model signals, and redundancy pruning.",Using this subset keeps the model focused on the largest macro drivers while reducing redundant low-weight inputs.
RBA,AUD,nab_business_confidence,NAB Business Confidence,Sentiment,"gdp_growth,inflation,unemployment",0.02219790560613133,0.02219790560613133,0.23712159119033763,0.0033822962747889662,0.1734472765812273,"Linked to gdp_growth, inflation, unemployment; strongest target link is inflation with Pearson 0.48. moderate positive Pearson correlation (0.48); Spearman 0.37; PCA loading signal 0.17; model importance signal 0.01",0.030267056907972083,0.04855160424172813,0.5352112676056338,1.0485516042417282,0.02327564953411546,0.02327564953411546,0.03602073020973768,0.005753673301765596,Mostly unchanged: validation signal was neutral.,"Top refined normalized weight after combining initial macro relevance, FX validation impact, PCA/model signals, and redundancy pruning.",Using this subset keeps the model focused on the largest macro drivers while reducing redundant low-weight inputs.
BOJ,JPY,core_cpi_yoy,Core CPI (YoY),Inflation,"gdp_growth,inflation",0.025315845815954634,0.025315845815954634,0.5281973117857097,0.021460141406458,0.2359210660315635,"Linked to gdp_growth, inflation; strongest target link is inflation with Pearson 0.96. strong positive Pearson correlation (0.96); Spearman 0.94; same macro theme; PCA loading signal 0.24; model importance signal 0.04",0.033456023313107555,-0.007048525783367236,0.4794520547945205,0.9929514742166328,0.025137406423993126,0.025137406423993126,0.03600104382325184,0.002545020510144283,Mostly unchanged: validation signal was neutral.,"Top refined normalized weight after combining initial macro relevance, FX validation impact, PCA/model signals, and redundancy pruning.",Using this subset keeps the model focused on the largest macro drivers while reducing redundant low-weight inputs.
BOJ,JPY,tankan_large_non_manufacturing_index,Tankan Large Non-Manufacturing Index,Sentiment,"gdp_growth,inflation,unemployment",0.029541159045827364,0.029541159045827364,0.49127734911533,0.0,0.2133580552271639,"Linked to gdp_growth, inflation, unemployment; strongest target link is unemployment with Pearson -0.59. moderate negative Pearson correlation (-0.59); Spearman -0.52; PCA loading signal 0.21",0.03903996385973208,-0.154658703411702,0.44,0.845341296588298,0.024972361690520833,0.024972361690520833,0.035764671677998953,-0.0032752921817331276,Reduced: contribution moved against forward FX returns.,"Top refined normalized weight after combining initial macro relevance, FX validation impact, PCA/model signals, and redundancy pruning.",Using this subset keeps the model focused on the largest macro drivers while reducing redundant low-weight inputs.
BOJ,JPY,ppi_yoy,PPI (YoY),Inflation,"gdp_growth,inflation,unemployment",0.026589425640137332,0.026589425640137332,0.24545044280435557,0.019001982138159932,0.1624672141296354,"Linked to gdp_growth, inflation, unemployment; strongest target link is inflation with Pearson 0.38. weak positive Pearson correlation (0.38); Spearman 0.41; same macro theme; PCA loading signal 0.16; model importance signal 0.02",0.03513911605267965,-0.06189767456909373,0.5540540540540541,0.9381023254309062,0.024943602024884992,0.024943602024884992,0.03572348294255687,0.0005843668898772164,Mostly unchanged: validation signal was neutral.,"Top refined normalized weight after combining initial macro relevance, FX validation impact, PCA/model signals, and redundancy pruning.",Using this subset keeps the model focused on the largest macro drivers while reducing redundant low-weight inputs.
BOE,GBP,employment_change,Employment Change,Labor,"gdp_growth,inflation,unemployment",0.020916494919597798,0.020916494919597798,0.20361405702880586,0.007020796557284534,0.0,"Linked to gdp_growth, inflation, unemployment; strongest target link is unemployment with Pearson -0.10. weak negative Pearson correlation (-0.10); Spearman -0.09; same macro theme; model importance signal 0.02",0.03121498364309787,0.0355561322179152,0.5753424657534246,1.0355561322179152,0.02166020457849437,0.02166020457849437,0.03499412917364863,0.0037791455305507607,Mostly unchanged: validation signal was neutral.,"Top refined normalized weight after combining initial macro relevance, FX validation impact, PCA/model signals, and redundancy pruning.",Using this subset keeps the model focused on the largest macro drivers while reducing redundant low-weight inputs.
FED,USD,avg_hourly_earnings_mom,Average Hourly Earnings (MoM),Labor,"gdp_growth,inflation,unemployment",-0.02781651608227803,0.02781651608227803,0.4418920825101191,0.01603246676028997,0.1916399285961332,"Linked to gdp_growth, inflation, unemployment; strongest target link is gdp_growth with Pearson -0.79. strong negative Pearson correlation (-0.79); Spearman -0.30; PCA loading signal 0.19; model importance signal 0.04",0.03118641360566762,0.21158665676151378,0.6486486486486487,1.2115866567615137,-0.03370211972288012,0.03370211972288012,0.034666005861595864,0.003479592255928244,Increased: contribution aligned with forward FX returns.,"Top refined normalized weight after combining initial macro relevance, FX validation impact, PCA/model signals, and redundancy pruning.",Using this subset keeps the model focused on the largest macro drivers while reducing redundant low-weight inputs.
BOJ,JPY,tankan_non_manufacturing_outlook,Tankan Non-Manufacturing Outlook,Sentiment,"gdp_growth,inflation,unemployment",0.02906886257818073,0.02906886257818073,0.48752296535640244,0.0,0.2286753286219133,"Linked to gdp_growth, inflation, unemployment; strongest target link is unemployment with Pearson -0.50. moderate negative Pearson correlation (-0.50); Spearman -0.47; PCA loading signal 0.23",0.038415802939051884,-0.17102719891449525,0.48,0.8289728010855048,0.024097296435804088,0.024097296435804088,0.034511429316718856,-0.003904373622333028,Reduced: contribution moved against forward FX returns.,"Top refined normalized weight after combining initial macro relevance, FX validation impact, PCA/model signals, and redundancy pruning.",Using this subset keeps the model focused on the largest macro drivers while reducing redundant low-weight inputs.
RBNZ,NZD,unemployment_rate,Unemployment Rate,Labor,"gdp_growth,inflation",-0.013827528615898164,0.013827528615898164,0.594177756027507,0.075676164481863,0.3784887413353238,"Linked to gdp_growth, inflation; strongest target link is inflation with Pearson -0.80. strong negative Pearson correlation (-0.80); Spearman -0.76; PCA loading signal 0.38; model importance signal 0.13",0.03699263599319213,-0.13251448433164392,0.5,0.8674855156683561,-0.011995180791781369,0.011995180791781369,0.034432809800807714,-0.002559826192384415,Reduced: contribution moved against forward FX returns.,"Top refined normalized weight after combining initial macro relevance, FX validation impact, PCA/model signals, and redundancy pruning.",Using this subset keeps the model focused on the largest macro drivers while reducing redundant low-weight inputs.
FED,USD,cpi_headline_yoy,Headline CPI (YoY),Inflation,"gdp_growth,inflation,unemployment",0.03129525270000247,0.03129525270000247,0.49234341890337424,0.013451958199775535,0.196814318781092,"Linked to gdp_growth, inflation, unemployment; strongest target link is inflation with Pearson 0.93. strong positive Pearson correlation (0.93); Spearman 0.94; same macro theme; PCA loading signal 0.20",0.03508658998521985,0.06254063195245332,0.4444444444444444,1.0625406319524533,0.03325247758097234,0.03325247758097234,0.034203503880855066,-0.0008830861043647859,Mostly unchanged: validation signal was neutral.,"Top refined normalized weight after combining initial macro relevance, FX validation impact, PCA/model signals, and redundancy pruning.",Using this subset keeps the model focused on the largest macro drivers while reducing redundant low-weight inputs.
FED,USD,ism_manufacturing_employment,ISM Manufacturing Employment,Growth,"gdp_growth,inflation,unemployment",0.026272070477015665,0.026272070477015665,0.4269073047964583,0.0,0.172621957616524,"Linked to gdp_growth, inflation, unemployment; strongest target link is gdp_growth with Pearson 0.25. weak positive Pearson correlation (0.25); Spearman 0.31; same macro theme; PCA loading signal 0.17",0.029454862490686174,0.21304493052495255,0.6666666666666666,1.2130449305249527,0.03186920190653813,0.03186920190653813,0.03278066629578814,0.003325803805101963,Increased: contribution aligned with forward FX returns.,"Top refined normalized weight after combining initial macro relevance, FX validation impact, PCA/model signals, and redundancy pruning.",Using this subset keeps the model focused on the largest macro drivers while reducing redundant low-weight inputs.
FED,USD,adp_employment_change,ADP Employment Change,Labor,"gdp_growth,inflation,unemployment",0.025220906694729532,0.025220906694729532,0.5164281468457946,0.0239117161205247,0.0,"Linked to gdp_growth, inflation, unemployment; strongest target link is unemployment with Pearson -0.74. strong negative Pearson correlation (-0.74); Spearman 0.04; same macro theme; model importance signal 0.05",0.02827635298990226,0.20044716774445015,0.6285714285714286,1.2004471677444501,0.030276366009635108,0.030276366009635108,0.03114227503159967,0.002865922041697413,Increased: contribution aligned with forward FX returns.,"Top refined normalized weight after combining initial macro relevance, FX validation impact, PCA/model signals, and redundancy pruning.",Using this subset keeps the model focused on the largest macro drivers while reducing redundant low-weight inputs.
FED,USD,core_ppi_yoy,Core PPI (YoY),Inflation,"gdp_growth,inflation,unemployment",0.028048115910700264,0.028048115910700264,0.4313370388600848,0.0,0.173587180509985,"Linked to gdp_growth, inflation, unemployment; strongest target link is inflation with Pearson 0.79. strong positive Pearson correlation (0.79); Spearman 0.73; same macro theme; PCA loading signal 0.17",0.03144607114217626,0.07361861896779548,0.4444444444444444,1.0736186189677954,0.030112979468694668,0.030112979468694668,0.030974215608853575,-0.0004718555333226883,Mostly unchanged: validation signal was neutral.,"Top refined normalized weight after combining initial macro relevance, FX validation impact, PCA/model signals, and redundancy pruning.",Using this subset keeps the model focused on the largest macro drivers while reducing redundant low-weight inputs.
FED,USD,government_payrolls,Government Payrolls,Labor,"gdp_growth,inflation,unemployment",0.027241404290732366,0.027241404290732366,0.5178169433534426,0.0045927743082387,0.0,"Linked to gdp_growth, inflation, unemployment; strongest target link is unemployment with Pearson -0.92. strong negative Pearson correlation (-0.92); Spearman -0.49; same macro theme; model importance signal 0.01",0.030541628538134795,0.09571190072943352,0.5945945945945946,1.0957119007294336,0.02984873087393731,0.02984873087393731,0.030702409461047443,0.00016078092291264834,Mostly unchanged: validation signal was neutral.,"Top refined normalized weight after combining initial macro relevance, FX validation impact, PCA/model signals, and redundancy pruning.",Using this subset keeps the model focused on the largest macro drivers while reducing redundant low-weight inputs.
FED,USD,consumer_inflation_expectations,Consumer Inflation Expectations,Inflation,"gdp_growth,inflation,unemployment",0.030124337830483364,0.030124337830483364,0.43726664657084435,0.0233980433821301,0.2019174675314049,"Linked to gdp_growth, inflation, unemployment; strongest target link is inflation with Pearson 0.87. strong positive Pearson correlation (0.87); Spearman 0.89; same macro theme; PCA loading signal 0.20; model importance signal 0.07",0.033773821868974194,-0.009329899772940681,0.4594594594594595,0.9906701002270594,0.02984328077779875,0.02984328077779875,0.030696803491267525,-0.003077018377706669,Mostly unchanged: validation signal was neutral.,"Top refined normalized weight after combining initial macro relevance, FX validation impact, PCA/model signals, and redundancy pruning.",Using this subset keeps the model focused on the largest macro drivers while reducing redundant low-weight inputs.
FED,USD,ppi_yoy,PPI (YoY),Inflation,"gdp_growth,inflation,unemployment",0.027019012488607698,0.027019012488607698,0.40731585970153744,0.016021166046589,0.1788593287047309,"Linked to gdp_growth, inflation, unemployment; strongest target link is inflation with Pearson 0.72. strong positive Pearson correlation (0.72); Spearman 0.66; same macro theme; PCA loading signal 0.18; model importance signal 0.05",0.03029229455601227,0.07771180711189189,0.4722222222222222,1.0777118071118919,0.029118708775476176,0.029118708775476176,0.029951508611117596,-0.0003407859448946726,Mostly unchanged: validation signal was neutral.,"Top refined normalized weight after combining initial macro relevance, FX validation impact, PCA/model signals, and redundancy pruning.",Using this subset keeps the model focused on the largest macro drivers while reducing redundant low-weight inputs.
FED,USD,manufacturing_payrolls,Manufacturing Payrolls,Labor,"gdp_growth,inflation,unemployment",0.026163737578150402,0.026163737578150402,0.49496333344078525,0.0,0.0,"Linked to gdp_growth, inflation, unemployment; strongest target link is gdp_growth with Pearson 0.72. strong positive Pearson correlation (0.72); Spearman 0.52",0.0293334053469835,0.09456745706069783,0.5675675675675675,1.0945674570606978,0.028637975708119507,0.028637975708119507,0.029457026499372693,0.00012362115238919238,Mostly unchanged: validation signal was neutral.,"Top refined normalized weight after combining initial macro relevance, FX validation impact, PCA/model signals, and redundancy pruning.",Using this subset keeps the model focused on the largest macro drivers while reducing redundant low-weight inputs.
ECB,EUR,unemployment_rate,Unemployment Rate,Labor,"gdp_growth,inflation",-0.011892467213239031,0.011892467213239031,0.40043161027924074,0.02872355072774135,0.3711035434790552,"Linked to gdp_growth, inflation; strongest target link is inflation with Pearson -0.68. moderate negative Pearson correlation (-0.68); Spearman -0.48; PCA loading signal 0.37; model importance signal 0.03",0.025926510198132486,0.08586319199138642,0.5540540540540541,1.0858631919913864,-0.012913592408820642,0.012913592408820642,0.029001932700233334,0.0030754225021008483,Mostly unchanged: validation signal was neutral.,"Top refined normalized weight after combining initial macro relevance, FX validation impact, PCA/model signals, and redundancy pruning.",Using this subset keeps the model focused on the largest macro drivers while reducing redundant low-weight inputs.
RBNZ,NZD,credit_card_spending_yoy,Credit Card Spending (YoY),Growth,"gdp_growth,inflation,unemployment",0.008546509064535465,0.008546509064535465,0.16470823711331092,0.02321849559557243,0.2952980474629851,"Linked to gdp_growth, inflation, unemployment; strongest target link is gdp_growth with Pearson -0.10. weak negative Pearson correlation (-0.10); Spearman -0.10; same macro theme; PCA loading signal 0.30; model importance signal 0.03",0.02286438217696948,0.020039413932883166,0.5396825396825397,1.0200394139328832,0.00871777609736083,0.00871777609736083,0.025024843848299737,0.0021604616713302577,Mostly unchanged: validation signal was neutral.,"Top refined normalized weight after combining initial macro relevance, FX validation impact, PCA/model signals, and redundancy pruning.",Using this subset keeps the model focused on the largest macro drivers while reducing redundant low-weight inputs.
RBNZ,NZD,cpi_headline_yoy,Headline CPI (YoY),Inflation,"gdp_growth,unemployment",0.008910881008388702,0.008910881008388702,0.6522158992530557,0.02971504503645485,0.3671195894021882,"Linked to gdp_growth, unemployment; strongest target link is unemployment with Pearson -0.80. strong negative Pearson correlation (-0.80); Spearman -0.76; PCA loading signal 0.37; model importance signal 0.03",0.02383918245108333,-0.08855200053675386,0.44,0.9114479994632462,0.008121804668550916,0.008121804668550916,0.023314075898141995,-0.000525106552941336,Mostly unchanged: validation signal was neutral.,"Top refined normalized weight after combining initial macro relevance, FX validation impact, PCA/model signals, and redundancy pruning.",Using this subset keeps the model focused on the largest macro drivers while reducing redundant low-weight inputs.
SNB,CHF,consumer_confidence,Consumer Confidence,Sentiment,"gdp_growth,inflation,unemployment",-0.01684804915127157,0.01684804915127157,0.24432596753471478,0.022332187949197568,0.3980104573305943,"Linked to gdp_growth, inflation, unemployment; strongest target link is gdp_growth with Pearson 0.29. weak positive Pearson correlation (0.29); Spearman 0.37; PCA loading signal 0.40; model importance signal 0.01",0.026597019625456752,-0.1978686418345274,0.46511627906976744,0.8021313581654725,-0.0135143485481481,0.0135143485481481,0.022003879622112997,-0.004593140003343755,Reduced: contribution moved against forward FX returns.,"Top refined normalized weight after combining initial macro relevance, FX validation impact, PCA/model signals, and redundancy pruning.",Using this subset keeps the model focused on the largest macro drivers while reducing redundant low-weight inputs.
ECB,EUR,cpi_index,Consumer Price Index,Inflation,"inflation,unemployment",0.007594397617846464,0.007594397617846464,0.21371674172930444,0.03197762480733245,0.283220757098969,"Linked to inflation, unemployment; strongest target link is unemployment with Pearson -0.34. weak negative Pearson correlation (-0.34); Spearman -0.68; PCA loading signal 0.28; model importance signal 0.04",0.01655638176311968,0.17919957734372705,0.58,1.1791995773437272,0.008955310461144759,0.008955310461144759,0.020112243214863504,0.0035558614517438233,Increased: contribution aligned with forward FX returns.,"Top refined normalized weight after combining initial macro relevance, FX validation impact, PCA/model signals, and redundancy pruning.",Using this subset keeps the model focused on the largest macro drivers while reducing redundant low-weight inputs.
RBNZ,NZD,capacity_utilization,Capacity Utilization,Growth,"gdp_growth,inflation,unemployment",0.0039572103253784005,0.0039572103253784005,0.17926619998313154,0.028327763467121736,0.4462103334839835,"Linked to gdp_growth, inflation, unemployment; strongest target link is gdp_growth with Pearson -0.20. weak negative Pearson correlation (-0.20); Spearman -0.24; same macro theme; PCA loading signal 0.45; model importance signal 0.03",0.01058668148022603,0.08114826475805671,0.64,1.0811482647580568,0.004278331076565523,0.004278331076565523,0.012281178815178845,0.0016944973349528152,Mostly unchanged: validation signal was neutral.,"Top refined normalized weight after combining initial macro relevance, FX validation impact, PCA/model signals, and redundancy pruning.",Using this subset keeps the model focused on the largest macro drivers while reducing redundant low-weight inputs.
SNB,CHF,retail_sales_mom,Retail Sales (MoM),Growth,"gdp_growth,inflation,unemployment",0.0067216904795037655,0.0067216904795037655,0.2529289500444565,0.034936300392650665,0.7011432682807085,"Linked to gdp_growth, inflation, unemployment; strongest target link is gdp_growth with Pearson 0.65. moderate positive Pearson correlation (0.65); Spearman 0.29; same macro theme; PCA loading signal 0.70; model importance signal 0.05",0.010611135567948807,0.0327234724774773,0.5,1.0327234724774772,0.006941647532911928,0.006941647532911928,0.011302296677427522,0.0006911611094787152,Mostly unchanged: validation signal was neutral.,"Top refined normalized weight after combining initial macro relevance, FX validation impact, PCA/model signals, and redundancy pruning.",Using this subset keeps the model focused on the largest macro drivers while reducing redundant low-weight inputs.
SNB,CHF,retail_sales_yoy,Retail Sales (YoY),Growth,"gdp_growth,inflation,unemployment",-0.0022842662450624357,0.0022842662450624357,0.28205607528788307,0.027485874723019065,0.5032961671292822,"Linked to gdp_growth, inflation, unemployment; strongest target link is gdp_growth with Pearson 0.52. moderate positive Pearson correlation (0.52); Spearman 0.42; same macro theme; PCA loading signal 0.50; model importance signal 0.03",0.003606036141288719,-0.11720638572006484,0.4383561643835616,0.8827936142799352,-0.0020165356544563236,0.0020165356544563236,0.0032832960935017565,-0.0003227400477869625,Reduced: contribution moved against forward FX returns.,"Top refined normalized weight after combining initial macro relevance, FX validation impact, PCA/model signals, and redundancy pruning.",Using this subset keeps the model focused on the largest macro drivers while reducing redundant low-weight inputs.
