central_bank_code,currency,indicator_key,indicator,shock,baseline_pearson_ic,scenario_pearson_ic,pearson_ic_delta,baseline_hit_rate,scenario_hit_rate,hit_rate_delta,sensitivity_magnitude
ECB,EUR,zew_economic_sentiment,ZEW Economic Sentiment Index,minus_20pct,-0.005819286849960415,-0.003966541993019613,0.001852744856940802,0.52,0.5466666666666666,0.026666666666666616,0.02851941152360742
RBNZ,NZD,credit_card_spending_yoy,Credit Card Spending (YoY),plus_20pct,-0.09690036707060748,-0.0973611962235104,-0.00046082915290292237,0.5540540540540541,0.581081081081081,0.027027027027026973,0.027487856179929895
RBA,AUD,commodity_prices_yoy,Commodity Prices (YoY),plus_20pct,-0.1383878319758714,-0.13846296713836426,-7.513516249285646e-05,0.4666666666666667,0.44,-0.026666666666666672,0.02674180182915953
ECB,EUR,consumer_inflation_expectation,Consumer Inflation Expectation,plus_20pct,-0.005819286849960415,0.0015720463699159322,0.007391333219876348,0.52,0.5333333333333333,0.013333333333333308,0.020724666553209654
ECB,EUR,consumer_inflation_expectation,Consumer Inflation Expectation,minus_20pct,-0.005819286849960415,-0.013101911200062879,-0.007282624350102463,0.52,0.5066666666666667,-0.013333333333333308,0.02061595768343577
ECB,EUR,cpi_headline_yoy,Headline HICP (YoY),plus_20pct,-0.005819286849960415,-0.011973786092341742,-0.006154499242381327,0.52,0.5066666666666667,-0.013333333333333308,0.019487832575714636
RBNZ,NZD,exports,Exports,minus_20pct,-0.09690036707060748,-0.10094799468693547,-0.004047627616327987,0.5540540540540541,0.5675675675675675,0.013513513513513487,0.017561141129841473
BOC,CAD,composite_pmi,Composite PMI,plus_20pct,-0.15295433463870756,-0.14997106993845785,0.002983264700249705,0.5066666666666667,0.52,0.013333333333333308,0.016316598033583013
BOC,CAD,services_pmi,Services PMI,plus_20pct,-0.15295433463870756,-0.1503791999617833,0.0025751346769242456,0.5066666666666667,0.52,0.013333333333333308,0.015908468010257554
BOE,GBP,cbi_industrial_trends_orders,CBI Industrial Trends Orders,plus_20pct,-0.10984412989764278,-0.11223822879364147,-0.002394098895998689,0.4533333333333333,0.44,-0.013333333333333308,0.015727432229331997
BOE,GBP,avg_earnings_excl_bonus,Average Earnings (excl. Bonus),minus_20pct,-0.10984412989764278,-0.11221034053815956,-0.002366210640516786,0.4533333333333333,0.44,-0.013333333333333308,0.015699543973850094
SNB,CHF,producer_import_prices_yoy,Producer & Import Prices (YoY),minus_20pct,-0.05399171631330828,-0.05182435742631286,0.002167358886995416,0.44594594594594594,0.43243243243243246,-0.013513513513513487,0.015680872400508902
BOC,CAD,cpi_headline_yoy,Headline CPI (YoY),plus_20pct,-0.15295433463870756,-0.1551989677322933,-0.002244633093585746,0.5066666666666667,0.52,0.013333333333333308,0.015577966426919054
BOC,CAD,retail_sales_yoy,Retail Sales (YoY),plus_20pct,-0.15295433463870756,-0.15085335095403646,0.0021009836846710983,0.5066666666666667,0.52,0.013333333333333308,0.015434317018004406
SNB,CHF,producer_import_prices_yoy,Producer & Import Prices (YoY),plus_20pct,-0.05399171631330828,-0.05588523296606011,-0.0018935166527518296,0.44594594594594594,0.4594594594594595,0.013513513513513542,0.015407030166265372
RBNZ,NZD,business_confidence,Business Confidence,plus_20pct,-0.09690036707060748,-0.09541289121576536,0.0014874758548421158,0.5540540540540541,0.5675675675675675,0.013513513513513487,0.015000989368355602
RBNZ,NZD,labour_cost_index_yoy,Labour Cost Index (YoY),minus_20pct,-0.09690036707060748,-0.09556263425169877,0.0013377328189087129,0.5540540540540541,0.5675675675675675,0.013513513513513487,0.0148512463324222
BOE,GBP,ppi_core_output_yoy,PPI Core Output (YoY),plus_20pct,-0.10984412989764278,-0.11120518867395264,-0.001361058776309862,0.4533333333333333,0.44,-0.013333333333333308,0.01469439210964317
BOE,GBP,avg_earnings_incl_bonus,Average Earnings (incl. Bonus),minus_20pct,-0.10984412989764278,-0.10849496965552463,0.001349160242118147,0.4533333333333333,0.44,-0.013333333333333308,0.014682493575451455
BOC,CAD,cpi_headline_mom,Headline CPI (MoM),plus_20pct,-0.15295433463870756,-0.15163377227937372,0.0013205623593338378,0.5066666666666667,0.52,0.013333333333333308,0.014653895692667146
BOC,CAD,raw_materials_prices_yoy,Raw Materials Prices (YoY),minus_20pct,-0.15295433463870756,-0.15400020406939824,-0.0010458694306906824,0.5066666666666667,0.52,0.013333333333333308,0.01437920276402399
ECB,EUR,core_cpi_yoy,Core HICP (YoY),minus_20pct,-0.005819286849960415,-0.006728673858751539,-0.0009093870087911234,0.52,0.5333333333333333,0.013333333333333308,0.014242720342124432
BOE,GBP,retail_price_index_yoy,Retail Price Index (YoY),plus_20pct,-0.10984412989764278,-0.10907167269697954,0.0007724572006632402,0.4533333333333333,0.44,-0.013333333333333308,0.014105790533996548
BOE,GBP,ppi_input_yoy,PPI Input (YoY),plus_20pct,-0.10984412989764278,-0.11059392475335522,-0.0007497948557124434,0.4533333333333333,0.44,-0.013333333333333308,0.014083128189045752
BOE,GBP,ppi_output_yoy,PPI Output (YoY),plus_20pct,-0.10984412989764278,-0.11051805276880114,-0.0006739228711583611,0.4533333333333333,0.44,-0.013333333333333308,0.01400725620449167
BOE,GBP,cpi_headline_yoy,Headline CPI (YoY),plus_20pct,-0.10984412989764278,-0.10928442350934722,0.0005597063882955555,0.4533333333333333,0.44,-0.013333333333333308,0.013893039721628864
SNB,CHF,producer_import_prices_mom,Producer & Import Prices (MoM),plus_20pct,-0.05399171631330828,-0.05435524353646503,-0.0003635272231567524,0.44594594594594594,0.4594594594594595,0.013513513513513542,0.013877040736670294
RBA,AUD,manufacturing_pmi,Manufacturing PMI,minus_20pct,-0.1383878319758714,-0.1378807246830595,0.0005071072928118925,0.4666666666666667,0.4533333333333333,-0.013333333333333364,0.013840440626145256
SNB,CHF,balance_of_trade,Balance of Trade,minus_20pct,-0.05399171631330828,-0.05366642569884638,0.00032529061446189694,0.44594594594594594,0.4594594594594595,0.013513513513513542,0.013838804127975439
SNB,CHF,economic_sentiment_index,Economic Sentiment Index,plus_20pct,-0.05399171631330828,-0.05366664689220939,0.00032506942109888914,0.44594594594594594,0.43243243243243246,-0.013513513513513487,0.013838582934612376
RBA,AUD,rba_weighted_median_cpi_yoy,RBA Weighted Median CPI (YoY),plus_20pct,-0.1383878319758714,-0.13885856233585955,-0.00047073035998815294,0.4666666666666667,0.48,0.013333333333333308,0.013804063693321461
RBA,AUD,manufacturing_pmi,Manufacturing PMI,plus_20pct,-0.1383878319758714,-0.13885531064509024,-0.0004674786692188404,0.4666666666666667,0.4533333333333333,-0.013333333333333364,0.013800812002552204
BOC,CAD,ppi_yoy,PPI (YoY),plus_20pct,-0.15295433463870756,-0.15252695573562497,0.00042737890308258697,0.5066666666666667,0.52,0.013333333333333308,0.013760712236415895
SNB,CHF,balance_of_trade,Balance of Trade,plus_20pct,-0.05399171631330828,-0.05418798073600055,-0.00019626442269227162,0.44594594594594594,0.43243243243243246,-0.013513513513513487,0.013709777936205758
ECB,EUR,cpi_headline_mom,Headline HICP (MoM),minus_20pct,-0.005819286849960415,-0.005679296950829172,0.0001399898991312435,0.52,0.5333333333333333,0.013333333333333308,0.013473323232464552
RBA,AUD,commodity_prices_yoy,Commodity Prices (YoY),minus_20pct,-0.1383878319758714,-0.1382774519066617,0.00011038006920968679,0.4666666666666667,0.48,0.013333333333333308,0.013443713402542995
RBA,AUD,consumer_inflation_expectation,Consumer Inflation Expectation,plus_20pct,-0.1383878319758714,-0.13835622899636799,3.160297950341451e-05,0.4666666666666667,0.4533333333333333,-0.013333333333333364,0.013364936312836778
ECB,EUR,cpi_headline_yoy,Headline HICP (YoY),minus_20pct,-0.005819286849960415,0.001449774600957111,0.007269061450917526,0.52,0.52,0.0,0.007269061450917526
ECB,EUR,economic_sentiment,Economic Sentiment,minus_20pct,-0.005819286849960415,-0.000615456373442385,0.00520383047651803,0.52,0.52,0.0,0.00520383047651803
ECB,EUR,economic_sentiment,Economic Sentiment,plus_20pct,-0.005819286849960415,-0.010988001060888843,-0.005168714210928428,0.52,0.52,0.0,0.005168714210928428
RBNZ,NZD,cpi_headline_qoq,Headline CPI (QoQ),minus_20pct,-0.09690036707060748,-0.09243115489040486,0.004469212180202617,0.5540540540540541,0.5540540540540541,0.0,0.004469212180202617
RBNZ,NZD,exports,Exports,plus_20pct,-0.09690036707060748,-0.09271972611610978,0.0041806409544977025,0.5540540540540541,0.5540540540540541,0.0,0.0041806409544977025
RBNZ,NZD,cpi_headline_qoq,Headline CPI (QoQ),plus_20pct,-0.09690036707060748,-0.10103697508216752,-0.0041366080115600445,0.5540540540540541,0.5540540540540541,0.0,0.0041366080115600445
ECB,EUR,consumer_confidence,Consumer Confidence,minus_20pct,-0.005819286849960415,-0.009829724683684543,-0.0040104378337241274,0.52,0.52,0.0,0.0040104378337241274
ECB,EUR,consumer_confidence,Consumer Confidence,plus_20pct,-0.005819286849960415,-0.0019061102895331452,0.00391317656042727,0.52,0.52,0.0,0.00391317656042727
SNB,CHF,unemployment_rate,Unemployment Rate,minus_20pct,-0.05399171631330828,-0.0575523546492486,-0.003560638335940322,0.44594594594594594,0.44594594594594594,0.0,0.003560638335940322
SNB,CHF,unemployment_rate,Unemployment Rate,plus_20pct,-0.05399171631330828,-0.05061493456350477,0.0033767817498035063,0.44594594594594594,0.44594594594594594,0.0,0.0033767817498035063
RBNZ,NZD,labour_cost_index_qoq,Labour Cost Index (QoQ),minus_20pct,-0.09690036707060748,-0.09997418164872009,-0.0030738145781126075,0.5540540540540541,0.5540540540540541,0.0,0.0030738145781126075
BOC,CAD,composite_pmi,Composite PMI,minus_20pct,-0.15295433463870756,-0.1559057750632215,-0.0029514404245139514,0.5066666666666667,0.5066666666666667,0.0,0.0029514404245139514
RBNZ,NZD,labour_cost_index_qoq,Labour Cost Index (QoQ),plus_20pct,-0.09690036707060748,-0.09399470061788644,0.0029056664527210424,0.5540540540540541,0.5540540540540541,0.0,0.0029056664527210424
BOE,GBP,retail_price_index_mom,Retail Price Index (MoM),minus_20pct,-0.10984412989764278,-0.11256849322974945,-0.002724363332106669,0.4533333333333333,0.4533333333333333,0.0,0.002724363332106669
BOE,GBP,retail_price_index_mom,Retail Price Index (MoM),plus_20pct,-0.10984412989764278,-0.10716276531217654,0.0026813645854662366,0.4533333333333333,0.4533333333333333,0.0,0.0026813645854662366
BOC,CAD,services_pmi,Services PMI,minus_20pct,-0.15295433463870756,-0.15549947874322514,-0.002545144104517588,0.5066666666666667,0.5066666666666667,0.0,0.002545144104517588
BOE,GBP,cbi_industrial_trends_orders,CBI Industrial Trends Orders,minus_20pct,-0.10984412989764278,-0.10737176110176865,0.002472368795874133,0.4533333333333333,0.4533333333333333,0.0,0.002472368795874133
BOC,CAD,cpi_headline_yoy,Headline CPI (YoY),minus_20pct,-0.15295433463870756,-0.1505038984023139,0.002450436236393655,0.5066666666666667,0.5066666666666667,0.0,0.002450436236393655
BOE,GBP,avg_earnings_excl_bonus,Average Earnings (excl. Bonus),plus_20pct,-0.10984412989764278,-0.10749140141509327,0.0023527284825495126,0.4533333333333333,0.4533333333333333,0.0,0.0023527284825495126
SNB,CHF,cpi_headline_mom,Headline CPI (MoM),minus_20pct,-0.05399171631330828,-0.05169863235287807,0.002293083960430209,0.44594594594594594,0.44594594594594594,0.0,0.002293083960430209
BOE,GBP,ppi_core_output_mom,PPI Core Output (MoM),minus_20pct,-0.10984412989764278,-0.10758111437939633,0.002263015518246453,0.4533333333333333,0.4533333333333333,0.0,0.002263015518246453
BOE,GBP,ppi_core_output_mom,PPI Core Output (MoM),plus_20pct,-0.10984412989764278,-0.11206084640826228,-0.0022167165106194986,0.4533333333333333,0.4533333333333333,0.0,0.0022167165106194986
SNB,CHF,cpi_headline_mom,Headline CPI (MoM),plus_20pct,-0.05399171631330828,-0.05616739745828665,-0.0021756811449783753,0.44594594594594594,0.44594594594594594,0.0,0.0021756811449783753
BOC,CAD,retail_sales_yoy,Retail Sales (YoY),minus_20pct,-0.15295433463870756,-0.1550606143880846,-0.002106279749377049,0.5066666666666667,0.5066666666666667,0.0,0.002106279749377049
ECB,EUR,construction_output_yoy,Construction Output (YoY),minus_20pct,-0.005819286849960415,-0.003728293592542101,0.0020909932574183143,0.52,0.52,0.0,0.0020909932574183143
ECB,EUR,construction_output_yoy,Construction Output (YoY),plus_20pct,-0.005819286849960415,-0.007838129404265847,-0.002018842554305432,0.52,0.52,0.0,0.002018842554305432
BOJ,JPY,composite_pmi,S&P Global Composite PMI,minus_20pct,0.0028546048305205522,0.004650463923986065,0.001795859093465513,0.4666666666666667,0.4666666666666667,0.0,0.001795859093465513
RBNZ,NZD,employment_change_qoq,Employment Change (QoQ),minus_20pct,-0.09690036707060748,-0.09510779385002309,0.0017925732205843897,0.5540540540540541,0.5540540540540541,0.0,0.0017925732205843897
ECB,EUR,composite_pmi,Composite PMI,minus_20pct,-0.005819286849960415,-0.007595404287233281,-0.0017761174372728653,0.52,0.52,0.0,0.0017761174372728653
ECB,EUR,composite_pmi,Composite PMI,plus_20pct,-0.005819286849960415,-0.00404789670250388,0.0017713901474565351,0.52,0.52,0.0,0.0017713901474565351
ECB,EUR,zew_economic_sentiment,ZEW Economic Sentiment Index,plus_20pct,-0.005819286849960415,-0.007573870164012341,-0.0017545833140519256,0.52,0.52,0.0,0.0017545833140519256
BOJ,JPY,composite_pmi,S&P Global Composite PMI,plus_20pct,0.0028546048305205522,0.0011116047641917246,-0.0017430000663288276,0.4666666666666667,0.4666666666666667,0.0,0.0017430000663288276
RBNZ,NZD,employment_change_qoq,Employment Change (QoQ),plus_20pct,-0.09690036707060748,-0.09860987415687596,-0.0017095070862684775,0.5540540540540541,0.5540540540540541,0.0,0.0017095070862684775
RBNZ,NZD,participation_rate,Labor Force Participation Rate,minus_20pct,-0.09690036707060748,-0.0953844519824516,0.001515915088155878,0.5540540540540541,0.5540540540540541,0.0,0.001515915088155878
RBNZ,NZD,business_confidence,Business Confidence,minus_20pct,-0.09690036707060748,-0.09832470629089762,-0.001424339220290144,0.5540540540540541,0.5540540540540541,0.0,0.001424339220290144
BOE,GBP,ppi_core_output_yoy,PPI Core Output (YoY),minus_20pct,-0.10984412989764278,-0.10843006941446788,0.0014140604831748976,0.4533333333333333,0.4533333333333333,0.0,0.0014140604831748976
RBNZ,NZD,participation_rate,Labor Force Participation Rate,plus_20pct,-0.09690036707060748,-0.09829723791777724,-0.0013968708471697594,0.5540540540540541,0.5540540540540541,0.0,0.0013968708471697594
ECB,EUR,services_pmi,Services PMI,minus_20pct,-0.005819286849960415,-0.007196986393664636,-0.001377699543704221,0.52,0.52,0.0,0.001377699543704221
ECB,EUR,services_pmi,Services PMI,plus_20pct,-0.005819286849960415,-0.004443322464262814,0.001375964385697601,0.52,0.52,0.0,0.001375964385697601
BOJ,JPY,cpi_ex_food_energy_yoy,CPI Ex Food and Energy (YoY),minus_20pct,0.0028546048305205522,0.0014867535245862947,-0.0013678513059342575,0.4666666666666667,0.4666666666666667,0.0,0.0013678513059342575
RBA,AUD,cpi_headline_qoq,Headline CPI (QoQ),minus_20pct,-0.1383878319758714,-0.13971288356432895,-0.0013250515884575542,0.4666666666666667,0.4666666666666667,0.0,0.0013250515884575542
BOJ,JPY,cpi_ex_food_energy_yoy,CPI Ex Food and Energy (YoY),plus_20pct,0.0028546048305205522,0.00417938889961695,0.0013247840690963982,0.4666666666666667,0.4666666666666667,0.0,0.0013247840690963982
RBA,AUD,cpi_headline_qoq,Headline CPI (QoQ),plus_20pct,-0.1383878319758714,-0.1370855785659561,0.0013022534099152994,0.4666666666666667,0.4666666666666667,0.0,0.0013022534099152994
BOC,CAD,cpi_headline_mom,Headline CPI (MoM),minus_20pct,-0.15295433463870756,-0.15425557984714383,-0.0013012452084362747,0.5066666666666667,0.5066666666666667,0.0,0.0013012452084362747
BOE,GBP,avg_earnings_incl_bonus,Average Earnings (incl. Bonus),plus_20pct,-0.10984412989764278,-0.11112953009879345,-0.0012854002011506716,0.4533333333333333,0.4533333333333333,0.0,0.0012854002011506716
BOJ,JPY,services_pmi,S&P Global Services PMI,minus_20pct,0.0028546048305205522,0.004133754084139575,0.0012791492536190232,0.4666666666666667,0.4666666666666667,0.0,0.0012791492536190232
BOJ,JPY,services_pmi,S&P Global Services PMI,plus_20pct,0.0028546048305205522,0.0016242099497483177,-0.0012303948807722345,0.4666666666666667,0.4666666666666667,0.0,0.0012303948807722345
RBNZ,NZD,labour_cost_index_yoy,Labour Cost Index (YoY),plus_20pct,-0.09690036707060748,-0.09810779603471217,-0.0012074289641046954,0.5540540540540541,0.5540540540540541,0.0,0.0012074289641046954
BOJ,JPY,cpi_index,Consumer Price Index,minus_20pct,0.0028546048305205522,0.0016655870210668753,-0.001189017809453677,0.4666666666666667,0.4666666666666667,0.0,0.001189017809453677
BOJ,JPY,cpi_index,Consumer Price Index,plus_20pct,0.0028546048305205522,0.004014246508806805,0.0011596416782862526,0.4666666666666667,0.4666666666666667,0.0,0.0011596416782862526
BOC,CAD,raw_materials_prices_yoy,Raw Materials Prices (YoY),plus_20pct,-0.15295433463870756,-0.1519024450766158,0.0010518895620917623,0.5066666666666667,0.5066666666666667,0.0,0.0010518895620917623
RBNZ,NZD,balance_of_trade,Balance of Trade,plus_20pct,-0.09690036707060748,-0.0958734846504849,0.0010268824201225824,0.5540540540540541,0.5540540540540541,0.0,0.0010268824201225824
RBA,AUD,rba_trimmed_mean_cpi_qoq,RBA Trimmed Mean CPI (QoQ),minus_20pct,-0.1383878319758714,-0.13926621987984744,-0.0008783879039760412,0.4666666666666667,0.4666666666666667,0.0,0.0008783879039760412
FED,USD,avg_hourly_earnings_mom,Average Hourly Earnings (MoM),plus_20pct,0.20315680532959624,0.20228031998996265,-0.0008764853396335814,0.5084745762711864,0.5084745762711864,0.0,0.0008764853396335814
FED,USD,avg_hourly_earnings_mom,Average Hourly Earnings (MoM),minus_20pct,0.20315680532959624,0.20402869946548258,0.0008718941358863419,0.5084745762711864,0.5084745762711864,0.0,0.0008718941358863419
RBA,AUD,rba_trimmed_mean_cpi_qoq,RBA Trimmed Mean CPI (QoQ),plus_20pct,-0.1383878319758714,-0.13752138538234865,0.0008664465935227517,0.4666666666666667,0.4666666666666667,0.0,0.0008664465935227517
BOC,CAD,ivey_pmi_sa,Ivey PMI s.a.,minus_20pct,-0.15295433463870756,-0.15210246838085137,0.0008518662578561875,0.5066666666666667,0.5066666666666667,0.0,0.0008518662578561875
ECB,EUR,core_cpi_yoy,Core HICP (YoY),plus_20pct,-0.005819286849960415,-0.004997511446793876,0.0008217754031665395,0.52,0.52,0.0,0.0008217754031665395
RBNZ,NZD,balance_of_trade,Balance of Trade,minus_20pct,-0.09690036707060748,-0.09771624654434054,-0.0008158794737330582,0.5540540540540541,0.5540540540540541,0.0,0.0008158794737330582
FED,USD,challenger_job_cuts,Challenger Job Cuts,minus_20pct,0.20315680532959624,0.20394657465120025,0.0007897693216040169,0.5084745762711864,0.5084745762711864,0.0,0.0007897693216040169
BOE,GBP,retail_price_index_yoy,Retail Price Index (YoY),minus_20pct,-0.10984412989764278,-0.1106335066920337,-0.0007893767943909225,0.4533333333333333,0.4533333333333333,0.0,0.0007893767943909225
BOC,CAD,ivey_pmi_sa,Ivey PMI s.a.,plus_20pct,-0.15295433463870756,-0.15374235274074505,-0.000788018102037491,0.5066666666666667,0.5066666666666667,0.0,0.000788018102037491
BOE,GBP,ppi_input_yoy,PPI Input (YoY),minus_20pct,-0.10984412989764278,-0.10906263509832373,0.0007814947993190491,0.4533333333333333,0.4533333333333333,0.0,0.0007814947993190491
FED,USD,challenger_job_cuts,Challenger Job Cuts,plus_20pct,0.20315680532959624,0.2023772234222523,-0.0007795819073439236,0.5084745762711864,0.5084745762711864,0.0,0.0007795819073439236
FED,USD,adp_employment_change,ADP Employment Change,minus_20pct,0.20315680532959624,0.2038895755107706,0.0007327701811743748,0.5084745762711864,0.5084745762711864,0.0,0.0007327701811743748
FED,USD,adp_employment_change,ADP Employment Change,plus_20pct,0.20315680532959624,0.2024278474516145,-0.0007289578779817452,0.5084745762711864,0.5084745762711864,0.0,0.0007289578779817452
BOE,GBP,ppi_output_yoy,PPI Output (YoY),minus_20pct,-0.10984412989764278,-0.10913863135063817,0.0007054985470046071,0.4533333333333333,0.4533333333333333,0.0,0.0007054985470046071
BOJ,JPY,leading_economic_index,Leading Economic Index,minus_20pct,0.0028546048305205522,0.0035104980384437078,0.0006558932079231555,0.4666666666666667,0.4666666666666667,0.0,0.0006558932079231555
BOJ,JPY,leading_economic_index,Leading Economic Index,plus_20pct,0.0028546048305205522,0.0022154187950770366,-0.0006391860354435157,0.4666666666666667,0.4666666666666667,0.0,0.0006391860354435157
SNB,CHF,cpi_headline_yoy,Headline CPI (YoY),minus_20pct,-0.05399171631330828,-0.05459633968577641,-0.0006046233724681313,0.44594594594594594,0.44594594594594594,0.0,0.0006046233724681313
RBA,AUD,rba_weighted_median_cpi_qoq,RBA Weighted Median CPI (QoQ),minus_20pct,-0.1383878319758714,-0.13898789656847965,-0.0006000645926082515,0.4666666666666667,0.4666666666666667,0.0,0.0006000645926082515
RBA,AUD,rba_weighted_median_cpi_qoq,RBA Weighted Median CPI (QoQ),plus_20pct,-0.1383878319758714,-0.13779017893796425,0.0005976530379071532,0.4666666666666667,0.4666666666666667,0.0,0.0005976530379071532
SNB,CHF,cpi_headline_yoy,Headline CPI (YoY),plus_20pct,-0.05399171631330828,-0.05342032516586707,0.0005713911474412095,0.44594594594594594,0.44594594594594594,0.0,0.0005713911474412095
BOE,GBP,cpi_headline_yoy,Headline CPI (YoY),minus_20pct,-0.10984412989764278,-0.11041108367604484,-0.0005669537784020601,0.4533333333333333,0.4533333333333333,0.0,0.0005669537784020601
BOC,CAD,employment_change,Employment Change,plus_20pct,-0.15295433463870756,-0.15238806143106992,0.0005662732076376353,0.5066666666666667,0.5066666666666667,0.0,0.0005662732076376353
BOJ,JPY,tankan_large_non_manufacturing_index,Tankan Large Non-Manufacturing Index,minus_20pct,0.0028546048305205522,0.0022994459039535355,-0.0005551589265670167,0.4666666666666667,0.4666666666666667,0.0,0.0005551589265670167
BOJ,JPY,tankan_large_non_manufacturing_index,Tankan Large Non-Manufacturing Index,plus_20pct,0.0028546048305205522,0.003403943845663877,0.0005493390151433248,0.4666666666666667,0.4666666666666667,0.0,0.0005493390151433248
RBNZ,NZD,unemployment_rate,Unemployment Rate,minus_20pct,-0.09690036707060748,-0.09636210598329122,0.0005382610873162635,0.5540540540540541,0.5540540540540541,0.0,0.0005382610873162635
RBNZ,NZD,unemployment_rate,Unemployment Rate,plus_20pct,-0.09690036707060748,-0.09742609587145297,-0.0005257288008454902,0.5540540540540541,0.5540540540540541,0.0,0.0005257288008454902
SNB,CHF,retail_sales_mom,Retail Sales (MoM),plus_20pct,-0.05399171631330828,-0.053481022225898664,0.0005106940874096133,0.44594594594594594,0.44594594594594594,0.0,0.0005106940874096133
SNB,CHF,retail_sales_mom,Retail Sales (MoM),minus_20pct,-0.05399171631330828,-0.054501675596169745,-0.0005099592828614677,0.44594594594594594,0.44594594594594594,0.0,0.0005099592828614677
BOC,CAD,employment_change,Employment Change,minus_20pct,-0.15295433463870756,-0.15346047871751756,-0.0005061440788100002,0.5066666666666667,0.5066666666666667,0.0,0.0005061440788100002
RBA,AUD,rba_weighted_median_cpi_yoy,RBA Weighted Median CPI (YoY),minus_20pct,-0.1383878319758714,-0.13788833575450843,0.0004994962213629717,0.4666666666666667,0.4666666666666667,0.0,0.0004994962213629717
RBNZ,NZD,credit_card_spending_yoy,Credit Card Spending (YoY),minus_20pct,-0.09690036707060748,-0.09642406294193595,0.0004763041286715286,0.5540540540540541,0.5540540540540541,0.0,0.0004763041286715286
FED,USD,ism_manufacturing_employment,ISM Manufacturing Employment,minus_20pct,0.20315680532959624,0.20361709021064642,0.0004602848810501825,0.5084745762711864,0.5084745762711864,0.0,0.0004602848810501825
FED,USD,ism_manufacturing_employment,ISM Manufacturing Employment,plus_20pct,0.20315680532959624,0.20269784177317282,-0.000458963556423414,0.5084745762711864,0.5084745762711864,0.0,0.000458963556423414
SNB,CHF,producer_import_prices_mom,Producer & Import Prices (MoM),minus_20pct,-0.05399171631330828,-0.0535861304249303,0.0004055858883779753,0.44594594594594594,0.44594594594594594,0.0,0.0004055858883779753
BOC,CAD,ppi_yoy,PPI (YoY),minus_20pct,-0.15295433463870756,-0.15334538545169085,-0.0003910508129832957,0.5066666666666667,0.5066666666666667,0.0,0.0003910508129832957
FED,USD,consumer_inflation_expectations,Consumer Inflation Expectations,plus_20pct,0.20315680532959624,0.20280968679877512,-0.00034711853082111666,0.5084745762711864,0.5084745762711864,0.0,0.00034711853082111666
FED,USD,consumer_inflation_expectations,Consumer Inflation Expectations,minus_20pct,0.20315680532959624,0.20349788830825977,0.00034108297866353166,0.5084745762711864,0.5084745762711864,0.0,0.00034108297866353166
FED,USD,core_pce_price_index_yoy,Core PCE Price Index (YoY),plus_20pct,0.20315680532959624,0.20283080017587102,-0.0003260051537252173,0.5084745762711864,0.5084745762711864,0.0,0.0003260051537252173
RBA,AUD,rba_trimmed_mean_cpi_yoy,RBA Trimmed Mean CPI (YoY),minus_20pct,-0.1383878319758714,-0.13806209447996715,0.0003257374959042547,0.4666666666666667,0.4666666666666667,0.0,0.0003257374959042547
FED,USD,core_pce_price_index_yoy,Core PCE Price Index (YoY),minus_20pct,0.20315680532959624,0.20346529023784848,0.00030848490825224895,0.5084745762711864,0.5084745762711864,0.0,0.00030848490825224895
RBA,AUD,rba_trimmed_mean_cpi_yoy,RBA Trimmed Mean CPI (YoY),plus_20pct,-0.1383878319758714,-0.13869350325122695,-0.0003056712753555513,0.4666666666666667,0.4666666666666667,0.0,0.0003056712753555513
SNB,CHF,economic_sentiment_index,Economic Sentiment Index,minus_20pct,-0.05399171631330828,-0.05428722966680775,-0.00029551335349947,0.44594594594594594,0.44594594594594594,0.0,0.00029551335349947
BOJ,JPY,coincident_index,Coincident Index,minus_20pct,0.0028546048305205522,0.0025629906965341552,-0.000291614133986397,0.4666666666666667,0.4666666666666667,0.0,0.000291614133986397
FED,USD,government_payrolls,Government Payrolls,plus_20pct,0.20315680532959624,0.2028695842658303,-0.00028722106376594114,0.5084745762711864,0.5084745762711864,0.0,0.00028722106376594114
FED,USD,government_payrolls,Government Payrolls,minus_20pct,0.20315680532959624,0.20344027038835688,0.00028346505876064576,0.5084745762711864,0.5084745762711864,0.0,0.00028346505876064576
BOJ,JPY,coincident_index,Coincident Index,plus_20pct,0.0028546048305205522,0.0031352196963915025,0.00028061486587095024,0.4666666666666667,0.4666666666666667,0.0,0.00028061486587095024
BOJ,JPY,core_cpi_yoy,Core CPI (YoY),minus_20pct,0.0028546048305205522,0.0025758782001170447,-0.0002787266304035076,0.4666666666666667,0.4666666666666667,0.0,0.0002787266304035076
SNB,CHF,consumer_confidence,Consumer Confidence,plus_20pct,-0.05399171631330828,-0.05371512546084839,0.00027659085245988757,0.44594594594594594,0.44594594594594594,0.0,0.00027659085245988757
SNB,CHF,consumer_confidence,Consumer Confidence,minus_20pct,-0.05399171631330828,-0.05426667231539399,-0.00027495600208571336,0.44594594594594594,0.44594594594594594,0.0,0.00027495600208571336
BOJ,JPY,core_cpi_yoy,Core CPI (YoY),plus_20pct,0.0028546048305205522,0.003127076753527146,0.0002724719230065937,0.4666666666666667,0.4666666666666667,0.0,0.0002724719230065937
FED,USD,cpi_headline_yoy,Headline CPI (YoY),plus_20pct,0.20315680532959624,0.2029306598914932,-0.000226145438103037,0.5084745762711864,0.5084745762711864,0.0,0.000226145438103037
FED,USD,cpi_headline_yoy,Headline CPI (YoY),minus_20pct,0.20315680532959624,0.20337606375272016,0.00021925842312392474,0.5084745762711864,0.5084745762711864,0.0,0.00021925842312392474
BOC,CAD,full_time_employment_change,Full-Time Employment Change,minus_20pct,-0.15295433463870756,-0.1527906482992193,0.00016368633948826705,0.5066666666666667,0.5066666666666667,0.0,0.00016368633948826705
BOJ,JPY,eco_watchers_current,Eco Watchers Survey Current,minus_20pct,0.0028546048305205522,0.0029916963839358777,0.0001370915534153255,0.4666666666666667,0.4666666666666667,0.0,0.0001370915534153255
ECB,EUR,cpi_headline_mom,Headline HICP (MoM),plus_20pct,-0.005819286849960415,-0.0059556531617423825,-0.00013636631178196718,0.52,0.52,0.0,0.00013636631178196718
BOJ,JPY,eco_watchers_current,Eco Watchers Survey Current,plus_20pct,0.0028546048305205522,0.002720495054218755,-0.00013410977630179703,0.4666666666666667,0.4666666666666667,0.0,0.00013410977630179703
SNB,CHF,gdp_qoq,GDP (QoQ),minus_20pct,-0.05399171631330828,-0.0538856203829301,0.00010609593037817777,0.44594594594594594,0.44594594594594594,0.0,0.00010609593037817777
RBA,AUD,producer_price_index_qoq,Producer Price Index (QoQ),plus_20pct,-0.1383878319758714,-0.13828544287778727,0.00010238909808413243,0.4666666666666667,0.4666666666666667,0.0,0.00010238909808413243
SNB,CHF,gdp_qoq,GDP (QoQ),plus_20pct,-0.05399171631330828,-0.05409160014637254,-9.98838330642654e-05,0.44594594594594594,0.44594594594594594,0.0,9.98838330642654e-05
RBA,AUD,producer_price_index_qoq,Producer Price Index (QoQ),minus_20pct,-0.1383878319758714,-0.1384797089327972,-9.187695692580711e-05,0.4666666666666667,0.4666666666666667,0.0,9.187695692580711e-05
BOC,CAD,full_time_employment_change,Full-Time Employment Change,plus_20pct,-0.15295433463870756,-0.15303387726004372,-7.954262133616496e-05,0.5066666666666667,0.5066666666666667,0.0,7.954262133616496e-05
BOJ,JPY,retail_sales_yoy,Retail Sales (YoY),minus_20pct,0.0028546048305205522,0.0027793565801025534,-7.524825041799882e-05,0.4666666666666667,0.4666666666666667,0.0,7.524825041799882e-05
BOJ,JPY,retail_sales_yoy,Retail Sales (YoY),plus_20pct,0.0028546048305205522,0.00292767679759121,7.307196707065757e-05,0.4666666666666667,0.4666666666666667,0.0,7.307196707065757e-05
FED,USD,core_ppi_yoy,Core PPI (YoY),minus_20pct,0.20315680532959624,0.20310735859493043,-4.9446734665808956e-05,0.5084745762711864,0.5084745762711864,0.0,4.9446734665808956e-05
FED,USD,core_ppi_yoy,Core PPI (YoY),plus_20pct,0.20315680532959624,0.20319791966122192,4.111433162568012e-05,0.5084745762711864,0.5084745762711864,0.0,4.111433162568012e-05
FED,USD,pce_price_index_yoy,PCE Price Index (YoY),plus_20pct,0.20315680532959624,0.2031205681017019,-3.623722789433681e-05,0.5084745762711864,0.5084745762711864,0.0,3.623722789433681e-05
RBA,AUD,producer_price_index_yoy,Producer Price Index (YoY),minus_20pct,-0.1383878319758714,-0.13835684435725698,3.098761861441979e-05,0.4666666666666667,0.4666666666666667,0.0,3.098761861441979e-05
FED,USD,pce_price_index_yoy,PCE Price Index (YoY),minus_20pct,0.20315680532959624,0.20317604190581393,1.9236576217690482e-05,0.5084745762711864,0.5084745762711864,0.0,1.9236576217690482e-05
RBA,AUD,producer_price_index_yoy,Producer Price Index (YoY),plus_20pct,-0.1383878319758714,-0.13840302190658726,-1.5189930715864275e-05,0.4666666666666667,0.4666666666666667,0.0,1.5189930715864275e-05
RBA,AUD,consumer_inflation_expectation,Consumer Inflation Expectation,minus_20pct,-0.1383878319758714,-0.13837910371132273,8.728264548674147e-06,0.4666666666666667,0.4666666666666667,0.0,8.728264548674147e-06
