signal_date,central_bank_code,country_code,currency,strength_score,strength_label,available_indicators,available_weight_share,latest_release_timestamp,no_lookahead
2020-01-31,BOC,CA,CAD,-0.2309402329165654,neutral,8,0.6901617371387323,2020-01-24T13:30:00+00:00,True
2020-01-31,BOE,UK,GBP,-0.5774738672466984,bearish,11,0.9351117949075824,2020-01-22T11:00:00+00:00,True
2020-01-31,BOJ,JP,JPY,-0.6297296015421981,bearish,10,0.8652647185838163,2020-01-30T23:50:00+00:00,True
2020-01-31,ECB,EU,EUR,-0.4394966936501563,bearish,9,0.8953265735105473,2020-01-30T10:00:00+00:00,True
2020-01-31,RBA,AU,AUD,-0.607648031654602,bearish,9,0.741462230650488,2020-01-29T00:30:00+00:00,True
2020-01-31,RBNZ,NZ,NZD,-0.5616765753048804,bearish,6,0.46159521009537735,2020-01-29T21:45:00+00:00,True
2020-01-31,SNB,CH,CHF,-0.011082857581207625,neutral,7,0.8064545532352313,2020-01-29T09:00:00+00:00,True
2020-02-29,BOC,CA,CAD,-0.1302520413002754,neutral,9,0.7721293903217152,2020-02-28T13:30:00+00:00,True
2020-02-29,BOE,UK,GBP,-0.658049604736042,bearish,12,1.0,2020-02-20T11:00:00+00:00,True
2020-02-29,BOJ,JP,JPY,-0.5076991772974037,bearish,10,0.8652647185838164,2020-02-27T23:50:00+00:00,True
2020-02-29,ECB,EU,EUR,-0.6523581465760663,bearish,9,0.8953265735105475,2020-02-27T10:00:00+00:00,True
2020-02-29,RBA,AU,AUD,-0.7087144496587939,bearish,11,0.9315780386703744,2020-02-13T00:00:00+00:00,True
2020-02-29,RBNZ,NZ,NZD,-0.43384514535298446,bearish,10,0.8870984960586085,2020-02-27T00:00:00+00:00,True
2020-02-29,SNB,CH,CHF,-0.2787590739608789,bearish,10,0.9430458372123236,2020-02-28T07:30:00+00:00,True
2020-03-31,BOC,CA,CAD,-0.1794108523701207,neutral,9,0.7721293903217152,2020-03-20T12:30:00+00:00,True
2020-03-31,BOE,UK,GBP,-0.5676120431355456,bearish,12,1.0,2020-03-25T07:00:00+00:00,True
2020-03-31,BOJ,JP,JPY,-0.78979558417364,strong_bearish,10,0.8652647185838163,2020-03-30T23:50:00+00:00,True
2020-03-31,ECB,EU,EUR,-0.18248596393699743,neutral,9,0.8953265735105473,2020-03-30T09:00:00+00:00,True
2020-03-31,FED,US,USD,-0.46637272737822644,bearish,10,0.8413714165251541,2020-03-27T12:30:00+00:00,True
2020-03-31,RBA,AU,AUD,-0.7296702327679567,bearish,11,0.9315780386703744,2020-03-12T00:00:00+00:00,True
2020-03-31,RBNZ,NZ,NZD,-0.5100111497116326,bearish,10,0.8870984960586085,2020-03-31T00:00:00+00:00,True
2020-03-31,SNB,CH,CHF,-0.10181146325510498,neutral,11,1.0,2020-03-25T09:00:00+00:00,True
2020-04-30,BOC,CA,CAD,-1.5898101612718032,strong_bearish,9,0.7721293903217152,2020-04-22T12:30:00+00:00,True
2020-04-30,BOE,UK,GBP,-0.6915507925030518,bearish,12,1.0,2020-04-23T10:00:00+00:00,True
2020-04-30,BOJ,JP,JPY,-1.4645943718996914,strong_bearish,12,1.0,2020-04-29T23:50:00+00:00,True
2020-04-30,ECB,EU,EUR,-0.5963418127194913,bearish,9,0.8953265735105472,2020-04-29T09:00:00+00:00,True
2020-04-30,FED,US,USD,-0.6525115521246232,bearish,12,1.0,2020-04-10T12:30:00+00:00,True
2020-04-30,RBA,AU,AUD,-1.1210033401823967,strong_bearish,11,0.9315780386703744,2020-04-29T01:30:00+00:00,True
2020-04-30,RBNZ,NZ,NZD,-0.3258868000691574,bearish,10,0.8870984960586086,2020-04-28T22:45:00+00:00,True
2020-04-30,SNB,CH,CHF,-0.5341829382007762,bearish,11,1.0,2020-04-29T08:00:00+00:00,True
2020-05-31,BOC,CA,CAD,-3.1318487200329943,strong_bearish,9,0.7721293903217152,2020-05-29T12:30:00+00:00,True
2020-05-31,BOE,UK,GBP,-0.9935141521987565,strong_bearish,12,1.0,2020-05-21T10:00:00+00:00,True
2020-05-31,BOJ,JP,JPY,-2.297025343245256,strong_bearish,12,1.0,2020-05-28T23:50:00+00:00,True
2020-05-31,ECB,EU,EUR,-1.031964046550968,strong_bearish,9,0.8953265735105473,2020-05-28T09:00:00+00:00,True
2020-05-31,FED,US,USD,-3.189753006291916,strong_bearish,12,1.0,2020-05-29T12:30:00+00:00,True
2020-05-31,RBA,AU,AUD,-1.5164046610686512,strong_bearish,11,0.9315780386703744,2020-05-14T01:00:00+00:00,True
2020-05-31,RBNZ,NZ,NZD,-0.6495881638729588,bearish,11,0.9749173894440956,2020-05-28T01:00:00+00:00,True
2020-05-31,SNB,CH,CHF,-1.3159426251420068,strong_bearish,11,1.0,2020-05-27T08:00:00+00:00,True
2020-06-30,BOC,CA,CAD,-1.0465824794815914,strong_bearish,9,0.7721293903217151,2020-06-29T12:30:00+00:00,True
2020-06-30,BOE,UK,GBP,-1.2641708846626698,strong_bearish,12,1.0,2020-06-22T10:00:00+00:00,True
2020-06-30,BOJ,JP,JPY,-2.2347652271541016,strong_bearish,12,1.0,2020-06-28T23:50:00+00:00,True
2020-06-30,ECB,EU,EUR,-1.3121972936148563,strong_bearish,9,0.8953265735105473,2020-06-29T09:00:00+00:00,True
2020-06-30,FED,US,USD,-1.223719103106881,strong_bearish,12,1.0,2020-06-26T12:30:00+00:00,True
2020-06-30,RBA,AU,AUD,-1.2980502219440766,strong_bearish,11,0.9315780386703744,2020-06-11T01:00:00+00:00,True
2020-06-30,RBNZ,NZ,NZD,-0.6318454870256245,bearish,11,0.9749173894440957,2020-06-24T22:45:00+00:00,True
2020-06-30,SNB,CH,CHF,-1.1740880751935958,strong_bearish,11,1.0,2020-06-24T08:00:00+00:00,True
2020-07-31,BOC,CA,CAD,0.04117895170756967,neutral,9,0.7721293903217152,2020-07-22T12:30:00+00:00,True
2020-07-31,BOE,UK,GBP,-1.2745293471422248,strong_bearish,12,0.9999999999999998,2020-07-23T10:00:00+00:00,True
2020-07-31,BOJ,JP,JPY,-1.4944971787990151,strong_bearish,12,1.0,2020-07-29T23:50:00+00:00,True
2020-07-31,ECB,EU,EUR,-0.9218133725505547,strong_bearish,9,0.8953265735105473,2020-07-30T09:00:00+00:00,True
2020-07-31,FED,US,USD,-1.2237191031068813,strong_bearish,12,0.9999999999999999,2020-06-26T12:30:00+00:00,True
2020-07-31,RBA,AU,AUD,-1.3178245028391222,strong_bearish,11,0.9315780386703744,2020-07-29T01:30:00+00:00,True
2020-07-31,RBNZ,NZ,NZD,-0.8491852077192432,strong_bearish,11,0.9749173894440956,2020-07-30T01:00:00+00:00,True
2020-07-31,SNB,CH,CHF,-0.7853478548302661,strong_bearish,11,1.0,2020-07-29T08:00:00+00:00,True
2020-08-31,BOC,CA,CAD,-0.3197076810915596,bearish,9,0.7721293903217152,2020-08-21T12:30:00+00:00,True
2020-08-31,BOE,UK,GBP,-1.300646134280613,strong_bearish,12,1.0,2020-08-21T10:00:00+00:00,True
2020-08-31,BOJ,JP,JPY,-1.354636468470643,strong_bearish,12,1.0,2020-08-30T23:50:00+00:00,True
2020-08-31,ECB,EU,EUR,-0.8214609209877699,strong_bearish,9,0.8953265735105473,2020-08-28T09:00:00+00:00,True
2020-08-31,FED,US,USD,-1.2237191031068808,strong_bearish,12,1.0,2020-06-26T12:30:00+00:00,True
2020-08-31,RBA,AU,AUD,-1.5827024593040366,strong_bearish,11,0.9315780386703744,2020-08-13T01:00:00+00:00,True
2020-08-31,RBNZ,NZ,NZD,-1.2174763387082836,strong_bearish,11,0.9749173894440957,2020-08-25T22:45:00+00:00,True
2020-08-31,SNB,CH,CHF,-0.9512927068571322,strong_bearish,11,1.0,2020-08-27T05:45:00+00:00,True
2020-09-30,BOC,CA,CAD,-0.2580436933582966,bearish,9,0.7721293903217152,2020-09-29T12:30:00+00:00,True
2020-09-30,BOE,UK,GBP,-1.4203609733084117,strong_bearish,12,0.9999999999999998,2020-09-22T10:00:00+00:00,True
2020-09-30,BOJ,JP,JPY,-1.3421380863638217,strong_bearish,12,1.0,2020-09-29T23:50:00+00:00,True
2020-09-30,ECB,EU,EUR,-0.909117393621187,strong_bearish,9,0.8953265735105475,2020-09-29T09:00:00+00:00,True
2020-09-30,FED,US,USD,-1.181888796558812,strong_bearish,12,1.0,2020-09-14T15:00:00+00:00,True
2020-09-30,RBA,AU,AUD,-1.632415301970906,strong_bearish,11,0.9315780386703744,2020-09-22T23:00:00+00:00,True
2020-09-30,RBNZ,NZ,NZD,-1.1713749303002132,strong_bearish,11,0.9749173894440956,2020-09-30T00:00:00+00:00,True
2020-09-30,SNB,CH,CHF,-1.1824871363318505,strong_bearish,11,1.0,2020-09-17T06:00:00+00:00,True
2020-10-31,BOC,CA,CAD,-0.24140940048663367,neutral,9,0.7721293903217151,2020-10-30T12:30:00+00:00,True
2020-10-31,BOE,UK,GBP,-1.1643471162195538,strong_bearish,12,0.9999999999999998,2020-10-22T10:00:00+00:00,True
2020-10-31,BOJ,JP,JPY,-1.2802562455600455,strong_bearish,12,1.0,2020-10-29T23:30:00+00:00,True
2020-10-31,ECB,EU,EUR,-0.780295246191164,strong_bearish,9,0.8953265735105473,2020-10-30T10:00:00+00:00,True
2020-10-31,FED,US,USD,-0.5355257440391483,bearish,12,1.0,2020-10-30T12:30:00+00:00,True
2020-10-31,RBA,AU,AUD,-0.635282182374573,bearish,11,0.9315780386703744,2020-10-30T00:30:00+00:00,True
2020-10-31,RBNZ,NZ,NZD,-0.8543964665423637,strong_bearish,12,1.0,2020-10-29T00:00:00+00:00,True
2020-10-31,SNB,CH,CHF,-0.8036385278924087,strong_bearish,11,1.0,2020-10-30T07:30:00+00:00,True
2020-11-30,BOC,CA,CAD,-0.3931921371825885,bearish,9,0.7721293903217152,2020-11-20T13:30:00+00:00,True
2020-11-30,BOE,UK,GBP,-0.9914620634453557,strong_bearish,12,1.0,2020-11-19T11:00:00+00:00,True
2020-11-30,BOJ,JP,JPY,-0.9054532625630338,strong_bearish,12,1.0,2020-11-29T23:50:00+00:00,True
2020-11-30,ECB,EU,EUR,-0.7507379882509458,strong_bearish,9,0.8953265735105473,2020-11-27T10:00:00+00:00,True
2020-11-30,FED,US,USD,-0.528980454174759,bearish,12,1.0,2020-11-25T15:00:00+00:00,True
2020-11-30,RBA,AU,AUD,-0.5776083278252286,bearish,11,0.9315780386703744,2020-11-12T00:00:00+00:00,True
2020-11-30,RBNZ,NZ,NZD,-0.8005194137765822,strong_bearish,12,0.9999999999999999,2020-11-30T00:00:00+00:00,True
2020-11-30,SNB,CH,CHF,-0.8876218289521636,strong_bearish,11,1.0,2020-11-25T09:00:00+00:00,True
2020-12-31,BOC,CA,CAD,-0.34433168815343185,bearish,9,0.7721293903217152,2020-12-18T13:30:00+00:00,True
2020-12-31,BOE,UK,GBP,-0.9536151488363778,strong_bearish,12,0.9999999999999998,2020-12-18T11:00:00+00:00,True
2020-12-31,BOJ,JP,JPY,-1.0061133073234911,strong_bearish,12,1.0,2020-12-24T23:50:00+00:00,True
2020-12-31,ECB,EU,EUR,-0.8494605418379606,strong_bearish,9,0.8953265735105473,2020-12-17T10:00:00+00:00,True
2020-12-31,FED,US,USD,-0.528043758668058,bearish,12,1.0,2020-12-23T13:30:00+00:00,True
2020-12-31,RBA,AU,AUD,-0.5399841492031118,bearish,11,0.9315780386703744,2020-12-10T00:00:00+00:00,True
2020-12-31,RBNZ,NZ,NZD,-0.8192143905389528,strong_bearish,12,1.0,2020-12-21T02:00:00+00:00,True
2020-12-31,SNB,CH,CHF,-0.6603357065173242,bearish,11,1.0,2020-12-30T09:00:00+00:00,True
2021-01-31,BOC,CA,CAD,-0.5634326437715436,bearish,9,0.7721293903217152,2021-01-29T13:30:00+00:00,True
2021-01-31,BOE,UK,GBP,-0.7031062648237579,bearish,12,0.9999999999999999,2021-01-26T07:00:00+00:00,True
2021-01-31,BOJ,JP,JPY,-1.010687710706646,strong_bearish,12,1.0,2021-01-28T23:30:00+00:00,True
2021-01-31,ECB,EU,EUR,-0.7998512623217574,strong_bearish,9,0.8953265735105475,2021-01-28T10:00:00+00:00,True
2021-01-31,FED,US,USD,-0.528043758668058,bearish,12,1.0,2020-12-23T13:30:00+00:00,True
2021-01-31,RBA,AU,AUD,-0.6046895720870148,bearish,11,0.9315780386703744,2021-01-29T00:30:00+00:00,True
2021-01-31,RBNZ,NZ,NZD,-0.7973291963882628,strong_bearish,12,1.0,2021-01-27T21:45:00+00:00,True
2021-01-31,SNB,CH,CHF,-0.5468232099668451,bearish,11,1.0,2021-01-28T07:00:00+00:00,True
2021-02-28,BOC,CA,CAD,-0.3197099133880771,bearish,9,0.7721293903217152,2021-02-26T13:30:00+00:00,True
2021-02-28,BOE,UK,GBP,-0.7085826594455498,bearish,12,0.9999999999999999,2021-02-23T07:00:00+00:00,True
2021-02-28,BOJ,JP,JPY,-1.1008833290594446,strong_bearish,12,1.0,2021-02-25T23:50:00+00:00,True
2021-02-28,ECB,EU,EUR,-0.6334324306019841,bearish,9,0.8953265735105475,2021-02-25T10:00:00+00:00,True
2021-02-28,FED,US,USD,-0.528043758668058,bearish,12,1.0,2020-12-23T13:30:00+00:00,True
2021-02-28,RBA,AU,AUD,-0.5445405443053318,bearish,11,0.9315780386703744,2021-02-11T04:00:00+00:00,True
2021-02-28,RBNZ,NZ,NZD,-0.7455660890668498,bearish,12,1.0,2021-02-25T21:45:00+00:00,True
2021-02-28,SNB,CH,CHF,-0.7720812296636369,strong_bearish,11,1.0,2021-02-26T08:00:00+00:00,True
2021-03-31,BOC,CA,CAD,0.10146832377410603,neutral,9,0.7721293903217152,2021-03-19T12:30:00+00:00,True
2021-03-31,BOE,UK,GBP,-0.518117220568817,bearish,12,1.0,2021-03-24T07:00:00+00:00,True
2021-03-31,BOJ,JP,JPY,-0.8894611075592913,strong_bearish,12,1.0,2021-03-29T23:50:00+00:00,True
2021-03-31,ECB,EU,EUR,-0.6987333885845011,bearish,9,0.8953265735105475,2021-03-30T09:00:00+00:00,True
2021-03-31,FED,US,USD,-0.42369781192150974,bearish,12,1.0,2021-03-26T12:30:00+00:00,True
2021-03-31,RBA,AU,AUD,-0.47509160591702604,bearish,11,0.9315780386703744,2021-03-11T00:00:00+00:00,True
2021-03-31,RBNZ,NZ,NZD,-0.8446921792724802,strong_bearish,12,0.9999999999999999,2021-03-31T00:00:00+00:00,True
2021-03-31,SNB,CH,CHF,-0.6276083102105158,bearish,11,1.0,2021-03-18T07:30:00+00:00,True
2021-04-30,BOC,CA,CAD,0.5399518441170605,bullish,9,0.7721293903217152,2021-04-28T12:30:00+00:00,True
2021-04-30,BOE,UK,GBP,-0.39383978705551936,bearish,12,1.0,2021-04-22T10:00:00+00:00,True
2021-04-30,BOJ,JP,JPY,-0.5800724935575965,bearish,12,1.0,2021-04-29T23:30:00+00:00,True
2021-04-30,ECB,EU,EUR,-0.6706583459085242,bearish,9,0.8953265735105473,2021-04-29T09:00:00+00:00,True
2021-04-30,FED,US,USD,0.015711124920190833,neutral,12,1.0,2021-04-13T12:30:00+00:00,True
2021-04-30,RBA,AU,AUD,-0.6683841463735203,bearish,11,0.9315780386703744,2021-04-28T01:30:00+00:00,True
2021-04-30,RBNZ,NZ,NZD,-0.5969627222559787,bearish,12,1.0,2021-04-29T01:00:00+00:00,True
2021-04-30,SNB,CH,CHF,-0.5285977768484453,bearish,11,1.0,2021-04-28T08:00:00+00:00,True
2021-05-31,BOC,CA,CAD,0.3819893465091902,bullish,9,0.7721293903217152,2021-05-21T12:30:00+00:00,True
2021-05-31,BOE,UK,GBP,0.0867398701238395,neutral,12,1.0,2021-05-20T10:00:00+00:00,True
2021-05-31,BOJ,JP,JPY,-0.3881960666297528,bearish,12,1.0,2021-05-30T23:50:00+00:00,True
2021-05-31,ECB,EU,EUR,-0.3354245795459118,bearish,9,0.8953265735105473,2021-05-28T09:00:00+00:00,True
2021-05-31,FED,US,USD,0.20600435146103974,neutral,12,1.0,2021-05-28T12:30:00+00:00,True
2021-05-31,RBA,AU,AUD,-0.5822969931823964,bearish,11,0.9315780386703744,2021-05-20T01:30:00+00:00,True
2021-05-31,RBNZ,NZ,NZD,-0.5012481141821103,bearish,12,1.0,2021-05-25T22:45:00+00:00,True
2021-05-31,SNB,CH,CHF,-0.24896760053458883,neutral,11,1.0,2021-05-27T06:00:00+00:00,True
2021-06-30,BOC,CA,CAD,1.1957999235583778,strong_bullish,9,0.7721293903217152,2021-06-23T12:30:00+00:00,True
2021-06-30,BOE,UK,GBP,0.13484616849957276,neutral,12,1.0,2021-06-22T10:00:00+00:00,True
2021-06-30,BOJ,JP,JPY,-0.5106982554626901,bearish,12,1.0,2021-06-28T23:50:00+00:00,True
2021-06-30,ECB,EU,EUR,0.10346307029280098,neutral,9,0.8953265735105473,2021-06-29T09:00:00+00:00,True
2021-06-30,FED,US,USD,0.3304155496058011,bullish,12,1.0,2021-06-25T12:30:00+00:00,True
2021-06-30,RBA,AU,AUD,-0.5308470936846049,bearish,11,0.9315780386703744,2021-06-10T01:00:00+00:00,True
2021-06-30,RBNZ,NZ,NZD,-0.5693340165940368,bearish,12,1.0,2021-06-24T22:45:00+00:00,True
2021-06-30,SNB,CH,CHF,-0.2600909173366167,bearish,11,1.0,2021-06-17T06:00:00+00:00,True
2021-07-31,BOC,CA,CAD,0.7884663026721748,strong_bullish,9,0.7721293903217152,2021-07-30T12:30:00+00:00,True
2021-07-31,BOE,UK,GBP,0.2577193402244649,bullish,12,0.9999999999999998,2021-07-22T10:00:00+00:00,True
2021-07-31,BOJ,JP,JPY,-0.5786210764584427,bearish,12,1.0,2021-07-29T23:50:00+00:00,True
2021-07-31,ECB,EU,EUR,-0.3752489191687637,bearish,9,0.8953265735105473,2021-07-30T09:00:00+00:00,True
2021-07-31,FED,US,USD,0.3241009030047003,bullish,12,1.0,2021-06-30T12:15:00+00:00,True
2021-07-31,RBA,AU,AUD,-0.335768395054806,bearish,11,0.9315780386703745,2021-07-30T01:30:00+00:00,True
2021-07-31,RBNZ,NZ,NZD,-0.3776607322627693,bearish,12,1.0,2021-07-29T01:00:00+00:00,True
2021-07-31,SNB,CH,CHF,-0.24838252088951177,neutral,11,1.0,2021-07-28T08:00:00+00:00,True
2021-08-31,BOC,CA,CAD,0.6758837253092564,bullish,9,0.7721293903217152,2021-08-27T12:30:00+00:00,True
2021-08-31,BOE,UK,GBP,0.456701314399929,bullish,12,1.0,2021-08-23T10:00:00+00:00,True
2021-08-31,BOJ,JP,JPY,-0.5027567302917294,bearish,12,1.0,2021-08-29T23:50:00+00:00,True
2021-08-31,ECB,EU,EUR,-0.5601406671558944,bearish,9,0.8953265735105473,2021-08-30T09:00:00+00:00,True
2021-08-31,FED,US,USD,0.3241009030047003,bullish,12,1.0,2021-06-30T12:15:00+00:00,True
2021-08-31,RBA,AU,AUD,-0.4750908080270429,bearish,11,0.9315780386703744,2021-08-12T01:00:00+00:00,True
2021-08-31,RBNZ,NZ,NZD,0.04931529845873622,neutral,12,1.0,2021-08-24T22:45:00+00:00,True
2021-08-31,SNB,CH,CHF,-0.0898884640414681,neutral,11,1.0,2021-08-25T08:00:00+00:00,True
2021-09-30,BOC,CA,CAD,0.5324439546481919,bullish,9,0.7721293903217152,2021-09-29T12:30:00+00:00,True
2021-09-30,BOE,UK,GBP,0.6510118113504904,bullish,12,0.9999999999999998,2021-09-21T10:00:00+00:00,True
2021-09-30,BOJ,JP,JPY,-0.8645264740113436,strong_bearish,12,1.0,2021-09-29T23:50:00+00:00,True
2021-09-30,ECB,EU,EUR,-0.3283307391376134,bearish,9,0.8953265735105473,2021-09-29T09:00:00+00:00,True
2021-09-30,FED,US,USD,0.3241009030047003,bullish,12,1.0,2021-06-30T12:15:00+00:00,True
2021-09-30,RBA,AU,AUD,-0.3566671433732841,bearish,11,0.9315780386703744,2021-09-16T01:00:00+00:00,True
2021-09-30,RBNZ,NZ,NZD,0.18876849158341097,neutral,12,1.0,2021-09-30T00:00:00+00:00,True
2021-09-30,SNB,CH,CHF,0.058125546401423075,neutral,11,1.0,2021-09-29T08:00:00+00:00,True
2021-10-31,BOC,CA,CAD,0.8120620385332004,strong_bullish,9,0.7721293903217152,2021-10-29T12:30:00+00:00,True
2021-10-31,BOE,UK,GBP,0.415368711264448,bullish,12,1.0,2021-10-21T10:00:00+00:00,True
2021-10-31,BOJ,JP,JPY,-0.6210063415348989,bearish,12,1.0,2021-10-28T23:30:00+00:00,True
2021-10-31,ECB,EU,EUR,-0.3537205304410232,bearish,9,0.8953265735105475,2021-10-28T09:00:00+00:00,True
2021-10-31,FED,US,USD,0.4771922804484743,bullish,12,1.0,2021-10-29T12:30:00+00:00,True
2021-10-31,RBA,AU,AUD,-0.0814420984351582,neutral,11,0.9315780386703744,2021-10-29T00:30:00+00:00,True
2021-10-31,RBNZ,NZ,NZD,0.36244887810580373,bullish,12,0.9999999999999999,2021-10-27T00:00:00+00:00,True
2021-10-31,SNB,CH,CHF,0.05569880421441292,neutral,11,1.0,2021-10-27T08:00:00+00:00,True
2021-11-30,BOC,CA,CAD,0.7122536782620414,bullish,9,0.7721293903217152,2021-11-29T13:30:00+00:00,True
2021-11-30,BOE,UK,GBP,0.6813314158984383,bullish,12,0.9999999999999998,2021-11-24T11:00:00+00:00,True
2021-11-30,BOJ,JP,JPY,-0.34983658229533365,bearish,12,1.0,2021-11-28T23:50:00+00:00,True
2021-11-30,ECB,EU,EUR,-0.17868947358808285,neutral,9,0.8953265735105473,2021-11-29T10:00:00+00:00,True
2021-11-30,FED,US,USD,0.6754418299430097,bullish,12,1.0,2021-11-24T15:00:00+00:00,True
2021-11-30,RBA,AU,AUD,0.05455606891348958,neutral,11,0.9315780386703744,2021-11-12T00:00:00+00:00,True
2021-11-30,RBNZ,NZ,NZD,0.7130853409554233,bullish,12,1.0,2021-11-30T00:00:00+00:00,True
2021-11-30,SNB,CH,CHF,0.34252735652137756,bullish,11,1.0,2021-11-26T08:00:00+00:00,True
2021-12-31,BOC,CA,CAD,0.6975826283002808,bullish,9,0.7721293903217152,2021-12-21T13:30:00+00:00,True
2021-12-31,BOE,UK,GBP,0.5846567164189482,bullish,12,0.9999999999999998,2021-12-20T11:00:00+00:00,True
2021-12-31,BOJ,JP,JPY,-0.14230505863454596,neutral,12,1.0,2021-12-26T23:50:00+00:00,True
2021-12-31,ECB,EU,EUR,-0.03175143993076218,neutral,9,0.8953265735105475,2021-12-17T10:00:00+00:00,True
2021-12-31,FED,US,USD,0.8936092557648242,strong_bullish,12,1.0,2021-12-23T13:30:00+00:00,True
2021-12-31,RBA,AU,AUD,0.02478194618401386,neutral,11,0.9315780386703744,2021-12-16T00:00:00+00:00,True
2021-12-31,RBNZ,NZ,NZD,0.7204756214022806,bullish,12,0.9999999999999999,2021-12-21T02:00:00+00:00,True
2021-12-31,SNB,CH,CHF,0.4292975277120755,bullish,11,1.0,2021-12-21T07:00:00+00:00,True
2022-01-31,BOC,CA,CAD,0.47781117804610906,bullish,9,0.7721293903217152,2022-01-21T13:30:00+00:00,True
2022-01-31,BOE,UK,GBP,0.500128025363932,bullish,12,1.0,2022-01-25T11:00:00+00:00,True
2022-01-31,BOJ,JP,JPY,-0.24868146935445648,neutral,12,1.0,2022-01-30T23:50:00+00:00,True
2022-01-31,ECB,EU,EUR,-0.14804336107656252,neutral,9,0.8953265735105473,2022-01-28T10:00:00+00:00,True
2022-01-31,FED,US,USD,0.8936092557648242,strong_bullish,12,1.0,2021-12-23T13:30:00+00:00,True
2022-01-31,RBA,AU,AUD,0.28346373709925876,bullish,12,1.0,2022-01-28T00:30:00+00:00,True
2022-01-31,RBNZ,NZ,NZD,0.5297588837530776,bullish,12,1.0,2022-01-26T21:45:00+00:00,True
2022-01-31,SNB,CH,CHF,0.06954695671820305,neutral,11,1.0,2022-01-27T07:00:00+00:00,True
2022-02-28,BOC,CA,CAD,0.45046082488279354,bullish,9,0.7721293903217152,2022-02-18T13:30:00+00:00,True
2022-02-28,BOE,UK,GBP,0.48591587171237344,bullish,12,1.0,2022-02-22T11:00:00+00:00,True
2022-02-28,BOJ,JP,JPY,-0.5015020298110159,bearish,12,1.0,2022-02-27T23:50:00+00:00,True
2022-02-28,ECB,EU,EUR,-0.2337949376988245,neutral,9,0.8953265735105473,2022-02-25T10:00:00+00:00,True
2022-02-28,FED,US,USD,0.8936092557648242,strong_bullish,12,1.0,2021-12-23T13:30:00+00:00,True
2022-02-28,RBA,AU,AUD,0.3742744121901656,bullish,12,1.0,2022-02-10T02:00:00+00:00,True
2022-02-28,RBNZ,NZ,NZD,0.23901243214387052,neutral,12,0.9999999999999999,2022-02-28T00:00:00+00:00,True
2022-02-28,SNB,CH,CHF,0.6017159003437745,bullish,11,1.0,2022-02-23T09:00:00+00:00,True
2022-03-31,BOC,CA,CAD,1.1049103513238394,strong_bullish,9,0.7721293903217152,2022-03-22T12:30:00+00:00,True
2022-03-31,BOE,UK,GBP,0.6213786067963576,bullish,12,1.0,2022-03-23T07:00:00+00:00,True
2022-03-31,BOJ,JP,JPY,-0.5266528681097596,bearish,12,1.0,2022-03-29T23:50:00+00:00,True
2022-03-31,ECB,EU,EUR,0.20997667345993748,neutral,10,0.9159861218134608,2022-03-30T09:00:00+00:00,True
2022-03-31,FED,US,USD,0.8918650002351495,strong_bullish,12,1.0,2022-03-30T12:15:00+00:00,True
2022-03-31,RBA,AU,AUD,0.4154344002205922,bullish,12,1.0,2022-03-10T00:00:00+00:00,True
2022-03-31,RBNZ,NZ,NZD,0.17001073167301112,neutral,12,1.0,2022-03-30T00:00:00+00:00,True
2022-03-31,SNB,CH,CHF,0.4594132293928629,bullish,11,1.0,2022-03-30T08:00:00+00:00,True
2022-04-30,BOC,CA,CAD,1.4534817786695786,strong_bullish,10,0.8430599454207092,2022-04-22T12:30:00+00:00,True
2022-04-30,BOE,UK,GBP,1.0301323816322971,strong_bullish,12,1.0,2022-04-25T10:00:00+00:00,True
2022-04-30,BOJ,JP,JPY,-0.2297279146617902,neutral,12,1.0,2022-04-27T23:50:00+00:00,True
2022-04-30,ECB,EU,EUR,0.44917204133727323,bullish,12,1.0,2022-04-25T09:00:00+00:00,True
2022-04-30,FED,US,USD,1.196872599125412,strong_bullish,12,0.9999999999999999,2022-04-29T12:30:00+00:00,True
2022-04-30,RBA,AU,AUD,1.0759923183858875,strong_bullish,12,1.0,2022-04-29T01:30:00+00:00,True
2022-04-30,RBNZ,NZ,NZD,0.4412204717775385,bullish,12,0.9999999999999999,2022-04-28T01:00:00+00:00,True
2022-04-30,SNB,CH,CHF,1.199404217053137,strong_bullish,11,1.0,2022-04-29T06:30:00+00:00,True
2022-05-31,BOC,CA,CAD,0.9868566924363834,strong_bullish,10,0.8430599454207092,2022-05-26T12:30:00+00:00,True
2022-05-31,BOE,UK,GBP,1.7784119938217182,strong_bullish,12,0.9999999999999998,2022-05-19T10:00:00+00:00,True
2022-05-31,BOJ,JP,JPY,0.11819383841294295,neutral,12,1.0,2022-05-30T23:50:00+00:00,True
2022-05-31,ECB,EU,EUR,0.2828000417638035,bullish,12,1.0,2022-05-30T09:00:00+00:00,True
2022-05-31,FED,US,USD,1.0562485546748273,strong_bullish,12,1.0,2022-05-27T12:30:00+00:00,True
2022-05-31,RBA,AU,AUD,1.055367532629714,strong_bullish,12,1.0,2022-05-12T01:30:00+00:00,True
2022-05-31,RBNZ,NZ,NZD,0.2811783647844192,bullish,12,1.0,2022-05-20T03:00:00+00:00,True
2022-05-31,SNB,CH,CHF,1.3068322215681238,strong_bullish,11,1.0,2022-05-25T08:00:00+00:00,True
2022-06-30,BOC,CA,CAD,1.4191575893912018,strong_bullish,10,0.8430599454207092,2022-06-22T12:30:00+00:00,True
2022-06-30,BOE,UK,GBP,1.316750333969773,strong_bullish,12,1.0,2022-06-22T06:00:00+00:00,True
2022-06-30,BOJ,JP,JPY,0.21534093861720255,neutral,12,1.0,2022-06-28T23:50:00+00:00,True
2022-06-30,ECB,EU,EUR,0.46265744911927015,bullish,12,1.0,2022-06-29T09:00:00+00:00,True
2022-06-30,FED,US,USD,1.048584665289594,strong_bullish,12,1.0,2022-06-14T12:30:00+00:00,True
2022-06-30,RBA,AU,AUD,1.040296406139464,strong_bullish,12,1.0,2022-06-16T01:00:00+00:00,True
2022-06-30,RBNZ,NZ,NZD,0.4321436511457039,bullish,12,0.9999999999999999,2022-06-22T03:00:00+00:00,True
2022-06-30,SNB,CH,CHF,1.4933675859258675,strong_bullish,11,1.0,2022-06-29T08:00:00+00:00,True
2022-07-31,BOC,CA,CAD,1.1523392192855082,strong_bullish,10,0.8430599454207092,2022-07-22T12:30:00+00:00,True
2022-07-31,BOE,UK,GBP,1.3001904829996325,strong_bullish,12,0.9999999999999998,2022-07-25T10:00:00+00:00,True
2022-07-31,BOJ,JP,JPY,0.25507224392693373,bullish,12,1.0,2022-07-28T23:50:00+00:00,True
2022-07-31,ECB,EU,EUR,0.6745523880451959,bullish,12,1.0,2022-07-28T09:00:00+00:00,True
2022-07-31,FED,US,USD,1.03266505078086,strong_bullish,12,0.9999999999999999,2022-06-30T12:30:00+00:00,True
2022-07-31,RBA,AU,AUD,1.15704483590896,strong_bullish,12,1.0,2022-07-29T01:30:00+00:00,True
2022-07-31,RBNZ,NZ,NZD,0.5064267710507985,bullish,12,1.0,2022-07-28T01:00:00+00:00,True
2022-07-31,SNB,CH,CHF,1.259764802398638,strong_bullish,11,1.0,2022-07-29T06:30:00+00:00,True
2022-08-31,BOC,CA,CAD,0.6525352105136341,bullish,10,0.8430599454207093,2022-08-19T12:30:00+00:00,True
2022-08-31,BOE,UK,GBP,1.1825764067788305,strong_bullish,12,0.9999999999999998,2022-08-23T10:00:00+00:00,True
2022-08-31,BOJ,JP,JPY,0.004060385971324086,neutral,12,1.0,2022-08-30T23:50:00+00:00,True
2022-08-31,ECB,EU,EUR,0.6984689269829678,bullish,12,1.0,2022-08-30T09:00:00+00:00,True
2022-08-31,FED,US,USD,1.0326650507808597,strong_bullish,12,1.0,2022-06-30T12:30:00+00:00,True
2022-08-31,RBA,AU,AUD,1.0802837463863433,strong_bullish,12,1.0,2022-08-11T01:00:00+00:00,True
2022-08-31,RBNZ,NZ,NZD,0.8055743275893912,strong_bullish,12,1.0,2022-08-19T03:00:00+00:00,True
2022-08-31,SNB,CH,CHF,1.2177788632637825,strong_bullish,11,1.0,2022-08-18T06:00:00+00:00,True
2022-09-30,BOC,CA,CAD,0.3882034515305788,bullish,10,0.8430599454207092,2022-09-23T12:30:00+00:00,True
2022-09-30,BOE,UK,GBP,0.9857257049374909,strong_bullish,12,1.0,2022-09-21T10:00:00+00:00,True
2022-09-30,BOJ,JP,JPY,0.049853297215103336,neutral,12,1.0,2022-09-29T23:50:00+00:00,True
2022-09-30,ECB,EU,EUR,0.85535527391207,strong_bullish,12,1.0,2022-09-29T09:00:00+00:00,True
2022-09-30,FED,US,USD,1.03266505078086,strong_bullish,12,0.9999999999999999,2022-06-30T12:30:00+00:00,True
2022-09-30,RBA,AU,AUD,1.0314861157251345,strong_bullish,12,1.0,2022-09-15T01:00:00+00:00,True
2022-09-30,RBNZ,NZ,NZD,0.909086909166624,strong_bullish,12,0.9999999999999999,2022-09-29T00:00:00+00:00,True
2022-09-30,SNB,CH,CHF,1.1508560707815907,strong_bullish,11,1.0,2022-09-28T08:00:00+00:00,True
2022-10-31,BOC,CA,CAD,0.4154737157532636,bullish,10,0.8430599454207092,2022-10-21T12:30:00+00:00,True
2022-10-31,BOE,UK,GBP,1.028969125834575,strong_bullish,12,0.9999999999999998,2022-10-25T10:00:00+00:00,True
2022-10-31,BOJ,JP,JPY,0.44825910409418085,bullish,12,1.0,2022-10-30T23:50:00+00:00,True
2022-10-31,ECB,EU,EUR,1.0750671428384064,strong_bullish,12,1.0,2022-10-28T09:00:00+00:00,True
2022-10-31,FED,US,USD,0.840665719251659,strong_bullish,12,1.0,2022-10-28T12:30:00+00:00,True
2022-10-31,RBA,AU,AUD,1.3279839453197961,strong_bullish,12,1.0,2022-10-28T00:30:00+00:00,True
2022-10-31,RBNZ,NZ,NZD,0.9639703133658561,strong_bullish,12,1.0,2022-10-26T00:00:00+00:00,True
2022-10-31,SNB,CH,CHF,0.8959108891865682,strong_bullish,11,1.0,2022-10-26T08:00:00+00:00,True
2022-11-30,BOC,CA,CAD,0.5169863285338011,bullish,10,0.8430599454207093,2022-11-22T13:30:00+00:00,True
2022-11-30,BOE,UK,GBP,1.4906711164712179,strong_bullish,12,1.0,2022-11-24T11:00:00+00:00,True
2022-11-30,BOJ,JP,JPY,0.3440246470207842,bullish,12,1.0,2022-11-28T23:50:00+00:00,True
2022-11-30,ECB,EU,EUR,1.1448429630704917,strong_bullish,12,1.0,2022-11-29T10:00:00+00:00,True
2022-11-30,FED,US,USD,0.8552303740694901,strong_bullish,12,1.0,2022-11-15T13:30:00+00:00,True
2022-11-30,RBA,AU,AUD,1.3136330351830707,strong_bullish,12,1.0,2022-11-10T00:00:00+00:00,True
2022-11-30,RBNZ,NZ,NZD,1.4346737440838127,strong_bullish,12,0.9999999999999999,2022-11-30T00:00:00+00:00,True
2022-11-30,SNB,CH,CHF,0.9222380949124805,strong_bullish,11,1.0,2022-11-29T08:00:00+00:00,True
2022-12-31,BOC,CA,CAD,0.3231793870329611,bullish,10,0.8430599454207092,2022-12-21T13:30:00+00:00,True
2022-12-31,BOE,UK,GBP,1.0925604644211397,strong_bullish,12,0.9999999999999998,2022-12-19T11:00:00+00:00,True
2022-12-31,BOJ,JP,JPY,0.22932704731763842,neutral,12,1.0,2022-12-26T23:50:00+00:00,True
2022-12-31,ECB,EU,EUR,0.9352887729779139,strong_bullish,12,1.0,2022-12-19T10:00:00+00:00,True
2022-12-31,FED,US,USD,0.6119403624580332,bullish,12,1.0,2022-12-23T13:30:00+00:00,True
2022-12-31,RBA,AU,AUD,1.1345641024875162,strong_bullish,12,0.9999999999999999,2022-12-15T00:00:00+00:00,True
2022-12-31,RBNZ,NZ,NZD,1.4565914682121477,strong_bullish,12,0.9999999999999999,2022-12-21T02:00:00+00:00,True
2022-12-31,SNB,CH,CHF,1.0333526013166534,strong_bullish,11,1.0,2022-12-28T09:00:00+00:00,True
2023-01-31,BOC,CA,CAD,-0.08844614012853302,neutral,10,0.8430599454207093,2023-01-20T13:30:00+00:00,True
2023-01-31,BOE,UK,GBP,0.9621291384645597,strong_bullish,12,0.9999999999999999,2023-01-25T07:00:00+00:00,True
2023-01-31,BOJ,JP,JPY,0.5400984801959736,bullish,12,1.0,2023-01-30T23:50:00+00:00,True
2023-01-31,ECB,EU,EUR,0.7885818973971254,strong_bullish,12,1.0,2023-01-30T10:00:00+00:00,True
2023-01-31,FED,US,USD,0.6119403624580332,bullish,12,1.0,2022-12-23T13:30:00+00:00,True
2023-01-31,RBA,AU,AUD,1.0509451901447715,strong_bullish,12,0.9999999999999999,2023-01-27T00:30:00+00:00,True
2023-01-31,RBNZ,NZ,NZD,0.9290989143316124,strong_bullish,12,1.0,2023-01-29T21:45:00+00:00,True
2023-01-31,SNB,CH,CHF,0.47355302456995085,bullish,11,1.0,2023-01-25T09:00:00+00:00,True
2023-02-28,BOC,CA,CAD,0.44425147663377157,bullish,10,0.8430599454207093,2023-02-21T13:30:00+00:00,True
2023-02-28,BOE,UK,GBP,0.8331201692793566,strong_bullish,12,1.0,2023-02-21T11:00:00+00:00,True
2023-02-28,BOJ,JP,JPY,0.6314269160649207,bullish,12,1.0,2023-02-27T23:50:00+00:00,True
2023-02-28,ECB,EU,EUR,0.6267706734452295,bullish,12,1.0,2023-02-27T10:00:00+00:00,True
2023-02-28,FED,US,USD,0.6119403624580332,bullish,12,1.0,2022-12-23T13:30:00+00:00,True
2023-02-28,RBA,AU,AUD,1.034889601553736,strong_bullish,12,0.9999999999999999,2023-02-20T22:00:00+00:00,True
2023-02-28,RBNZ,NZ,NZD,0.6974726296422704,bullish,12,1.0,2023-02-28T00:00:00+00:00,True
2023-02-28,SNB,CH,CHF,0.8916640346870597,strong_bullish,11,1.0,2023-02-22T09:00:00+00:00,True
2023-03-31,BOC,CA,CAD,0.1891051657632132,neutral,10,0.8430599454207092,2023-03-24T12:30:00+00:00,True
2023-03-31,BOE,UK,GBP,0.9565586190858013,strong_bullish,12,0.9999999999999998,2023-03-22T11:00:00+00:00,True
2023-03-31,BOJ,JP,JPY,0.5423743837648567,bullish,12,1.0,2023-03-30T23:50:00+00:00,True
2023-03-31,ECB,EU,EUR,0.760512303688704,strong_bullish,12,1.0,2023-03-30T09:00:00+00:00,True
2023-03-31,FED,US,USD,0.6119403624580332,bullish,12,1.0,2022-12-23T13:30:00+00:00,True
2023-03-31,RBA,AU,AUD,0.9716339124797378,strong_bullish,12,1.0,2023-03-16T00:00:00+00:00,True
2023-03-31,RBNZ,NZ,NZD,0.6834007708124759,bullish,12,1.0,2023-03-30T00:00:00+00:00,True
2023-03-31,SNB,CH,CHF,0.9604436556490569,strong_bullish,11,1.0,2023-03-29T08:00:00+00:00,True
2023-04-30,BOC,CA,CAD,-0.05764446682862874,neutral,10,0.8430599454207092,2023-04-21T12:30:00+00:00,True
2023-04-30,BOE,UK,GBP,0.8357243297843504,strong_bullish,12,1.0,2023-04-25T10:00:00+00:00,True
2023-04-30,BOJ,JP,JPY,0.6988909979408273,bullish,12,1.0,2023-04-27T23:50:00+00:00,True
2023-04-30,ECB,EU,EUR,0.6432232752332488,bullish,12,1.0,2023-04-27T09:00:00+00:00,True
2023-04-30,FED,US,USD,0.24144231707312105,neutral,12,1.0,2023-04-28T12:30:00+00:00,True
2023-04-30,RBA,AU,AUD,0.5861102155947341,bullish,12,1.0,2023-04-28T01:30:00+00:00,True
2023-04-30,RBNZ,NZ,NZD,0.772485568212532,strong_bullish,12,1.0,2023-04-27T01:00:00+00:00,True
2023-04-30,SNB,CH,CHF,0.6589993600031528,bullish,11,1.0,2023-04-28T06:30:00+00:00,True
2023-05-31,BOC,CA,CAD,0.01964914827442212,neutral,10,0.8430599454207093,2023-05-23T12:30:00+00:00,True
2023-05-31,BOE,UK,GBP,0.7688322731954251,strong_bullish,12,0.9999999999999998,2023-05-24T10:00:00+00:00,True
2023-05-31,BOJ,JP,JPY,0.6294076281927995,bullish,12,1.0,2023-05-30T23:50:00+00:00,True
2023-05-31,ECB,EU,EUR,0.6100963218179976,bullish,12,1.0,2023-05-30T09:00:00+00:00,True
2023-05-31,FED,US,USD,0.2627132316356348,bullish,12,1.0,2023-05-26T12:30:00+00:00,True
2023-05-31,RBA,AU,AUD,0.6126721595867738,bullish,12,1.0,2023-05-11T01:00:00+00:00,True
2023-05-31,RBNZ,NZ,NZD,0.8374153329390525,strong_bullish,12,1.0,2023-05-19T03:00:00+00:00,True
2023-05-31,SNB,CH,CHF,0.5645865323134526,bullish,11,1.0,2023-05-30T07:00:00+00:00,True
2023-06-30,BOC,CA,CAD,-0.2624107010951305,bearish,10,0.8430599454207092,2023-06-27T12:30:00+00:00,True
2023-06-30,BOE,UK,GBP,0.5112732248788833,bullish,12,1.0,2023-06-21T10:00:00+00:00,True
2023-06-30,BOJ,JP,JPY,0.652619349495159,bullish,12,1.0,2023-06-29T23:30:00+00:00,True
2023-06-30,ECB,EU,EUR,0.5693526946798957,bullish,12,1.0,2023-06-29T09:00:00+00:00,True
2023-06-30,FED,US,USD,0.21148460300395017,neutral,12,1.0,2023-06-14T12:30:00+00:00,True
2023-06-30,RBA,AU,AUD,0.5937357390201677,bullish,12,1.0,2023-06-15T01:30:00+00:00,True
2023-06-30,RBNZ,NZ,NZD,0.8048391089422875,strong_bullish,12,1.0,2023-06-29T01:00:00+00:00,True
2023-06-30,SNB,CH,CHF,0.23813823825616226,neutral,11,1.0,2023-06-28T08:00:00+00:00,True
2023-07-31,BOC,CA,CAD,-0.4901641933588134,bearish,10,0.8430599454207092,2023-07-21T12:30:00+00:00,True
2023-07-31,BOE,UK,GBP,0.24543520238415412,neutral,12,0.9999999999999998,2023-07-25T10:00:00+00:00,True
2023-07-31,BOJ,JP,JPY,0.8425149536621915,strong_bullish,12,1.0,2023-07-30T23:50:00+00:00,True
2023-07-31,ECB,EU,EUR,0.5143628676319321,bullish,12,1.0,2023-07-28T09:00:00+00:00,True
2023-07-31,FED,US,USD,0.17067070459928577,neutral,12,0.9999999999999999,2023-06-30T12:30:00+00:00,True
2023-07-31,RBA,AU,AUD,0.21616597914188126,neutral,12,0.9999999999999999,2023-07-28T01:30:00+00:00,True
2023-07-31,RBNZ,NZ,NZD,0.6520467131597746,bullish,12,1.0,2023-07-24T03:00:00+00:00,True
2023-07-31,SNB,CH,CHF,0.24385528144222898,neutral,11,1.0,2023-07-28T06:30:00+00:00,True
2023-08-31,BOC,CA,CAD,-0.3568681448584357,bearish,10,0.8430599454207092,2023-08-23T12:30:00+00:00,True
2023-08-31,BOE,UK,GBP,-0.00930902700657298,neutral,12,1.0,2023-08-22T10:00:00+00:00,True
2023-08-31,BOJ,JP,JPY,0.8169770033255971,strong_bullish,12,1.0,2023-08-30T23:50:00+00:00,True
2023-08-31,ECB,EU,EUR,0.4141542092344741,bullish,12,1.0,2023-08-30T08:00:00+00:00,True
2023-08-31,FED,US,USD,0.17067070459928574,neutral,12,1.0,2023-06-30T12:30:00+00:00,True
2023-08-31,RBA,AU,AUD,0.18480090688531334,neutral,12,1.0,2023-08-10T01:00:00+00:00,True
2023-08-31,RBNZ,NZ,NZD,0.7092187192761201,bullish,12,0.9999999999999999,2023-08-21T03:00:00+00:00,True
2023-08-31,SNB,CH,CHF,0.3063622782364804,bullish,11,1.0,2023-08-30T08:00:00+00:00,True
2023-09-30,BOC,CA,CAD,-0.14421213396628368,neutral,10,0.8430599454207092,2023-09-22T12:30:00+00:00,True
2023-09-30,BOE,UK,GBP,0.14414119517405427,neutral,12,0.9999999999999998,2023-09-22T10:00:00+00:00,True
2023-09-30,BOJ,JP,JPY,0.7804647653689826,strong_bullish,12,1.0,2023-09-28T23:50:00+00:00,True
2023-09-30,ECB,EU,EUR,0.4707497834289199,bullish,12,1.0,2023-09-28T09:00:00+00:00,True
2023-09-30,FED,US,USD,0.0985250082435673,neutral,12,1.0,2023-09-29T12:30:00+00:00,True
2023-09-30,RBA,AU,AUD,0.15889012983548656,neutral,12,0.9999999999999999,2023-09-14T01:00:00+00:00,True
2023-09-30,RBNZ,NZ,NZD,0.6348972151763274,bullish,12,0.9999999999999999,2023-09-28T00:00:00+00:00,True
2023-09-30,SNB,CH,CHF,0.2387354207750732,neutral,11,1.0,2023-09-27T08:00:00+00:00,True
2023-10-31,BOC,CA,CAD,-0.19275730916703998,neutral,10,0.8430599454207092,2023-10-20T12:30:00+00:00,True
2023-10-31,BOE,UK,GBP,0.14446983690917384,neutral,12,1.0,2023-10-24T10:00:00+00:00,True
2023-10-31,BOJ,JP,JPY,0.7820691030789853,strong_bullish,12,1.0,2023-10-30T23:50:00+00:00,True
2023-10-31,ECB,EU,EUR,0.2621099320274555,bullish,12,1.0,2023-10-30T10:00:00+00:00,True
2023-10-31,FED,US,USD,0.10442794796706897,neutral,12,1.0,2023-10-27T12:30:00+00:00,True
2023-10-31,RBA,AU,AUD,0.53832974253142,bullish,12,1.0,2023-10-27T00:30:00+00:00,True
2023-10-31,RBNZ,NZ,NZD,0.7590244367138635,strong_bullish,12,1.0,2023-10-31T00:00:00+00:00,True
2023-10-31,SNB,CH,CHF,-0.0774262465569639,neutral,11,1.0,2023-10-25T08:00:00+00:00,True
2023-11-30,BOC,CA,CAD,-0.14436115631247015,neutral,12,0.9999999999999999,2023-11-24T13:30:00+00:00,True
2023-11-30,BOE,UK,GBP,-0.06458789560188949,neutral,12,1.0,2023-11-22T11:00:00+00:00,True
2023-11-30,BOJ,JP,JPY,0.6397474761017464,bullish,12,1.0,2023-11-29T23:50:00+00:00,True
2023-11-30,ECB,EU,EUR,0.059657383604397075,neutral,12,1.0,2023-11-29T10:00:00+00:00,True
2023-11-30,FED,US,USD,-0.02446557787833671,neutral,12,1.0,2023-11-15T13:30:00+00:00,True
2023-11-30,RBA,AU,AUD,0.4972962110388288,bullish,12,1.0,2023-11-16T00:00:00+00:00,True
2023-11-30,RBNZ,NZ,NZD,0.36205534604924083,bullish,12,1.0,2023-11-30T00:00:00+00:00,True
2023-11-30,SNB,CH,CHF,0.28119427893945115,bullish,11,1.0,2023-11-29T09:00:00+00:00,True
2023-12-31,BOC,CA,CAD,0.014113987122833413,neutral,12,0.9999999999999999,2023-12-21T13:30:00+00:00,True
2023-12-31,BOE,UK,GBP,-0.19148375811238788,neutral,12,1.0,2023-12-20T07:00:00+00:00,True
2023-12-31,BOJ,JP,JPY,0.5788611700518483,bullish,12,1.0,2023-12-27T23:50:00+00:00,True
2023-12-31,ECB,EU,EUR,-0.07078354482394289,neutral,12,1.0,2023-12-20T10:00:00+00:00,True
2023-12-31,FED,US,USD,-0.16830389408616048,neutral,12,1.0,2023-12-22T13:30:00+00:00,True
2023-12-31,RBA,AU,AUD,0.4201306735535946,bullish,12,1.0,2023-12-14T00:00:00+00:00,True
2023-12-31,RBNZ,NZ,NZD,0.43688497121635844,bullish,12,1.0,2023-12-21T02:00:00+00:00,True
2023-12-31,SNB,CH,CHF,0.07487894605225992,neutral,11,1.0,2023-12-27T09:00:00+00:00,True
2024-01-31,BOC,CA,CAD,-0.19697358161697326,neutral,12,0.9999999999999998,2024-01-19T13:30:00+00:00,True
2024-01-31,BOE,UK,GBP,-0.08779270010079769,neutral,12,0.9999999999999998,2024-01-24T11:00:00+00:00,True
2024-01-31,BOJ,JP,JPY,0.47467281324640936,bullish,12,1.0,2024-01-30T23:50:00+00:00,True
2024-01-31,ECB,EU,EUR,0.20160811601737738,neutral,12,1.0,2024-01-30T10:00:00+00:00,True
2024-01-31,FED,US,USD,-0.16830389408616053,neutral,12,1.0,2023-12-22T13:30:00+00:00,True
2024-01-31,RBA,AU,AUD,0.46960534136837756,bullish,12,1.0,2024-01-23T00:30:00+00:00,True
2024-01-31,RBNZ,NZ,NZD,0.14211407575618498,neutral,12,0.9999999999999999,2024-01-31T00:00:00+00:00,True
2024-01-31,SNB,CH,CHF,0.21013048991383962,neutral,11,1.0,2024-01-30T07:00:00+00:00,True
2024-02-29,BOC,CA,CAD,-0.25955872097819205,bearish,12,0.9999999999999999,2024-02-22T13:30:00+00:00,True
2024-02-29,BOE,UK,GBP,-0.3883607478373419,bearish,12,1.0,2024-02-21T11:00:00+00:00,True
2024-02-29,BOJ,JP,JPY,0.5168413409048784,bullish,12,1.0,2024-02-28T23:50:00+00:00,True
2024-02-29,ECB,EU,EUR,0.17891535004507933,neutral,12,1.0,2024-02-28T10:00:00+00:00,True
2024-02-29,FED,US,USD,-0.16830389408616048,neutral,12,1.0,2023-12-22T13:30:00+00:00,True
2024-02-29,RBA,AU,AUD,0.07558233472365071,neutral,12,1.0,2024-02-15T01:00:00+00:00,True
2024-02-29,RBNZ,NZ,NZD,0.16456707630035292,neutral,12,1.0,2024-02-29T00:00:00+00:00,True
2024-02-29,SNB,CH,CHF,-0.09269856175164003,neutral,11,1.0,2024-02-28T09:00:00+00:00,True
2024-03-31,BOC,CA,CAD,-0.12372162331066817,neutral,12,0.9999999999999999,2024-03-22T12:30:00+00:00,True
2024-03-31,BOE,UK,GBP,-0.1478164119595558,neutral,12,0.9999999999999998,2024-03-22T11:00:00+00:00,True
2024-03-31,BOJ,JP,JPY,0.600664324169116,bullish,12,1.0,2024-03-28T23:50:00+00:00,True
2024-03-31,ECB,EU,EUR,0.19622803841779893,neutral,12,1.0,2024-03-27T10:00:00+00:00,True
2024-03-31,FED,US,USD,-0.16830389408616053,neutral,12,1.0,2023-12-22T13:30:00+00:00,True
2024-03-31,RBA,AU,AUD,0.04880542832672703,neutral,12,1.0,2024-03-28T01:00:00+00:00,True
2024-03-31,RBNZ,NZ,NZD,0.2974613890369512,bullish,12,0.9999999999999999,2024-03-28T00:00:00+00:00,True
2024-03-31,SNB,CH,CHF,0.28055028042016084,bullish,11,1.0,2024-03-27T09:00:00+00:00,True
2024-04-30,BOC,CA,CAD,-0.0017305915977842113,neutral,12,0.9999999999999999,2024-04-24T12:30:00+00:00,True
2024-04-30,BOE,UK,GBP,-0.26495016631793317,bearish,12,0.9999999999999998,2024-04-24T10:00:00+00:00,True
2024-04-30,BOJ,JP,JPY,0.5531044831333862,bullish,12,1.0,2024-04-29T23:50:00+00:00,True
2024-04-30,ECB,EU,EUR,0.12945879860156148,neutral,12,1.0,2024-04-29T09:00:00+00:00,True
2024-04-30,FED,US,USD,-0.1946674412452461,neutral,12,1.0,2024-04-26T12:30:00+00:00,True
2024-04-30,RBA,AU,AUD,0.2063493887601538,neutral,12,1.0,2024-04-26T01:30:00+00:00,True
2024-04-30,RBNZ,NZ,NZD,0.37573829810182835,bullish,12,1.0,2024-04-23T22:45:00+00:00,True
2024-04-30,SNB,CH,CHF,0.13783791649008417,neutral,11,1.0,2024-04-24T08:00:00+00:00,True
2024-05-31,BOC,CA,CAD,-0.09817660799449986,neutral,12,0.9999999999999999,2024-05-28T12:30:00+00:00,True
2024-05-31,BOE,UK,GBP,-0.3805618308910482,bearish,12,0.9999999999999999,2024-05-22T06:00:00+00:00,True
2024-05-31,BOJ,JP,JPY,0.5004381556712395,bullish,12,1.0,2024-05-30T23:50:00+00:00,True
2024-05-31,ECB,EU,EUR,0.09657373579166974,neutral,12,1.0,2024-05-30T09:00:00+00:00,True
2024-05-31,FED,US,USD,-0.12457347598413639,neutral,12,1.0,2024-05-15T12:30:00+00:00,True
2024-05-31,RBA,AU,AUD,0.22146248407071403,neutral,12,1.0,2024-05-23T01:00:00+00:00,True
2024-05-31,RBNZ,NZ,NZD,0.09676494565586917,neutral,12,1.0,2024-05-29T01:00:00+00:00,True
2024-05-31,SNB,CH,CHF,0.04042868133257981,neutral,11,1.0,2024-05-30T07:00:00+00:00,True
2024-06-30,BOC,CA,CAD,-0.3399415635653465,bearish,12,0.9999999999999999,2024-06-25T12:30:00+00:00,True
2024-06-30,BOE,UK,GBP,-0.3089917776745523,bearish,12,0.9999999999999998,2024-06-24T10:00:00+00:00,True
2024-06-30,BOJ,JP,JPY,0.5150934524190361,bullish,12,1.0,2024-06-27T23:30:00+00:00,True
2024-06-30,ECB,EU,EUR,0.061315413166373095,neutral,12,1.0,2024-06-28T08:00:00+00:00,True
2024-06-30,FED,US,USD,-0.13349321297705857,neutral,12,0.9999999999999999,2024-06-28T12:30:00+00:00,True
2024-06-30,RBA,AU,AUD,0.2472273766603869,neutral,12,0.9999999999999999,2024-06-27T01:00:00+00:00,True
2024-06-30,RBNZ,NZ,NZD,0.18966706528081323,neutral,12,0.9999999999999999,2024-06-27T01:00:00+00:00,True
2024-06-30,SNB,CH,CHF,-0.14233007585190333,neutral,11,1.0,2024-06-26T08:00:00+00:00,True
2024-07-31,BOC,CA,CAD,-0.18021685758256878,neutral,12,0.9999999999999999,2024-07-19T12:30:00+00:00,True
2024-07-31,BOE,UK,GBP,-0.3854007210223445,bearish,12,0.9999999999999998,2024-07-25T10:00:00+00:00,True
2024-07-31,BOJ,JP,JPY,0.4297121900547241,bullish,12,1.0,2024-07-30T23:50:00+00:00,True
2024-07-31,ECB,EU,EUR,0.042299882050916206,neutral,12,1.0,2024-07-30T09:00:00+00:00,True
2024-07-31,FED,US,USD,-0.13349321297705857,neutral,12,1.0,2024-06-28T12:30:00+00:00,True
2024-07-31,RBA,AU,AUD,0.20215012211196964,neutral,12,1.0,2024-07-11T01:00:00+00:00,True
2024-07-31,RBNZ,NZ,NZD,0.013007123956374128,neutral,12,1.0,2024-07-21T22:45:00+00:00,True
2024-07-31,SNB,CH,CHF,-0.2749190701280248,bearish,11,0.9999999999999999,2024-07-18T06:00:00+00:00,True
2024-08-31,BOC,CA,CAD,-0.0867461732429717,neutral,12,0.9999999999999999,2024-08-23T12:30:00+00:00,True
2024-08-31,BOE,UK,GBP,-0.41643034869812184,bearish,12,1.0,2024-08-22T10:00:00+00:00,True
2024-08-31,BOJ,JP,JPY,0.4790375259508983,bullish,12,1.0,2024-08-29T23:50:00+00:00,True
2024-08-31,ECB,EU,EUR,0.18118730880720726,neutral,12,1.0,2024-08-30T09:00:00+00:00,True
2024-08-31,FED,US,USD,-0.13349321297705857,neutral,12,1.0,2024-06-28T12:30:00+00:00,True
2024-08-31,RBA,AU,AUD,0.10937243657138222,neutral,12,0.9999999999999999,2024-08-15T00:00:00+00:00,True
2024-08-31,RBNZ,NZ,NZD,0.06826894111810365,neutral,12,1.0,2024-08-29T01:00:00+00:00,True
2024-08-31,SNB,CH,CHF,-0.27820463722218675,bearish,11,1.0,2024-08-28T08:00:00+00:00,True
2024-09-30,BOC,CA,CAD,-0.4011535524304017,bearish,12,0.9999999999999999,2024-09-20T12:30:00+00:00,True
2024-09-30,BOE,UK,GBP,-0.3235428304905115,bearish,12,0.9999999999999998,2024-09-23T10:00:00+00:00,True
2024-09-30,BOJ,JP,JPY,0.600143988476397,bullish,12,1.0,2024-09-29T23:50:00+00:00,True
2024-09-30,ECB,EU,EUR,0.09442612638502824,neutral,12,1.0,2024-09-27T09:00:00+00:00,True
2024-09-30,FED,US,USD,-0.13349321297705857,neutral,12,1.0,2024-06-28T12:30:00+00:00,True
2024-09-30,RBA,AU,AUD,0.11346523756364796,neutral,12,1.0,2024-09-12T00:00:00+00:00,True
2024-09-30,RBNZ,NZ,NZD,-0.08184041301429136,neutral,12,1.0,2024-09-30T00:00:00+00:00,True
2024-09-30,SNB,CH,CHF,-0.1541620106147352,neutral,11,1.0,2024-09-25T08:00:00+00:00,True
2024-10-31,BOC,CA,CAD,-0.32862271465005827,bearish,12,1.0,2024-10-25T12:30:00+00:00,True
2024-10-31,BOE,UK,GBP,-0.44292481352914165,bearish,12,1.0,2024-10-24T10:00:00+00:00,True
2024-10-31,BOJ,JP,JPY,0.2758366575821635,bullish,12,1.0,2024-10-30T23:50:00+00:00,True
2024-10-31,ECB,EU,EUR,-0.0102431215196185,neutral,12,1.0,2024-10-30T10:00:00+00:00,True
2024-10-31,FED,US,USD,-0.13170479907954397,neutral,12,1.0,2024-10-30T12:15:00+00:00,True
2024-10-31,RBA,AU,AUD,-0.11763202485495275,neutral,12,1.0,2024-10-30T00:30:00+00:00,True
2024-10-31,RBNZ,NZ,NZD,-0.05117057023179692,neutral,12,0.9999999999999999,2024-10-31T00:00:00+00:00,True
2024-10-31,SNB,CH,CHF,-0.3154514313583712,bearish,11,1.0,2024-10-30T09:00:00+00:00,True
2024-11-30,BOC,CA,CAD,-0.4061955462782349,bearish,12,0.9999999999999998,2024-11-22T13:30:00+00:00,True
2024-11-30,BOE,UK,GBP,-0.2551923257422888,bearish,12,0.9999999999999998,2024-11-21T11:00:00+00:00,True
2024-11-30,BOJ,JP,JPY,0.43580059442537905,bullish,12,1.0,2024-11-28T23:50:00+00:00,True
2024-11-30,ECB,EU,EUR,0.10293597829472867,neutral,12,1.0,2024-11-29T09:00:00+00:00,True
2024-11-30,FED,US,USD,-0.24981110445051533,neutral,12,0.9999999999999999,2024-11-27T15:00:00+00:00,True
2024-11-30,RBA,AU,AUD,-0.13105229015338887,neutral,12,1.0,2024-11-14T00:00:00+00:00,True
2024-11-30,RBNZ,NZ,NZD,-0.36283780915528324,bearish,12,0.9999999999999999,2024-11-28T00:00:00+00:00,True
2024-11-30,SNB,CH,CHF,-0.6127861585793796,bearish,11,1.0,2024-11-29T08:00:00+00:00,True
2024-12-31,BOC,CA,CAD,-0.36546120423115147,bearish,12,1.0,2024-12-23T13:30:00+00:00,True
2024-12-31,BOE,UK,GBP,-0.37636781781042267,bearish,12,0.9999999999999998,2024-12-18T11:00:00+00:00,True
2024-12-31,BOJ,JP,JPY,0.40697479133075504,bullish,12,1.0,2024-12-27T23:50:00+00:00,True
2024-12-31,ECB,EU,EUR,0.08009278375425956,neutral,12,1.0,2024-12-18T10:00:00+00:00,True
2024-12-31,FED,US,USD,-0.14590244093215027,neutral,12,1.0,2024-12-20T13:30:00+00:00,True
2024-12-31,RBA,AU,AUD,-0.137826542348099,neutral,12,0.9999999999999999,2024-12-19T00:00:00+00:00,True
2024-12-31,RBNZ,NZ,NZD,-0.28360032229602994,bearish,12,0.9999999999999999,2024-12-20T02:00:00+00:00,True
2024-12-31,SNB,CH,CHF,-0.3477941517048303,bearish,11,1.0,2024-12-23T09:00:00+00:00,True
2025-01-31,BOC,CA,CAD,-0.2371482161691643,neutral,12,0.9999999999999998,2025-01-23T13:30:00+00:00,True
2025-01-31,BOE,UK,GBP,-0.31938951233774393,bearish,12,1.0,2025-01-23T11:00:00+00:00,True
2025-01-31,BOJ,JP,JPY,0.6305879459975346,bullish,12,1.0,2025-01-30T23:50:00+00:00,True
2025-01-31,ECB,EU,EUR,0.18089508549412825,neutral,12,1.0,2025-01-30T10:00:00+00:00,True
2025-01-31,FED,US,USD,-0.14590244093215027,neutral,12,1.0,2024-12-20T13:30:00+00:00,True
2025-01-31,RBA,AU,AUD,-0.3405915499915331,bearish,12,0.9999999999999999,2025-01-29T00:30:00+00:00,True
2025-01-31,RBNZ,NZ,NZD,-0.24926868622527665,neutral,12,1.0,2025-01-30T00:00:00+00:00,True
2025-01-31,SNB,CH,CHF,-0.5510512763060701,bearish,11,1.0,2025-01-30T07:00:00+00:00,True
2025-02-28,BOC,CA,CAD,-0.19157865819608885,neutral,12,0.9999999999999999,2025-02-21T13:30:00+00:00,True
2025-02-28,BOE,UK,GBP,-0.2967584327284372,bearish,12,1.0,2025-02-20T11:00:00+00:00,True
2025-02-28,BOJ,JP,JPY,0.6626449414817295,bullish,12,1.0,2025-02-27T23:50:00+00:00,True
2025-02-28,ECB,EU,EUR,0.07912317089440495,neutral,12,1.0,2025-02-27T10:00:00+00:00,True
2025-02-28,FED,US,USD,-0.1459024409321503,neutral,12,0.9999999999999999,2024-12-20T13:30:00+00:00,True
2025-02-28,RBA,AU,AUD,-0.33632110000700005,bearish,12,1.0,2025-02-11T00:30:00+00:00,True
2025-02-28,RBNZ,NZ,NZD,-0.3865856268209148,bearish,12,1.0,2025-02-27T00:00:00+00:00,True
2025-02-28,SNB,CH,CHF,-0.3822041421639106,bearish,11,1.0,2025-02-27T08:00:00+00:00,True
2025-03-31,BOC,CA,CAD,0.19501676139072036,neutral,12,1.0,2025-03-21T12:30:00+00:00,True
2025-03-31,BOE,UK,GBP,-0.15532683445160606,neutral,12,1.0,2025-03-26T07:00:00+00:00,True
2025-03-31,BOJ,JP,JPY,0.4135850377654217,bullish,12,1.0,2025-03-30T23:50:00+00:00,True
2025-03-31,ECB,EU,EUR,0.090740128305886,neutral,12,1.0,2025-03-28T10:00:00+00:00,True
2025-03-31,FED,US,USD,-0.14590244093215027,neutral,12,1.0,2024-12-20T13:30:00+00:00,True
2025-03-31,RBA,AU,AUD,-0.33531324650473776,bearish,12,1.0,2025-03-13T00:00:00+00:00,True
2025-03-31,RBNZ,NZ,NZD,-0.32289997304989054,bearish,12,1.0,2025-03-31T00:00:00+00:00,True
2025-03-31,SNB,CH,CHF,-0.04492589164643806,neutral,11,1.0,2025-03-26T10:00:00+00:00,True
2025-04-30,BOC,CA,CAD,0.09090526506623724,neutral,12,0.9999999999999999,2025-04-25T12:30:00+00:00,True
2025-04-30,BOE,UK,GBP,-0.1893543307898494,neutral,12,1.0,2025-04-24T10:00:00+00:00,True
2025-04-30,BOJ,JP,JPY,0.6429985599089271,bullish,12,1.0,2025-04-29T23:50:00+00:00,True
2025-04-30,ECB,EU,EUR,0.2597925134550769,bullish,12,1.0,2025-04-29T09:00:00+00:00,True
2025-04-30,FED,US,USD,-0.14590244093215027,neutral,12,1.0,2024-12-20T13:30:00+00:00,True
2025-04-30,RBA,AU,AUD,-0.23853104767071207,neutral,12,0.9999999999999999,2025-04-10T00:00:00+00:00,True
2025-04-30,RBNZ,NZ,NZD,-0.12724590547481643,neutral,12,0.9999999999999999,2025-04-23T03:00:00+00:00,True
2025-04-30,SNB,CH,CHF,-0.22264757503097457,neutral,11,1.0,2025-04-17T06:00:00+00:00,True
2025-05-31,BOC,CA,CAD,-0.045417957499913585,neutral,12,1.0,2025-05-23T12:30:00+00:00,True
2025-05-31,BOE,UK,GBP,0.08762708072228251,neutral,12,1.0,2025-05-22T10:00:00+00:00,True
2025-05-31,BOJ,JP,JPY,0.7215595131747304,bullish,12,1.0,2025-05-29T23:50:00+00:00,True
2025-05-31,ECB,EU,EUR,0.17353976135673052,neutral,12,1.0,2025-05-28T08:00:00+00:00,True
2025-05-31,FED,US,USD,-0.24052940253922855,neutral,12,1.0,2025-05-30T12:30:00+00:00,True
2025-05-31,RBA,AU,AUD,-0.08853362700237423,neutral,12,1.0,2025-05-15T01:00:00+00:00,True
2025-05-31,RBNZ,NZ,NZD,-0.238065479988878,neutral,12,1.0,2025-05-29T01:00:00+00:00,True
2025-05-31,SNB,CH,CHF,-0.313143008813236,bearish,11,1.0,2025-05-28T08:00:00+00:00,True
2025-06-30,BOC,CA,CAD,-0.31307776742137533,bearish,12,0.9999999999999999,2025-06-24T12:30:00+00:00,True
2025-06-30,BOE,UK,GBP,-0.2854625824693961,bearish,12,0.9999999999999998,2025-06-24T10:00:00+00:00,True
2025-06-30,BOJ,JP,JPY,0.3979021009690091,bullish,12,1.0,2025-06-26T23:50:00+00:00,True
2025-06-30,ECB,EU,EUR,0.11625403991566623,neutral,12,1.0,2025-06-27T09:00:00+00:00,True
2025-06-30,FED,US,USD,-0.24969346162861514,neutral,12,0.9999999999999999,2025-06-27T12:30:00+00:00,True
2025-06-30,RBA,AU,AUD,-0.022566249500302414,neutral,12,1.0,2025-06-12T01:00:00+00:00,True
2025-06-30,RBNZ,NZ,NZD,-0.25341596953822554,bearish,12,1.0,2025-06-24T22:45:00+00:00,True
2025-06-30,SNB,CH,CHF,-0.11664452302233133,neutral,11,1.0,2025-06-25T08:00:00+00:00,True
2025-07-31,BOC,CA,CAD,-0.22625044068960126,neutral,12,0.9999999999999998,2025-07-24T12:30:00+00:00,True
2025-07-31,BOE,UK,GBP,-0.23318595556797325,neutral,12,0.9999999999999998,2025-07-24T10:00:00+00:00,True
2025-07-31,BOJ,JP,JPY,0.4095826050232978,bullish,12,1.0,2025-07-30T23:50:00+00:00,True
2025-07-31,ECB,EU,EUR,0.09415314939985815,neutral,12,1.0,2025-07-30T09:00:00+00:00,True
2025-07-31,FED,US,USD,-0.24969346162861514,neutral,12,1.0,2025-06-27T12:30:00+00:00,True
2025-07-31,RBA,AU,AUD,-0.1335493191054114,neutral,12,0.9999999999999999,2025-07-30T01:30:00+00:00,True
2025-07-31,RBNZ,NZ,NZD,-0.4849935568474966,bearish,12,1.0,2025-07-30T01:00:00+00:00,True
2025-07-31,SNB,CH,CHF,-0.3157477210385394,bearish,11,1.0,2025-07-30T08:00:00+00:00,True
2025-08-31,BOC,CA,CAD,-0.5250431563132049,bearish,12,0.9999999999999999,2025-08-22T12:30:00+00:00,True
2025-08-31,BOE,UK,GBP,-0.22350371206355218,neutral,12,1.0,2025-08-21T10:00:00+00:00,True
2025-08-31,BOJ,JP,JPY,0.3609859511968327,bullish,12,1.0,2025-08-28T23:50:00+00:00,True
2025-08-31,ECB,EU,EUR,0.11345914557468602,neutral,12,1.0,2025-08-29T08:00:00+00:00,True
2025-08-31,FED,US,USD,-0.2496934616286151,neutral,12,1.0,2025-06-27T12:30:00+00:00,True
2025-08-31,RBA,AU,AUD,-0.12859549441762103,neutral,12,1.0,2025-08-12T01:30:00+00:00,True
2025-08-31,RBNZ,NZ,NZD,-0.4894339091079134,bearish,12,1.0,2025-08-28T01:00:00+00:00,True
2025-08-31,SNB,CH,CHF,-0.15395377665195034,neutral,11,1.0,2025-08-28T07:00:00+00:00,True
2025-09-30,BOC,CA,CAD,-0.5078043126714714,bearish,12,0.9999999999999999,2025-09-22T12:30:00+00:00,True
2025-09-30,BOE,UK,GBP,-0.19229768115990004,neutral,12,1.0,2025-09-23T10:00:00+00:00,True
2025-09-30,BOJ,JP,JPY,0.5004512472217144,bullish,12,1.0,2025-09-29T23:50:00+00:00,True
2025-09-30,ECB,EU,EUR,0.11092629146560538,neutral,12,1.0,2025-09-29T09:00:00+00:00,True
2025-09-30,FED,US,USD,-0.2496934616286151,neutral,12,1.0,2025-06-27T12:30:00+00:00,True
2025-09-30,RBA,AU,AUD,-0.06638924525298082,neutral,12,1.0,2025-09-11T01:00:00+00:00,True
2025-09-30,RBNZ,NZ,NZD,-0.5738991936227463,bearish,12,1.0,2025-09-30T00:00:00+00:00,True
2025-09-30,SNB,CH,CHF,-0.371318192990407,bearish,11,1.0,2025-09-24T08:00:00+00:00,True
2025-10-31,BOC,CA,CAD,-0.13002604733822332,neutral,12,0.9999999999999999,2025-10-23T12:30:00+00:00,True
2025-10-31,BOE,UK,GBP,-0.32237544488839043,bearish,12,0.9999999999999998,2025-10-23T10:00:00+00:00,True
2025-10-31,BOJ,JP,JPY,0.34896306967528445,bullish,12,1.0,2025-10-30T23:50:00+00:00,True
2025-10-31,ECB,EU,EUR,0.08852500369891037,neutral,12,1.0,2025-10-30T10:00:00+00:00,True
2025-10-31,FED,US,USD,-0.24969346162861514,neutral,12,1.0,2025-06-27T12:30:00+00:00,True
2025-10-31,RBA,AU,AUD,0.18238442434348148,neutral,12,0.9999999999999998,2025-10-29T00:30:00+00:00,True
2025-10-31,RBNZ,NZ,NZD,-0.49256760119718584,bearish,12,1.0,2025-10-30T00:00:00+00:00,True
2025-10-31,SNB,CH,CHF,-0.3129151814973731,bearish,11,1.0,2025-10-29T09:00:00+00:00,True
2025-11-30,BOC,CA,CAD,-0.47759723653154523,bearish,12,0.9999999999999998,2025-11-21T13:30:00+00:00,True
2025-11-30,BOE,UK,GBP,-0.29639088518109347,bearish,12,0.9999999999999998,2025-11-20T11:00:00+00:00,True
2025-11-30,BOJ,JP,JPY,0.6054122318326025,bullish,12,1.0,2025-11-27T23:50:00+00:00,True
2025-11-30,ECB,EU,EUR,0.07811978518964209,neutral,12,1.0,2025-11-28T09:00:00+00:00,True
2025-11-30,FED,US,USD,-0.22863127584450574,neutral,12,1.0,2025-11-25T13:30:00+00:00,True
2025-11-30,RBA,AU,AUD,0.16061522188409325,neutral,12,1.0,2025-11-13T00:00:00+00:00,True
2025-11-30,RBNZ,NZ,NZD,-0.5325913537584376,bearish,12,1.0,2025-11-27T00:00:00+00:00,True
2025-11-30,SNB,CH,CHF,-0.4474320232059512,bearish,11,1.0,2025-11-28T08:00:00+00:00,True
2025-12-31,BOC,CA,CAD,-0.021204412074688338,neutral,12,1.0,2025-12-22T13:30:00+00:00,True
2025-12-31,BOE,UK,GBP,-0.4678679407192387,bearish,12,0.9999999999999998,2025-12-17T11:00:00+00:00,True
2025-12-31,BOJ,JP,JPY,0.609601785254516,bullish,12,1.0,2025-12-25T23:50:00+00:00,True
2025-12-31,ECB,EU,EUR,0.025090564159604294,neutral,12,1.0,2025-12-18T10:00:00+00:00,True
2025-12-31,FED,US,USD,-0.23880086630418312,neutral,12,1.0,2025-12-18T13:30:00+00:00,True
2025-12-31,RBA,AU,AUD,0.2032550989154321,neutral,12,0.9999999999999999,2025-12-19T05:30:00+00:00,True
2025-12-31,RBNZ,NZ,NZD,-0.48088777622326645,bearish,12,1.0,2025-12-19T02:00:00+00:00,True
2025-12-31,SNB,CH,CHF,-0.4813841190554483,bearish,11,1.0,2025-12-23T09:00:00+00:00,True
2026-01-31,BOC,CA,CAD,-0.24435639157027692,neutral,12,1.0,2026-01-29T13:30:00+00:00,True
2026-01-31,BOE,UK,GBP,-0.2286939870601873,neutral,12,0.9999999999999998,2026-01-21T11:00:00+00:00,True
2026-01-31,BOJ,JP,JPY,0.550794820270329,bullish,12,1.0,2026-01-29T23:50:00+00:00,True
2026-01-31,ECB,EU,EUR,-0.11782958357520351,neutral,12,1.0,2026-01-30T10:00:00+00:00,True
2026-01-31,FED,US,USD,-0.2040924893805823,neutral,12,1.0,2025-12-18T13:30:00+00:00,True
2026-01-31,RBA,AU,AUD,0.096593352275532,neutral,12,1.0,2026-01-30T00:30:00+00:00,True
2026-01-31,RBNZ,NZ,NZD,-0.4847845733741858,bearish,12,0.9999999999999999,2026-01-29T00:00:00+00:00,True
2026-01-31,SNB,CH,CHF,-0.45970987724303064,bearish,11,1.0,2026-01-29T07:00:00+00:00,True
2026-02-28,BOC,CA,CAD,-0.14253692521714886,neutral,12,0.9999999999999999,2026-02-20T13:30:00+00:00,True
2026-02-28,BOE,UK,GBP,-0.5476988706344279,bearish,12,0.9999999999999998,2026-02-19T11:00:00+00:00,True
2026-02-28,BOJ,JP,JPY,0.6056412756193494,bullish,12,1.0,2026-02-26T23:50:00+00:00,True
2026-02-28,ECB,EU,EUR,-0.2952811460782426,bearish,12,1.0,2026-02-27T09:00:00+00:00,True
2026-02-28,FED,US,USD,-0.23534620720501978,neutral,12,1.0,2026-02-27T13:30:00+00:00,True
2026-02-28,RBA,AU,AUD,0.15375106770040928,neutral,12,0.9999999999999999,2026-02-19T22:00:00+00:00,True
2026-02-28,RBNZ,NZ,NZD,-0.599795735840132,bearish,12,1.0,2026-02-26T00:00:00+00:00,True
2026-02-28,SNB,CH,CHF,-0.58554759382781,bearish,11,1.0,2026-02-27T08:00:00+00:00,True
2026-03-31,BOC,CA,CAD,-0.20225606551635963,neutral,12,0.9999999999999999,2026-03-20T12:30:00+00:00,True
2026-03-31,BOE,UK,GBP,-0.5051704463060472,bearish,12,0.9999999999999999,2026-03-25T07:00:00+00:00,True
2026-03-31,BOJ,JP,JPY,0.6112548867532636,bullish,12,1.0,2026-03-30T23:50:00+00:00,True
2026-03-31,ECB,EU,EUR,-0.31435697368690735,bearish,12,1.0,2026-03-30T09:00:00+00:00,True
2026-03-31,FED,US,USD,-0.0969325065277388,neutral,12,1.0,2026-03-18T12:30:00+00:00,True
2026-03-31,RBA,AU,AUD,0.15429646123092625,neutral,12,0.9999999999999999,2026-03-12T00:00:00+00:00,True
2026-03-31,RBNZ,NZ,NZD,-0.5136890790453923,bearish,12,1.0,2026-03-31T00:00:00+00:00,True
2026-03-31,SNB,CH,CHF,-0.32974817120916566,bearish,11,1.0,2026-03-25T09:00:00+00:00,True
