central_bank_code,currency,indicator_key,indicator,indicator_category,target_families,initial_signed_weight,initial_abs_weight,avg_abs_correlation,avg_model_importance,avg_pca_score,economic_rationale,initial_normalized_abs_weight,impact_score,contribution_hit_rate,refinement_multiplier,refined_signed_weight,refined_abs_weight,refined_normalized_abs_weight,weight_change,refinement_rationale,production_signed_weight,production_abs_weight,production_weight_pct
BOC,CAD,cpi_headline_yoy,Headline CPI (YoY),Inflation,"inflation,unemployment",0.0536071623974137,0.0536071623974137,0.8306857700932573,0.1067646977476395,0.3886655144833463,"Linked to inflation, unemployment; strongest target link is inflation with Pearson 0.96. strong positive Pearson correlation (0.96); Spearman 0.90; same macro theme; PCA loading signal 0.39; model importance signal 0.09",0.0737539270897149,-0.090525911947765,0.5333333333333333,0.909474088052235,0.0487543251344559,0.0487543251344559,0.0693154573288023,-0.0044384697609125,Mostly unchanged: validation signal was neutral.,0.1145795915843609,0.1145795915843609,11.45795915843609
BOC,CAD,full_time_employment_change,Full-Time Employment Change,Labor,"gdp_growth,inflation,unemployment",0.038403658239826,0.038403658239826,0.3428640283951741,0.0075012130297498,0.2939698828103399,"Linked to gdp_growth, inflation, unemployment; strongest target link is gdp_growth with Pearson 0.80. strong positive Pearson correlation (0.80); Spearman 0.27; PCA loading signal 0.29",0.0528366077055239,0.0667946183722857,0.52,1.0667946183722858,0.0409688159360549,0.0409688159360549,0.0582465700221586,0.0054099623166346,Mostly unchanged: validation signal was neutral.,0.09628253872250864,0.09628253872250864,9.628253872250864
BOC,CAD,employment_change,Employment Change,Labor,"gdp_growth,inflation,unemployment",0.0392087324125618,0.0392087324125618,0.3241939070086081,0.0167013752616463,0.3072153942361847,"Linked to gdp_growth, inflation, unemployment; strongest target link is gdp_growth with Pearson 0.84. strong positive Pearson correlation (0.84); Spearman 0.42; PCA loading signal 0.31; model importance signal 0.05",0.0539442466698394,0.0172548812136799,0.4933333333333333,1.01725488121368,0.0398852744328795,0.0398852744328795,0.0567060672130189,0.0027618205431794,Mostly unchanged: validation signal was neutral.,0.09373606222927132,0.09373606222927132,9.373606222927132
BOC,CAD,retail_sales_yoy,Retail Sales (YoY),Growth,"gdp_growth,inflation,unemployment",0.0321505005935775,0.0321505005935775,0.2028155172539408,0.0230816589359604,0.1666807823077939,"Linked to gdp_growth, inflation, unemployment; strongest target link is gdp_growth with Pearson 0.14. weak positive Pearson correlation (0.14); Spearman 0.23; same macro theme; PCA loading signal 0.17; model importance signal 0.03",0.0442333742475977,0.0953581377419727,0.5555555555555556,1.0953581377419728,0.0352163124576532,0.0352163124576532,0.0500680667141691,0.0058346924665714,Mostly unchanged: validation signal was neutral.,0.0827633381731185,0.0827633381731185,8.27633381731185
BOC,CAD,ppi_yoy,PPI (YoY),Inflation,"gdp_growth,inflation,unemployment",0.0375476199462724,0.0375476199462724,0.2773205933637836,0.0195427559401565,0.2850960545906697,"Linked to gdp_growth, inflation, unemployment; strongest target link is inflation with Pearson 0.57. moderate positive Pearson correlation (0.57); Spearman 0.52; same macro theme; PCA loading signal 0.29; model importance signal 0.05",0.0516588511695464,-0.0708163488829401,0.4594594594594595,0.92918365111706,0.0348886345924331,0.0348886345924331,0.0496021974600749,-0.0020566537094714,Mostly unchanged: validation signal was neutral.,0.08199324862999362,0.08199324862999362,8.199324862999362
BOC,CAD,cpi_headline_mom,Headline CPI (MoM),Inflation,"gdp_growth,inflation,unemployment",0.0350635651234673,0.0350635651234673,0.2787170039778358,0.0299780265893712,0.1987183854875247,"Linked to gdp_growth, inflation, unemployment; strongest target link is inflation with Pearson 0.28. weak positive Pearson correlation (0.28); Spearman 0.25; same macro theme; PCA loading signal 0.20; model importance signal 0.04",0.0482412332600251,-0.0052995624216897,0.4722222222222222,0.9947004375783104,0.0348777435713685,0.0348777435713685,0.049586713375252,0.0013454801152268,Mostly unchanged: validation signal was neutral.,0.08196765318298298,0.08196765318298298,8.196765318298297
BOC,CAD,composite_pmi,Composite PMI,Growth,"gdp_growth,inflation,unemployment",-0.0234178008236905,0.0234178008236905,0.2509102333400957,0.0,0.0,"Linked to gdp_growth, inflation, unemployment; strongest target link is gdp_growth with Pearson -0.25. weak negative Pearson correlation (-0.25); Spearman -0.26; same macro theme",0.0322187315520969,0.4532564614046948,0.6206896551724138,1.4532564614046948,-0.0340320703589164,0.0340320703589164,0.0483843949079123,0.0161656633558154,Increased: contribution aligned with forward FX returns.,-0.07998020097173052,0.07998020097173052,7.998020097173051
BOC,CAD,services_pmi,Services PMI,Growth,"gdp_growth,inflation,unemployment",-0.0230741136195112,0.0230741136195112,0.2483185261126732,0.0020137503334054,0.0,"Linked to gdp_growth, inflation, unemployment; strongest target link is gdp_growth with Pearson -0.26. weak negative Pearson correlation (-0.26); Spearman -0.28; same macro theme; model importance signal 0.01",0.0317458790475978,0.4192048461000227,0.6,1.4192048461000226,-0.0327468938682729,0.0327468938682729,0.0465572217094011,0.0148113426618032,Increased: contribution aligned with forward FX returns.,-0.07695985360756023,0.07695985360756023,7.695985360756024
BOC,CAD,ivey_pmi_sa,Ivey PMI s.a.,Growth,"gdp_growth,inflation,unemployment",0.0330554528209785,0.0330554528209785,0.244712886346945,0.0202348018511882,0.2313669662300276,"Linked to gdp_growth, inflation, unemployment; strongest target link is gdp_growth with Pearson 0.36. weak positive Pearson correlation (0.36); Spearman 0.27; same macro theme; PCA loading signal 0.23; model importance signal 0.03",0.0454784276623748,-0.026021500042291,0.5070422535211268,0.973978499957709,0.0321953003539994,0.0321953003539994,0.0457730049943502,0.0002945773319753,Mostly unchanged: validation signal was neutral.,0.07566353047291031,0.07566353047291031,7.566353047291032
BOC,CAD,raw_materials_prices_yoy,Raw Materials Prices (YoY),Inflation,"gdp_growth,inflation,unemployment",0.0346575583837669,0.0346575583837669,0.2418171692948863,0.0,0.2611480041221345,"Linked to gdp_growth, inflation, unemployment; strongest target link is inflation with Pearson 0.40. moderate positive Pearson correlation (0.40); Spearman 0.42; same macro theme; PCA loading signal 0.26",0.047682640151593,-0.0721388300193518,0.4594594594594595,0.9278611699806482,0.0321574026706346,0.0321574026706346,0.0457191247437901,-0.0019635154078029,Mostly unchanged: validation signal was neutral.,0.0755744655321085,0.0755744655321085,7.55744655321085
BOC,CAD,manufacturing_pmi,Manufacturing PMI,Growth,"gdp_growth,inflation,unemployment",0.0386870362317645,0.0386870362317645,0.3531842144501758,0.0276737555405183,0.3679183096955488,"Linked to gdp_growth, inflation, unemployment; strongest target link is unemployment with Pearson -0.41. moderate negative Pearson correlation (-0.41); Spearman -0.40; PCA loading signal 0.37; model importance signal 0.01",0.0532264854536001,-0.219857787290809,0.4081632653061224,0.780142212709191,0.0301813900490094,0.0301813900490094,0.0429097695085837,-0.0103167159450164,Reduced: contribution moved against forward FX returns.,0.07093055509899397,0.07093055509899397,7.093055509899397
BOC,CAD,balance_of_trade,Balance of Trade,Trade,"gdp_growth,inflation,unemployment",0.037133030829142,0.037133030829142,0.3038581297669971,0.0261045536674467,0.2338486366816714,"Linked to gdp_growth, inflation, unemployment; strongest target link is unemployment with Pearson -0.36. weak negative Pearson correlation (-0.36); Spearman -0.45; PCA loading signal 0.23; model importance signal 0.05",0.0510884502352395,-0.2028115396821909,0.4189189189189189,0.797188460317809,0.0296020236736174,0.0296020236736174,0.0420860673004109,-0.0090023829348286,Reduced: contribution moved against forward FX returns.,0.06956896179446043,0.06956896179446043,6.956896179446042
BOE,GBP,retail_price_index_yoy,Retail Price Index (YoY),Inflation,"gdp_growth,inflation,unemployment",0.0443680667130784,0.0443680667130784,0.5979164054232052,0.0812440794673253,0.2535130341110903,"Linked to gdp_growth, inflation, unemployment; strongest target link is inflation with Pearson 0.90. strong positive Pearson correlation (0.90); Spearman 0.91; same macro theme; PCA loading signal 0.25; model importance signal 0.04",0.066213219855827,-0.0849188114803865,0.4533333333333333,0.9150811885196136,0.0406003832201213,0.0406003832201213,0.0655937966677931,-0.0006194231880339,Mostly unchanged: validation signal was neutral.,0.10983498535435206,0.10983498535435206,10.983498535435206
BOE,GBP,cpi_headline_yoy,Headline CPI (YoY),Inflation,"gdp_growth,inflation,unemployment",0.0425780752675698,0.0425780752675698,0.5900802416607784,0.0,0.2486118719189385,"Linked to gdp_growth, inflation, unemployment; strongest target link is inflation with Pearson 0.91. strong positive Pearson correlation (0.91); Spearman 0.93; same macro theme; PCA loading signal 0.25",0.0635419045179744,-0.0989382098298808,0.44,0.9010617901701192,0.0383654767225945,0.0383654767225945,0.061983091774307,-0.0015588127436674,Mostly unchanged: validation signal was neutral.,0.10378896058918313,0.10378896058918313,10.378896058918313
BOE,GBP,avg_earnings_excl_bonus,Average Earnings (excl. Bonus),Labor,"gdp_growth,inflation,unemployment",0.0328416291713871,0.0328416291713871,0.4113857542992002,0.0083638970834729,0.2915968584737229,"Linked to gdp_growth, inflation, unemployment; strongest target link is inflation with Pearson 0.64. moderate positive Pearson correlation (0.64); Spearman 0.61; PCA loading signal 0.29; model importance signal 0.03",0.0490116016731376,0.0578507029096446,0.5416666666666666,1.057850702909645,0.0347415405036497,0.0347415405036497,0.056128276705352,0.0071166750322144,Mostly unchanged: validation signal was neutral.,0.0939852358466136,0.0939852358466136,9.39852358466136
BOE,GBP,avg_earnings_incl_bonus,Average Earnings (incl. Bonus),Labor,"gdp_growth,inflation,unemployment",0.0353901206972915,0.0353901206972915,0.4307208343776251,0.0849819220464679,0.2454055105116915,"Linked to gdp_growth, inflation, unemployment; strongest target link is inflation with Pearson 0.62. moderate positive Pearson correlation (0.62); Spearman 0.65; PCA loading signal 0.25",0.0528148737606202,-0.0257428976766187,0.5068493150684932,0.9742571023233813,0.0344790764414179,0.0344790764414179,0.0557042409459529,0.0028893671853326,Mostly unchanged: validation signal was neutral.,0.09327519977934351,0.09327519977934351,9.327519977934351
BOE,GBP,ppi_output_yoy,PPI Output (YoY),Inflation,"gdp_growth,inflation,unemployment",0.0374723502939535,0.0374723502939535,0.4772837352190849,0.0,0.2812314370314687,"Linked to gdp_growth, inflation, unemployment; strongest target link is inflation with Pearson 0.56. moderate positive Pearson correlation (0.56); Spearman 0.47; same macro theme; PCA loading signal 0.28",0.0559223142304898,-0.1562167092191023,0.4925373134328358,0.8437832907808976,0.0316185430443266,0.0316185430443266,0.0510827760451673,-0.0048395381853225,Reduced: contribution moved against forward FX returns.,0.08553668553745208,0.08553668553745208,8.553668553745208
BOE,GBP,ppi_core_output_yoy,PPI Core Output (YoY),Inflation,"gdp_growth,inflation,unemployment",0.0367908919723467,0.0367908919723467,0.465461876657556,0.0304942787645627,0.2791065365445043,"Linked to gdp_growth, inflation, unemployment; strongest target link is inflation with Pearson 0.60. moderate positive Pearson correlation (0.60); Spearman 0.48; same macro theme; PCA loading signal 0.28; model importance signal 0.03",0.0549053316794373,-0.1465822354355998,0.4848484848484848,0.8534177645644001,0.0313980007833704,0.0313980007833704,0.0507264689595079,-0.0041788627199293,Reduced: contribution moved against forward FX returns.,0.08494005924772449,0.08494005924772449,8.494005924772448
BOE,GBP,ppi_input_yoy,PPI Input (YoY),Inflation,"gdp_growth,inflation,unemployment",0.0354253344362014,0.0354253344362014,0.4545481355448944,0.0129347318966716,0.2980000646450012,"Linked to gdp_growth, inflation, unemployment; strongest target link is inflation with Pearson 0.44. moderate positive Pearson correlation (0.44); Spearman 0.32; same macro theme; PCA loading signal 0.30",0.0528674254088916,-0.1551097788988649,0.4626865671641791,0.8448902211011351,0.0299305186443838,0.0299305186443838,0.048355611410789,-0.0045118139981026,Reduced: contribution moved against forward FX returns.,0.08097012432446282,0.08097012432446282,8.097012432446283
BOE,GBP,retail_price_index_mom,Retail Price Index (MoM),Inflation,"gdp_growth,inflation,unemployment",0.0317262422465093,0.0317262422465093,0.3360878188621005,0.0169973740847086,0.2117028743733909,"Linked to gdp_growth, inflation, unemployment; strongest target link is inflation with Pearson 0.36. weak positive Pearson correlation (0.36); Spearman 0.41; same macro theme; PCA loading signal 0.21; model importance signal 0.01",0.0473470405337297,-0.0637961372789774,0.5070422535211268,0.9362038627210224,0.0297022305408049,0.0297022305408049,0.047986790176599,0.0006397496428692,Mostly unchanged: validation signal was neutral.,0.08035254344161208,0.08035254344161208,8.035254344161208
BOE,GBP,cbi_industrial_trends_orders,CBI Industrial Trends Orders,Sentiment,"gdp_growth,inflation,unemployment",0.0345967562969614,0.0345967562969614,0.4660383235069441,0.0409992536745299,0.2788656517782382,"Linked to gdp_growth, inflation, unemployment; strongest target link is gdp_growth with Pearson 0.69. moderate positive Pearson correlation (0.69); Spearman 0.65; PCA loading signal 0.28; model importance signal 0.04",0.0516308868223443,-0.1882340873991825,0.4342105263157895,0.8117659126008175,0.028084467448431,0.028084467448431,0.0453731393949668,-0.0062577474273775,Reduced: contribution moved against forward FX returns.,0.07597605801303026,0.07597605801303026,7.597605801303025
BOE,GBP,ppi_core_output_mom,PPI Core Output (MoM),Inflation,"gdp_growth,inflation,unemployment",0.0285582229654916,0.0285582229654916,0.3158183288062273,0.0108480582746133,0.2382455068684382,"Linked to gdp_growth, inflation, unemployment; strongest target link is inflation with Pearson 0.24. weak positive Pearson correlation (0.24); Spearman 0.15; same macro theme; PCA loading signal 0.24; model importance signal 0.02",0.0426192087235668,-0.1217023916041179,0.5,0.878297608395882,0.0250826189306276,0.0250826189306276,0.0405233664202446,-0.0020958423033221,Reduced: contribution moved against forward FX returns.,0.06785524826102972,0.06785524826102972,6.7855248261029715
BOE,GBP,cpi_headline_mom,Headline CPI (MoM),Inflation,"gdp_growth,inflation,unemployment",0.0293497111139443,0.0293497111139443,0.3137581733128043,0.0,0.2016623350347221,"Linked to gdp_growth, inflation, unemployment; strongest target link is inflation with Pearson 0.35. weak positive Pearson correlation (0.35); Spearman 0.35; same macro theme; PCA loading signal 0.20",0.0438003956147082,-0.182756704214557,0.4264705882352941,0.817243295785443,0.0239858546411104,0.0239858546411104,0.0387514389630813,-0.0050489566516269,Reduced: contribution moved against forward FX returns.,0.06488820509241752,0.06488820509241752,6.488820509241752
BOE,GBP,employment_change,Employment Change,Labor,"gdp_growth,inflation,unemployment",0.0209164949195977,0.0209164949195977,0.2036140570288058,0.0070207965572845,0.0,"Linked to gdp_growth, inflation, unemployment; strongest target link is unemployment with Pearson -0.10. weak negative Pearson correlation (-0.10); Spearman -0.09; same macro theme; model importance signal 0.02",0.0312149836430978,0.0355561322179152,0.5753424657534246,1.0355561322179152,0.0216602045784943,0.0216602045784943,0.0349941291736486,0.0037791455305507,Mostly unchanged: validation signal was neutral.,0.058596694512778616,0.058596694512778616,5.8596694512778615
BOJ,JPY,coincident_index,Coincident Index,Growth,"gdp_growth,inflation,unemployment",0.0389106077992416,0.0389106077992416,0.4480574257914596,0.1086280036698598,0.2030862697210741,"Linked to gdp_growth, inflation, unemployment; strongest target link is unemployment with Pearson -0.59. moderate negative Pearson correlation (-0.59); Spearman -0.57; PCA loading signal 0.20; model importance signal 0.05",0.051422109738012,0.0035875326404333,0.4864864864864865,1.003587532640433,0.0390502008747805,0.0390502008747805,0.0559265331230794,0.0045044233850673,Mostly unchanged: validation signal was neutral.,0.10722389364680363,0.10722389364680363,10.722389364680362
BOJ,JPY,cpi_ex_food_energy_yoy,CPI Ex Food and Energy (YoY),Inflation,"gdp_growth,inflation,unemployment",0.0388172707663342,0.0388172707663342,0.4707342617995763,0.0094398985943179,0.299368559399061,"Linked to gdp_growth, inflation, unemployment; strongest target link is inflation with Pearson 0.84. strong positive Pearson correlation (0.84); Spearman 0.79; same macro theme; PCA loading signal 0.30; model importance signal 0.01",0.0512987606715171,-0.0055335783842754,0.4864864864864865,0.9944664216157244,0.038602472355885,0.038602472355885,0.0552853096906456,0.0039865490191284,Mostly unchanged: validation signal was neutral.,0.10599452237553583,0.10599452237553583,10.599452237553583
BOJ,JPY,services_pmi,S&P Global Services PMI,Growth,"gdp_growth,inflation,unemployment",0.0397740212277819,0.0397740212277819,0.5006541107363575,0.1069013274807588,0.2276024113633742,"Linked to gdp_growth, inflation, unemployment; strongest target link is gdp_growth with Pearson 0.65. moderate positive Pearson correlation (0.65); Spearman 0.14; same macro theme; PCA loading signal 0.23; model importance signal 0.02",0.0525631492278279,-0.0636836840030619,0.4933333333333333,0.936316315996938,0.0372410650283808,0.0372410650283808,0.0533355427165955,0.0007723934887675,Mostly unchanged: validation signal was neutral.,0.10225637529244198,0.10225637529244198,10.225637529244198
BOJ,JPY,cpi_index,Consumer Price Index,Inflation,"gdp_growth,inflation,unemployment",0.0356769060494593,0.0356769060494593,0.4230568741208751,0.0185300686900635,0.2118882974725932,"Linked to gdp_growth, inflation, unemployment; strongest target link is inflation with Pearson 0.73. strong positive Pearson correlation (0.73); Spearman 0.70; same macro theme; PCA loading signal 0.21; model importance signal 0.04",0.0471486281441175,-0.0111222306519061,0.5142857142857142,0.988877769348094,0.0352800992714308,0.0352800992714308,0.0505271060401503,0.0033784778960328,Mostly unchanged: validation signal was neutral.,0.09687196294479582,0.09687196294479582,9.687196294479582
BOJ,JPY,composite_pmi,S&P Global Composite PMI,Growth,"gdp_growth,inflation,unemployment",0.0351668642869841,0.0351668642869841,0.4475579730704282,0.0,0.2360756317683934,"Linked to gdp_growth, inflation, unemployment; strongest target link is gdp_growth with Pearson 0.64. moderate positive Pearson correlation (0.64); Spearman 0.15; same macro theme; PCA loading signal 0.24",0.0464745851269462,-0.119242366737642,0.410958904109589,0.880757633262358,0.0309734841586626,0.0309734841586626,0.0443593003091398,-0.0021152848178064,Reduced: contribution moved against forward FX returns.,0.08504687548084382,0.08504687548084382,8.504687548084382
BOJ,JPY,retail_sales_yoy,Retail Sales (YoY),Growth,"gdp_growth,inflation,unemployment",0.0299625870765654,0.0299625870765654,0.3799305810965481,0.010178606404059,0.0,"Linked to gdp_growth, inflation, unemployment; strongest target link is gdp_growth with Pearson 0.55. moderate positive Pearson correlation (0.55); Spearman 0.31; same macro theme; model importance signal 0.03",0.0395968998643069,-0.0151842954380454,0.581081081081081,0.9848157045619546,0.0295076263023067,0.0295076263023067,0.0422599424026312,0.0026630425383243,Mostly unchanged: validation signal was neutral.,0.08102192853126888,0.08102192853126888,8.102192853126889
BOJ,JPY,leading_economic_index,Leading Economic Index,Growth,"gdp_growth,inflation,unemployment",0.0315152305941222,0.0315152305941222,0.3432635446386152,0.0374446353471808,0.2320006974664118,"Linked to gdp_growth, inflation, unemployment; strongest target link is unemployment with Pearson -0.31. weak negative Pearson correlation (-0.31); Spearman -0.27; PCA loading signal 0.23; model importance signal 0.03",0.0416487877647929,-0.0991242967910826,0.4459459459459459,0.9008757032089174,0.028391305523271,0.028391305523271,0.0406611810742346,-0.0009876066905582,Mostly unchanged: validation signal was neutral.,0.07795673916461589,0.07795673916461589,7.795673916461589
BOJ,JPY,eco_watchers_current,Eco Watchers Survey Current,Sentiment,"gdp_growth,inflation,unemployment",0.0297907118360245,0.0297907118360245,0.4248108454022676,0.0056530914504787,0.2047005807097212,"Linked to gdp_growth, inflation, unemployment; strongest target link is gdp_growth with Pearson 0.68. moderate positive Pearson correlation (0.68); Spearman 0.38; PCA loading signal 0.20",0.0393697590412711,-0.1273734076864415,0.48,0.8726265923135584,0.0259961673520653,0.0259961673520653,0.0372309356141453,-0.0021388234271258,Reduced: contribution moved against forward FX returns.,0.0713801778464738,0.0713801778464738,7.13801778464738
BOJ,JPY,core_cpi_yoy,Core CPI (YoY),Inflation,"gdp_growth,inflation",0.0253158458159546,0.0253158458159546,0.5281973117857097,0.021460141406458,0.2359210660315635,"Linked to gdp_growth, inflation; strongest target link is inflation with Pearson 0.96. strong positive Pearson correlation (0.96); Spearman 0.94; same macro theme; PCA loading signal 0.24; model importance signal 0.04",0.0334560233131075,-0.0070485257833672,0.4794520547945205,0.9929514742166328,0.0251374064239931,0.0251374064239931,0.0360010438232518,0.0025450205101442,Mostly unchanged: validation signal was neutral.,0.06902219534300577,0.06902219534300577,6.902219534300577
BOJ,JPY,tankan_large_non_manufacturing_index,Tankan Large Non-Manufacturing Index,Sentiment,"gdp_growth,inflation,unemployment",0.0295411590458273,0.0295411590458273,0.49127734911533,0.0,0.2133580552271639,"Linked to gdp_growth, inflation, unemployment; strongest target link is unemployment with Pearson -0.59. moderate negative Pearson correlation (-0.59); Spearman -0.52; PCA loading signal 0.21",0.039039963859732,-0.154658703411702,0.44,0.845341296588298,0.0249723616905208,0.0249723616905208,0.0357646716779989,-0.0032752921817331,Reduced: contribution moved against forward FX returns.,0.06856901613899742,0.06856901613899742,6.856901613899742
BOJ,JPY,ppi_yoy,PPI (YoY),Inflation,"gdp_growth,inflation,unemployment",0.0265894256401373,0.0265894256401373,0.2454504428043555,0.0190019821381599,0.1624672141296354,"Linked to gdp_growth, inflation, unemployment; strongest target link is inflation with Pearson 0.38. weak positive Pearson correlation (0.38); Spearman 0.41; same macro theme; PCA loading signal 0.16; model importance signal 0.02",0.0351391160526796,-0.0618976745690937,0.5540540540540541,0.9381023254309062,0.0249436020248849,0.0249436020248849,0.0357234829425568,0.0005843668898772,Mostly unchanged: validation signal was neutral.,0.06849004795803083,0.06849004795803083,6.849004795803084
BOJ,JPY,tankan_non_manufacturing_outlook,Tankan Non-Manufacturing Outlook,Sentiment,"gdp_growth,inflation,unemployment",0.0290688625781807,0.0290688625781807,0.4875229653564024,0.0,0.2286753286219133,"Linked to gdp_growth, inflation, unemployment; strongest target link is unemployment with Pearson -0.50. moderate negative Pearson correlation (-0.50); Spearman -0.47; PCA loading signal 0.23",0.0384158029390518,-0.1710271989144952,0.48,0.8289728010855048,0.024097296435804,0.024097296435804,0.0345114293167188,-0.003904373622333,Reduced: contribution moved against forward FX returns.,0.06616626527718654,0.06616626527718654,6.616626527718654
ECB,EUR,cpi_headline_yoy,Headline HICP (YoY),Inflation,"gdp_growth,inflation,unemployment",0.1099239543319379,0.1099239543319379,0.4136463432288657,0.1625066356542538,0.4592560903435156,"Linked to gdp_growth, inflation, unemployment; strongest target link is inflation with Pearson 0.81. strong positive Pearson correlation (0.81); Spearman 0.85; same macro theme; PCA loading signal 0.46; model importance signal 0.40",0.2396428320469447,-0.1017394464538074,0.4533333333333333,0.8982605535461925,0.0987403520661929,0.0987403520661929,0.2217555700042883,-0.0178872620426563,Reduced: contribution moved against forward FX returns.,0.22779010083559398,0.22779010083559398,22.7790100835594
ECB,EUR,core_cpi_yoy,Core HICP (YoY),Inflation,"gdp_growth,unemployment",0.0605148664810933,0.0605148664810933,0.3493524743449995,0.039015976987036,0.3428500401250067,"Linked to gdp_growth, unemployment; strongest target link is unemployment with Pearson -0.68. moderate negative Pearson correlation (-0.68); Spearman -0.48; PCA loading signal 0.34; model importance signal 0.05",0.1319271497519122,0.0163681306216741,0.52,1.016368130621674,0.061505381720209,0.061505381720209,0.1381315814283603,0.006204431676448,Mostly unchanged: validation signal was neutral.,0.1418904916865798,0.1418904916865798,14.18904916865798
ECB,EUR,construction_output_yoy,Construction Output (YoY),Growth,"gdp_growth,inflation,unemployment",0.056797963545026,0.056797963545026,0.1635770869799424,0.0413982281315537,0.5252143092080225,"Linked to gdp_growth, inflation, unemployment; strongest target link is gdp_growth with Pearson 0.40. weak positive Pearson correlation (0.40); Spearman 0.28; same macro theme; PCA loading signal 0.53; model importance signal 0.07",0.1238240101636743,-0.0892138637536865,0.410958904109589,0.9107861362463134,0.0517307977638332,0.0517307977638332,0.1161793765653696,-0.0076446335983047,Mostly unchanged: validation signal was neutral.,0.11934091171793434,0.11934091171793434,11.934091171793435
ECB,EUR,consumer_inflation_expectation,Consumer Inflation Expectation,Inflation,"gdp_growth,inflation,unemployment",-0.0414861088775709,0.0414861088775709,0.1423450142136271,0.0196908173706432,0.5136478377762088,"Linked to gdp_growth, inflation, unemployment; strongest target link is unemployment with Pearson 0.34. weak positive Pearson correlation (0.34); Spearman 0.70; PCA loading signal 0.51; model importance signal 0.01",0.0904429674355376,0.2136051836788592,0.5866666666666667,1.2136051836788593,-0.0503477567844856,0.0503477567844856,0.1130732802805507,0.022630312845013,Increased: contribution aligned with forward FX returns.,-0.11615029068455833,0.11615029068455833,11.615029068455833
ECB,EUR,zew_economic_sentiment,ZEW Economic Sentiment Index,Sentiment,"gdp_growth,inflation,unemployment",-0.0412324582449716,0.0412324582449716,0.4375562493649128,0.0281139780545117,0.3356168132550794,"Linked to gdp_growth, inflation, unemployment; strongest target link is unemployment with Pearson 0.48. moderate positive Pearson correlation (0.48); Spearman 0.37; PCA loading signal 0.34; model importance signal 0.02",0.0898899891851098,-0.0430065639965273,0.4933333333333333,0.9569934360034726,-0.0394591918907251,0.0394591918907251,0.0886192464026296,-0.0012707427824802,Mostly unchanged: validation signal was neutral.,-0.09103080059562407,0.09103080059562407,9.103080059562407
ECB,EUR,economic_sentiment,Economic Sentiment,Sentiment,"gdp_growth,inflation,unemployment",0.0368933277779852,0.0368933277779852,0.1068620893326343,0.0566862908724148,0.4192522596323578,"Linked to gdp_growth, inflation, unemployment; strongest target link is gdp_growth with Pearson 0.27. weak positive Pearson correlation (0.27); Spearman 0.44; PCA loading signal 0.42; model importance signal 0.10",0.0804303448332537,-0.237568280974238,0.4078947368421052,0.7624317190257619,0.0281286433183501,0.0281286433183501,0.0631725854929754,-0.0172577593402783,Reduced: contribution moved against forward FX returns.,0.06489167157880962,0.06489167157880962,6.489167157880963
ECB,EUR,consumer_confidence,Consumer Confidence,Sentiment,"gdp_growth,inflation,unemployment",-0.0229449701302566,0.0229449701302566,0.3604265864869358,0.0338446352594538,0.3070804442109299,"Linked to gdp_growth, inflation, unemployment; strongest target link is gdp_growth with Pearson 0.20. weak positive Pearson correlation (0.20); Spearman 0.40; PCA loading signal 0.31; model importance signal 0.04",0.0500218324264711,0.076918084319364,0.5263157894736842,1.076918084319364,-0.024709853277441,0.024709853277441,0.0554945114494621,0.005472679022991,Mostly unchanged: validation signal was neutral.,-0.05700465768977322,0.05700465768977322,5.700465768977322
ECB,EUR,cpi_headline_mom,Headline HICP (MoM),Inflation,"gdp_growth,inflation,unemployment",0.0270834414774182,0.0270834414774182,0.1224977757676723,0.0193249605989661,0.3774808594230368,"Linked to gdp_growth, inflation, unemployment; strongest target link is inflation with Pearson 0.20. weak positive Pearson correlation (0.20); Spearman 0.20; same macro theme; PCA loading signal 0.38; model importance signal 0.02",0.0590440241771802,-0.2407782988983867,0.3661971830985915,0.7592217011016132,0.0205623365101714,0.0205623365101714,0.0461798298063216,-0.0128641943708586,Reduced: contribution moved against forward FX returns.,0.04743649996231934,0.04743649996231934,4.743649996231934
ECB,EUR,composite_pmi,Composite PMI,Growth,inflation,-0.0153157701786116,0.0153157701786116,0.2728277562399206,0.0317046417267982,0.3867684281633559,Linked to inflation; strongest target link is inflation with Pearson -0.27. weak negative Pearson correlation (-0.27); Spearman -0.20; PCA loading signal 0.39; model importance signal 0.03,0.0333895788492049,0.2725257082007937,0.5789473684210527,1.2725257082007937,-0.0194897112931784,0.0194897112931784,0.0437708793476903,0.0103813004984854,Increased: contribution aligned with forward FX returns.,-0.044961995859135254,0.044961995859135254,4.4961995859135255
ECB,EUR,services_pmi,Services PMI,Growth,inflation,-0.0130597728891119,0.0130597728891119,0.1890884041036828,0.0,0.3756753064500868,Linked to inflation; strongest target link is inflation with Pearson -0.19. weak negative Pearson correlation (-0.19); Spearman -0.20; PCA loading signal 0.38,0.0284713280199688,0.296182554665338,0.5789473684210527,1.296182554665338,-0.0169278497867581,0.0169278497867581,0.0380173343507328,0.0095460063307639,Increased: contribution aligned with forward FX returns.,-0.039051882327404086,0.039051882327404086,3.9051882327404086
ECB,EUR,unemployment_rate,Unemployment Rate,Labor,"gdp_growth,inflation",-0.011892467213239,0.011892467213239,0.4004316102792407,0.0287235507277413,0.3711035434790552,"Linked to gdp_growth, inflation; strongest target link is inflation with Pearson -0.68. moderate negative Pearson correlation (-0.68); Spearman -0.48; PCA loading signal 0.37; model importance signal 0.03",0.0259265101981324,0.0858631919913864,0.5540540540540541,1.0858631919913864,-0.0129135924088206,0.0129135924088206,0.0290019327002333,0.0030754225021008,Mostly unchanged: validation signal was neutral.,-0.029791148759354662,0.029791148759354662,2.9791148759354664
ECB,EUR,cpi_index,Consumer Price Index,Inflation,"inflation,unemployment",0.0075943976178464,0.0075943976178464,0.2137167417293044,0.0319776248073324,0.283220757098969,"Linked to inflation, unemployment; strongest target link is unemployment with Pearson -0.34. weak negative Pearson correlation (-0.34); Spearman -0.68; PCA loading signal 0.28; model importance signal 0.04",0.0165563817631196,0.179199577343727,0.58,1.1791995773437272,0.0089553104611447,0.0089553104611447,0.0201122432148635,0.0035558614517438,Increased: contribution aligned with forward FX returns.,0.020659548302913538,0.020659548302913538,2.065954830291354
FED,USD,core_pce_price_index_yoy,Core PCE Price Index (YoY),Inflation,"gdp_growth,inflation,unemployment",0.0338177576696018,0.0338177576696018,0.5462040937343144,0.0245309697460563,0.1842462934205236,"Linked to gdp_growth, inflation, unemployment; strongest target link is inflation with Pearson 0.97. strong positive Pearson correlation (0.97); Spearman 0.97; same macro theme; PCA loading signal 0.18; model importance signal 0.02",0.0379146897757035,0.1786848963317767,0.6,1.1786848963317766,0.0398604801929677,0.0398604801929677,0.0410004964488138,0.0030858066731103,Increased: contribution aligned with forward FX returns.,0.10174517220868579,0.10174517220868579,10.174517220868578
FED,USD,pce_price_index_yoy,PCE Price Index (YoY),Inflation,"gdp_growth,inflation,unemployment",0.032066575079085,0.032066575079085,0.5174606156072952,0.0,0.1851021978209598,"Linked to gdp_growth, inflation, unemployment; strongest target link is inflation with Pearson 0.94. strong positive Pearson correlation (0.94); Spearman 0.93; same macro theme; PCA loading signal 0.19",0.0359513560352249,0.1733034923212599,0.5555555555555556,1.17330349232126,0.0376238245270723,0.0376238245270723,0.0386998720648922,0.0027485160296672,Increased: contribution aligned with forward FX returns.,0.09603603587123122,0.09603603587123122,9.603603587123121
FED,USD,challenger_job_cuts,Challenger Job Cuts,Labor,"gdp_growth,inflation,unemployment",-0.0307760073811874,0.0307760073811874,0.5390707363073101,0.0158696841324651,0.1754474771620116,"Linked to gdp_growth, inflation, unemployment; strongest target link is unemployment with Pearson 0.85. strong positive Pearson correlation (0.85); Spearman 0.26; same macro theme; PCA loading signal 0.18; model importance signal 0.05",0.034504439466173,0.2224338754816088,0.6857142857142857,1.2224338754816089,-0.0376216339748355,0.0376216339748355,0.0386976188625031,0.00419317939633,Increased: contribution aligned with forward FX returns.,-0.0960304444153961,0.0960304444153961,9.603044441539609
FED,USD,avg_hourly_earnings_mom,Average Hourly Earnings (MoM),Labor,"gdp_growth,inflation,unemployment",-0.027816516082278,0.027816516082278,0.4418920825101191,0.0160324667602899,0.1916399285961332,"Linked to gdp_growth, inflation, unemployment; strongest target link is gdp_growth with Pearson -0.79. strong negative Pearson correlation (-0.79); Spearman -0.30; PCA loading signal 0.19; model importance signal 0.04",0.0311864136056676,0.2115866567615137,0.6486486486486487,1.2115866567615137,-0.0337021197228801,0.0337021197228801,0.0346660058615958,0.0034795922559282,Increased: contribution aligned with forward FX returns.,-0.08602575679976732,0.08602575679976732,8.60257567997673
FED,USD,cpi_headline_yoy,Headline CPI (YoY),Inflation,"gdp_growth,inflation,unemployment",0.0312952527000024,0.0312952527000024,0.4923434189033742,0.0134519581997755,0.196814318781092,"Linked to gdp_growth, inflation, unemployment; strongest target link is inflation with Pearson 0.93. strong positive Pearson correlation (0.93); Spearman 0.94; same macro theme; PCA loading signal 0.20",0.0350865899852198,0.0625406319524533,0.4444444444444444,1.0625406319524533,0.0332524775809723,0.0332524775809723,0.034203503880855,-0.0008830861043647,Mostly unchanged: validation signal was neutral.,0.08487803060732765,0.08487803060732765,8.487803060732766
FED,USD,ism_manufacturing_employment,ISM Manufacturing Employment,Growth,"gdp_growth,inflation,unemployment",0.0262720704770156,0.0262720704770156,0.4269073047964583,0.0,0.172621957616524,"Linked to gdp_growth, inflation, unemployment; strongest target link is gdp_growth with Pearson 0.25. weak positive Pearson correlation (0.25); Spearman 0.31; same macro theme; PCA loading signal 0.17",0.0294548624906861,0.2130449305249525,0.6666666666666666,1.2130449305249529,0.0318692019065381,0.0318692019065381,0.0327806662957881,0.0033258038051019,Increased: contribution aligned with forward FX returns.,0.08134717445541849,0.08134717445541849,8.134717445541849
FED,USD,adp_employment_change,ADP Employment Change,Labor,"gdp_growth,inflation,unemployment",0.0252209066947295,0.0252209066947295,0.5164281468457946,0.0239117161205247,0.0,"Linked to gdp_growth, inflation, unemployment; strongest target link is unemployment with Pearson -0.74. strong negative Pearson correlation (-0.74); Spearman 0.04; same macro theme; model importance signal 0.05",0.0282763529899022,0.2004471677444501,0.6285714285714286,1.20044716774445,0.0302763660096351,0.0302763660096351,0.0311422750315996,0.0028659220416974,Increased: contribution aligned with forward FX returns.,0.07728140901942747,0.07728140901942747,7.728140901942747
FED,USD,core_ppi_yoy,Core PPI (YoY),Inflation,"gdp_growth,inflation,unemployment",0.0280481159107002,0.0280481159107002,0.4313370388600848,0.0,0.173587180509985,"Linked to gdp_growth, inflation, unemployment; strongest target link is inflation with Pearson 0.79. strong positive Pearson correlation (0.79); Spearman 0.73; same macro theme; PCA loading signal 0.17",0.0314460711421762,0.0736186189677954,0.4444444444444444,1.0736186189677954,0.0301129794686946,0.0301129794686946,0.0309742156088535,-0.0004718555333226,Mostly unchanged: validation signal was neutral.,0.07686435955930819,0.07686435955930819,7.686435955930819
FED,USD,government_payrolls,Government Payrolls,Labor,"gdp_growth,inflation,unemployment",0.0272414042907323,0.0272414042907323,0.5178169433534426,0.0045927743082387,0.0,"Linked to gdp_growth, inflation, unemployment; strongest target link is unemployment with Pearson -0.92. strong negative Pearson correlation (-0.92); Spearman -0.49; same macro theme; model importance signal 0.01",0.0305416285381347,0.0957119007294335,0.5945945945945946,1.0957119007294336,0.0298487308739373,0.0298487308739373,0.0307024094610474,0.0001607809229126,Mostly unchanged: validation signal was neutral.,0.07618985642614653,0.07618985642614653,7.618985642614653
FED,USD,consumer_inflation_expectations,Consumer Inflation Expectations,Inflation,"gdp_growth,inflation,unemployment",0.0301243378304833,0.0301243378304833,0.4372666465708443,0.0233980433821301,0.2019174675314049,"Linked to gdp_growth, inflation, unemployment; strongest target link is inflation with Pearson 0.87. strong positive Pearson correlation (0.87); Spearman 0.89; same macro theme; PCA loading signal 0.20; model importance signal 0.07",0.0337738218689741,-0.0093298997729406,0.4594594594594595,0.9906701002270594,0.0298432807777987,0.0298432807777987,0.0306968034912675,-0.0030770183777066,Mostly unchanged: validation signal was neutral.,0.07617594487848099,0.07617594487848099,7.617594487848099
FED,USD,ppi_yoy,PPI (YoY),Inflation,"gdp_growth,inflation,unemployment",0.0270190124886076,0.0270190124886076,0.4073158597015374,0.016021166046589,0.1788593287047309,"Linked to gdp_growth, inflation, unemployment; strongest target link is inflation with Pearson 0.72. strong positive Pearson correlation (0.72); Spearman 0.66; same macro theme; PCA loading signal 0.18; model importance signal 0.05",0.0302922945560122,0.0777118071118918,0.4722222222222222,1.077711807111892,0.0291187087754761,0.0291187087754761,0.0299515086111175,-0.0003407859448946,Mostly unchanged: validation signal was neutral.,0.07432645127486627,0.07432645127486627,7.432645127486627
FED,USD,manufacturing_payrolls,Manufacturing Payrolls,Labor,"gdp_growth,inflation,unemployment",0.0261637375781504,0.0261637375781504,0.4949633334407852,0.0,0.0,"Linked to gdp_growth, inflation, unemployment; strongest target link is gdp_growth with Pearson 0.72. strong positive Pearson correlation (0.72); Spearman 0.52",0.0293334053469835,0.0945674570606978,0.5675675675675675,1.0945674570606978,0.0286379757081195,0.0286379757081195,0.0294570264993726,0.0001236211523891,Mostly unchanged: validation signal was neutral.,0.07309936448394407,0.07309936448394407,7.3099364483944065
RBA,AUD,cpi_headline_qoq,Headline CPI (QoQ),Inflation,"gdp_growth,inflation,unemployment",0.0400123339268463,0.0400123339268463,0.5856037209021868,0.0464949406273949,0.2075938071214254,"Linked to gdp_growth, inflation, unemployment; strongest target link is gdp_growth with Pearson 0.82. strong positive Pearson correlation (0.82); Spearman 0.58; PCA loading signal 0.21; model importance signal 0.10",0.0545572005518454,-0.0604323156484087,0.6,0.9395676843515912,0.0375942959331496,0.0375942959331496,0.0581798582784205,0.003622657726575,Mostly unchanged: validation signal was neutral.,0.10592582498531102,0.10592582498531102,10.592582498531101
RBA,AUD,rba_trimmed_mean_cpi_qoq,RBA Trimmed Mean CPI (QoQ),Inflation,"gdp_growth,inflation,unemployment",0.043711436451564,0.043711436451564,0.692920027277466,0.0,0.2827402185054314,"Linked to gdp_growth, inflation, unemployment; strongest target link is inflation with Pearson 0.91. strong positive Pearson correlation (0.91); Spearman 0.89; same macro theme; PCA loading signal 0.28",0.0596009622747138,-0.2041397034033431,0.4166666666666667,0.7958602965966569,0.0347881967790076,0.0347881967790076,0.0538372194006108,-0.005763742874103,Reduced: contribution moved against forward FX returns.,0.09801934980030887,0.09801934980030887,9.801934980030886
RBA,AUD,rba_weighted_median_cpi_yoy,RBA Weighted Median CPI (YoY),Inflation,"gdp_growth,inflation,unemployment",0.0416986835421516,0.0416986835421516,0.65902313075964,0.0085312468110721,0.2612950537863377,"Linked to gdp_growth, inflation, unemployment; strongest target link is inflation with Pearson 0.87. strong positive Pearson correlation (0.87); Spearman 0.88; same macro theme; PCA loading signal 0.26",0.0568565544043585,-0.1859741530954435,0.391304347826087,0.8140258469045565,0.033943806185205,0.033943806185205,0.0525304646427501,-0.0043260897616083,Reduced: contribution moved against forward FX returns.,0.09564019179140705,0.09564019179140705,9.564019179140706
RBA,AUD,producer_price_index_yoy,Producer Price Index (YoY),Inflation,"gdp_growth,inflation,unemployment",0.0450553928595812,0.0450553928595812,0.7152894238466954,0.0541844523281902,0.2956188215830626,"Linked to gdp_growth, inflation, unemployment; strongest target link is inflation with Pearson 0.87. strong positive Pearson correlation (0.87); Spearman 0.88; same macro theme; PCA loading signal 0.30; model importance signal 0.03",0.0614334597096095,-0.2491765909832963,0.4166666666666667,0.7508234090167036,0.0338286436614176,0.0338286436614176,0.0523522424112486,-0.0090812172983609,Reduced: contribution moved against forward FX returns.,0.09531570944543462,0.09531570944543462,9.531570944543462
RBA,AUD,producer_price_index_qoq,Producer Price Index (QoQ),Inflation,"gdp_growth,inflation,unemployment",0.0408671169500009,0.0408671169500009,0.6453622961961266,0.0220080476472785,0.2564639821788557,"Linked to gdp_growth, inflation, unemployment; strongest target link is inflation with Pearson 0.65. moderate positive Pearson correlation (0.65); Spearman 0.65; same macro theme; PCA loading signal 0.26; model importance signal 0.03",0.0557227053911237,-0.1767061164901606,0.5,0.8232938835098393,0.0336456474216171,0.0336456474216171,0.0520690426589241,-0.0036536627321996,Reduced: contribution moved against forward FX returns.,0.09480009857445179,0.09480009857445179,9.480009857445179
RBA,AUD,rba_weighted_median_cpi_qoq,RBA Weighted Median CPI (QoQ),Inflation,"gdp_growth,inflation,unemployment",0.0439751660633483,0.0439751660633483,0.692873555985989,0.0262460587658588,0.2903748810399528,"Linked to gdp_growth, inflation, unemployment; strongest target link is inflation with Pearson 0.92. strong positive Pearson correlation (0.92); Spearman 0.90; same macro theme; PCA loading signal 0.29; model importance signal 0.01",0.0599605601264134,-0.2554390780045036,0.3478260869565217,0.7445609219954964,0.0327421901890317,0.0327421901890317,0.0506708780584778,-0.0092896820679355,Reduced: contribution moved against forward FX returns.,0.09225451418923739,0.09225451418923739,9.225451418923738
RBA,AUD,rba_trimmed_mean_cpi_yoy,RBA Trimmed Mean CPI (YoY),Inflation,"inflation,unemployment",0.035904596074869,0.035904596074869,0.877483839351947,0.0117807476223452,0.2722453031235465,"Linked to inflation, unemployment; strongest target link is inflation with Pearson 0.93. strong positive Pearson correlation (0.93); Spearman 0.90; same macro theme; PCA loading signal 0.27; model importance signal 0.02",0.0489562606463036,-0.1820586337884314,0.375,0.8179413662115685,0.0293678543667528,0.0293678543667528,0.0454488523481659,-0.0035074082981376,Reduced: contribution moved against forward FX returns.,0.08274697330090786,0.08274697330090786,8.274697330090785
RBA,AUD,commodity_prices_yoy,Commodity Prices (YoY),Inflation,"gdp_growth,inflation,unemployment",0.0243150608532282,0.0243150608532282,0.2161822610401935,0.0080773408086815,0.2512596353643246,"Linked to gdp_growth, inflation, unemployment; strongest target link is inflation with Pearson 0.51. moderate positive Pearson correlation (0.51); Spearman 0.34; same macro theme; PCA loading signal 0.25; model importance signal 0.02",0.0331538183657374,-0.0012880210684563,0.4807692307692308,0.9987119789315436,0.0242837425425685,0.0242837425425685,0.0375808261473649,0.0044270077816274,Mostly unchanged: validation signal was neutral.,0.0684219613296256,0.0684219613296256,6.84219613296256
RBA,AUD,manufacturing_pmi,Manufacturing PMI,Growth,"gdp_growth,inflation,unemployment",0.0243728626962702,0.0243728626962702,0.1675272109548801,0.0115324598417914,0.3076420442377799,"Linked to gdp_growth, inflation, unemployment; strongest target link is gdp_growth with Pearson 0.04. weak positive Pearson correlation (0.04); Spearman 0.20; same macro theme; PCA loading signal 0.31; model importance signal 0.02",0.0332326317323577,-0.0168472410885754,0.603448275862069,0.9831527589114244,0.0239622472024074,0.0239622472024074,0.0370832891443843,0.0038506574120266,Mostly unchanged: validation signal was neutral.,0.06751611488962166,0.06751611488962166,6.7516114889621655
RBA,AUD,consumer_inflation_expectation,Consumer Inflation Expectation,Inflation,"gdp_growth,inflation,unemployment",0.0257081928874545,0.0257081928874545,0.5252616947094345,0.013644406586261,0.2264625412710353,"Linked to gdp_growth, inflation, unemployment; strongest target link is inflation with Pearson 0.72. strong positive Pearson correlation (0.72); Spearman 0.68; same macro theme; PCA loading signal 0.23; model importance signal 0.01",0.0350533672379788,-0.076015315306459,0.5,0.923984684693541,0.0237539764991554,0.0237539764991554,0.0367609753545399,0.0017076081165611,Mostly unchanged: validation signal was neutral.,0.06692929059847205,0.06692929059847205,6.692929059847205
RBA,AUD,services_pmi,Services PMI,Growth,"gdp_growth,inflation,unemployment",0.0253014920925555,0.0253014920925555,0.2487440762883005,0.0095080796756483,0.2662468412842586,"Linked to gdp_growth, inflation, unemployment; strongest target link is gdp_growth with Pearson 0.11. weak positive Pearson correlation (0.11); Spearman 0.19; same macro theme; PCA loading signal 0.27; model importance signal 0.03",0.0344988268087085,-0.0622974649247385,0.559322033898305,0.9377025350752616,0.023725273276376,0.023725273276376,0.0367165550670471,0.0022177282583386,Mostly unchanged: validation signal was neutral.,0.06684841629354953,0.06684841629354953,6.684841629354953
RBA,AUD,nab_business_confidence,NAB Business Confidence,Sentiment,"gdp_growth,inflation,unemployment",0.0221979056061313,0.0221979056061313,0.2371215911903376,0.0033822962747889,0.1734472765812273,"Linked to gdp_growth, inflation, unemployment; strongest target link is inflation with Pearson 0.48. moderate positive Pearson correlation (0.48); Spearman 0.37; PCA loading signal 0.17; model importance signal 0.01",0.030267056907972,0.0485516042417281,0.5352112676056338,1.0485516042417282,0.0232756495341154,0.0232756495341154,0.0360207302097376,0.0057536733017655,Mostly unchanged: validation signal was neutral.,0.06558155480167249,0.06558155480167249,6.558155480167249
RBNZ,NZD,labour_cost_index_qoq,Labour Cost Index (QoQ),Labor,"gdp_growth,inflation,unemployment",0.0578784331686424,0.0578784331686424,0.6054194982913388,0.0258528800078136,0.3532126742276502,"Linked to gdp_growth, inflation, unemployment; strongest target link is unemployment with Pearson -0.64. moderate negative Pearson correlation (-0.64); Spearman -0.66; same macro theme; PCA loading signal 0.35; model importance signal 0.01",0.154841538899597,-0.1167336552444098,0.375,0.8832663447555901,0.0511220721050475,0.0511220721050475,0.1467486498096261,-0.0080928890899709,Reduced: contribution moved against forward FX returns.,0.147087400628466,0.147087400628466,14.708740062846601
RBNZ,NZD,cpi_headline_qoq,Headline CPI (QoQ),Inflation,"gdp_growth,inflation,unemployment",0.0471236561882754,0.0471236561882754,0.6309591173873219,0.1597451194917928,0.3694991761884383,"Linked to gdp_growth, inflation, unemployment; strongest target link is inflation with Pearson 0.75. strong positive Pearson correlation (0.75); Spearman 0.72; same macro theme; PCA loading signal 0.37; model importance signal 0.05",0.1260694017322039,0.023982239632774,0.52,1.023982239632774,0.0482537870033551,0.0482537870033551,0.1385150835903715,0.0124456818581676,Mostly unchanged: validation signal was neutral.,0.13883482825615726,0.13883482825615726,13.883482825615726
RBNZ,NZD,labour_cost_index_yoy,Labour Cost Index (YoY),Labor,"gdp_growth,inflation,unemployment",0.0520520325610914,0.0520520325610914,0.5207101119296946,0.0193690001337467,0.3190101702958986,"Linked to gdp_growth, inflation, unemployment; strongest target link is unemployment with Pearson -0.56. moderate negative Pearson correlation (-0.56); Spearman -0.57; same macro theme; PCA loading signal 0.32; model importance signal 0.03",0.1392542331117907,-0.156992942097589,0.375,0.8430070579024109,0.0438802308271661,0.0438802308271661,0.1259605560195121,-0.0132936770922786,Reduced: contribution moved against forward FX returns.,0.12625132013590057,0.12625132013590057,12.625132013590058
RBNZ,NZD,balance_of_trade,Balance of Trade,Growth,"inflation,unemployment",-0.0438578341404135,0.0438578341404135,0.4435883992091451,0.0464032468198929,0.227155757833053,"Linked to inflation, unemployment; strongest target link is inflation with Pearson -0.50. moderate negative Pearson correlation (-0.50); Spearman -0.37; PCA loading signal 0.23; model importance signal 0.06",0.1173323837450418,-0.0645879108696899,0.4933333333333333,0.93541208913031,-0.0410251482580148,0.0410251482580148,0.1177648883780083,0.0004325046329664,Mostly unchanged: validation signal was neutral.,-0.11803673382544771,0.11803673382544771,11.80367338254477
RBNZ,NZD,participation_rate,Labor Force Participation Rate,Labor,"gdp_growth,inflation,unemployment",0.044673495360336,0.044673495360336,0.5043308617834614,0.0276916595019425,0.3646882570921226,"Linked to gdp_growth, inflation, unemployment; strongest target link is inflation with Pearson 0.69. moderate positive Pearson correlation (0.69); Spearman 0.72; PCA loading signal 0.36; model importance signal 0.01",0.1195145132810216,-0.0846580673685709,0.4166666666666667,0.915341932631429,0.0408915235805311,0.0408915235805311,0.1173813115745939,-0.0021332017064277,Mostly unchanged: validation signal was neutral.,0.11765227158317967,0.11765227158317967,11.765227158317968
RBNZ,NZD,exports,Exports,Growth,"gdp_growth,inflation,unemployment",0.0365675108060543,0.0365675108060543,0.1611131017697592,0.0192357574655773,0.3726955334793356,"Linked to gdp_growth, inflation, unemployment; strongest target link is gdp_growth with Pearson 0.14. weak positive Pearson correlation (0.14); Spearman 0.23; same macro theme; PCA loading signal 0.37; model importance signal 0.04",0.0978286615057295,-0.0127791012506634,0.48,0.9872208987493364,0.036100210882979,0.036100210882979,0.1036275915036099,0.0057989299978803,Mostly unchanged: validation signal was neutral.,0.10386680277759268,0.10386680277759268,10.386680277759268
RBNZ,NZD,employment_change_qoq,Employment Change (QoQ),Labor,"gdp_growth,inflation,unemployment",0.0330533022073829,0.0330533022073829,0.347485914784761,0.0567165616180867,0.4463998715192521,"Linked to gdp_growth, inflation, unemployment; strongest target link is unemployment with Pearson -0.45. moderate negative Pearson correlation (-0.45); Spearman -0.38; same macro theme; PCA loading signal 0.45; model importance signal 0.02",0.0884271376972499,-0.0765655312326836,0.4090909090909091,0.9234344687673164,0.0305225585648802,0.0305225585648802,0.0876166413780627,-0.0008104963191871,Mostly unchanged: validation signal was neutral.,0.0878188933854871,0.0878188933854871,8.781889338548709
RBNZ,NZD,business_confidence,Business Confidence,Growth,"gdp_growth,inflation,unemployment",-0.0225399022827005,0.0225399022827005,0.4591724134905908,0.0368354623773723,0.3009365416206782,"Linked to gdp_growth, inflation, unemployment; strongest target link is unemployment with Pearson 0.72. strong positive Pearson correlation (0.72); Spearman 0.68; PCA loading signal 0.30; model importance signal 0.04",0.0603007539255707,0.0050587768225178,0.5540540540540541,1.005058776822518,-0.0226539266179501,0.0226539266179501,0.0650293113557558,0.004728557430185,Mostly unchanged: validation signal was neutral.,-0.06517942334996439,0.06517942334996439,6.517942334996439
RBNZ,NZD,unemployment_rate,Unemployment Rate,Labor,"gdp_growth,inflation",-0.0138275286158981,0.0138275286158981,0.594177756027507,0.075676164481863,0.3784887413353238,"Linked to gdp_growth, inflation; strongest target link is inflation with Pearson -0.80. strong negative Pearson correlation (-0.80); Spearman -0.76; PCA loading signal 0.38; model importance signal 0.13",0.0369926359931921,-0.1325144843316439,0.5,0.8674855156683561,-0.0119951807917813,0.0119951807917813,0.0344328098008077,-0.0025598261923844,Reduced: contribution moved against forward FX returns.,-0.03451229361568494,0.03451229361568494,3.451229361568494
RBNZ,NZD,credit_card_spending_yoy,Credit Card Spending (YoY),Growth,"gdp_growth,inflation,unemployment",0.0085465090645354,0.0085465090645354,0.1647082371133109,0.0232184955955724,0.2952980474629851,"Linked to gdp_growth, inflation, unemployment; strongest target link is gdp_growth with Pearson -0.10. weak negative Pearson correlation (-0.10); Spearman -0.10; same macro theme; PCA loading signal 0.30; model importance signal 0.03",0.0228643821769694,0.0200394139328831,0.5396825396825397,1.0200394139328832,0.0087177760973608,0.0087177760973608,0.0250248438482997,0.0021604616713302,Mostly unchanged: validation signal was neutral.,0.02508261055590445,0.02508261055590445,2.5082610555904448
RBNZ,NZD,cpi_headline_yoy,Headline CPI (YoY),Inflation,"gdp_growth,unemployment",0.0089108810083887,0.0089108810083887,0.6522158992530557,0.0297150450364548,0.3671195894021882,"Linked to gdp_growth, unemployment; strongest target link is unemployment with Pearson -0.80. strong negative Pearson correlation (-0.80); Spearman -0.76; PCA loading signal 0.37; model importance signal 0.03",0.0238391824510833,-0.0885520005367538,0.44,0.9114479994632462,0.0081218046685509,0.0081218046685509,0.0233140758981419,-0.0005251065529413,Mostly unchanged: validation signal was neutral.,0.023367893512895036,0.023367893512895036,2.3367893512895037
RBNZ,NZD,capacity_utilization,Capacity Utilization,Growth,"gdp_growth,inflation,unemployment",0.0039572103253784,0.0039572103253784,0.1792661999831315,0.0283277634671217,0.4462103334839835,"Linked to gdp_growth, inflation, unemployment; strongest target link is gdp_growth with Pearson -0.20. weak negative Pearson correlation (-0.20); Spearman -0.24; same macro theme; PCA loading signal 0.45; model importance signal 0.03",0.010586681480226,0.0811482647580567,0.64,1.0811482647580568,0.0042783310765655,0.0042783310765655,0.0122811788151788,0.0016944973349528,Mostly unchanged: validation signal was neutral.,0.012309528373320252,0.012309528373320252,1.230952837332025
SNB,CHF,producer_import_prices_yoy,Producer & Import Prices (YoY),Inflation,"gdp_growth,inflation,unemployment",0.1188638136623743,0.1188638136623743,0.4526325956728032,0.0627465875559394,0.3653700866721592,"Linked to gdp_growth, inflation, unemployment; strongest target link is inflation with Pearson 0.74. strong positive Pearson correlation (0.74); Spearman 0.74; same macro theme; PCA loading signal 0.37; model importance signal 0.11",0.1876432788360071,-0.0604243449299612,0.4666666666666667,0.9395756550700388,0.1116815455859484,0.1116815455859484,0.1818383828365504,-0.0058048959994567,Mostly unchanged: validation signal was neutral.,0.18183838283655054,0.18183838283655054,18.183838283655053
SNB,CHF,balance_of_trade,Balance of Trade,Growth,"gdp_growth,inflation,unemployment",-0.0855801148316991,0.0855801148316991,0.1944530078439847,0.1300884448207719,0.2539915897582966,"Linked to gdp_growth, inflation, unemployment; strongest target link is gdp_growth with Pearson -0.21. weak negative Pearson correlation (-0.21); Spearman -0.24; same macro theme; PCA loading signal 0.25; model importance signal 0.33",0.1351002702621955,0.0874696697494561,0.5333333333333333,1.087469669749456,-0.0930657792131483,0.0930657792131483,0.1515284436721796,0.0164281734099841,Mostly unchanged: validation signal was neutral.,-0.15152844367217969,0.15152844367217969,15.152844367217968
SNB,CHF,cpi_headline_yoy,Headline CPI (YoY),Inflation,"gdp_growth,unemployment",0.0905546237585496,0.0905546237585496,0.4914468860634773,0.1611666752137849,0.5163344998946099,"Linked to gdp_growth, unemployment; strongest target link is unemployment with Pearson -0.87. strong negative Pearson correlation (-0.87); Spearman -0.90; PCA loading signal 0.52; model importance signal 0.28",0.1429532335558399,-0.0205745651191778,0.4931506849315068,0.979425434880822,0.0886915017551866,0.0886915017551866,0.1444063042456439,0.0014530706898039,Mostly unchanged: validation signal was neutral.,0.14440630424564393,0.14440630424564393,14.440630424564393
SNB,CHF,unemployment_rate,Unemployment Rate,Labor,"gdp_growth,inflation",-0.0707316624874391,0.0707316624874391,0.4612377700717397,0.0428912259196567,0.4832177752201831,"Linked to gdp_growth, inflation; strongest target link is inflation with Pearson -0.87. strong negative Pearson correlation (-0.87); Spearman -0.90; PCA loading signal 0.48; model importance signal 0.04",0.1116598959576052,0.0193820670552312,0.4729729729729729,1.0193820670552312,-0.0721025883126986,0.0721025883126986,0.1173964596238565,0.0057365636662513,Mostly unchanged: validation signal was neutral.,-0.11739645962385653,0.11739645962385653,11.739645962385653
SNB,CHF,economic_sentiment_index,Economic Sentiment Index,Sentiment,"gdp_growth,inflation,unemployment",-0.0709939613611711,0.0709939613611711,0.5205746210066412,0.0428397878421625,0.4509574005699118,"Linked to gdp_growth, inflation, unemployment; strongest target link is unemployment with Pearson 0.71. strong positive Pearson correlation (0.71); Spearman 0.68; PCA loading signal 0.45; model importance signal 0.04",0.1120739716900385,0.0044430496354858,0.4459459459459459,1.004443049635486,-0.0713093910553186,0.0713093910553186,0.1161049865716558,0.0040310148816173,Mostly unchanged: validation signal was neutral.,-0.11610498657165591,0.11610498657165591,11.610498657165591
SNB,CHF,cpi_headline_mom,Headline CPI (MoM),Inflation,"gdp_growth,inflation,unemployment",0.0867072488207243,0.0867072488207243,0.2857690063032573,0.0238242965440426,0.3152657194908059,"Linked to gdp_growth, inflation, unemployment; strongest target link is inflation with Pearson 0.43. moderate positive Pearson correlation (0.43); Spearman 0.38; same macro theme; PCA loading signal 0.32; model importance signal 0.01",0.1368796100870892,-0.2115908728810082,0.4035087719298245,0.7884091271189918,0.0683607863576365,0.0683607863576365,0.1113041082614775,-0.0255755018256116,Reduced: contribution moved against forward FX returns.,0.11130410826147762,0.11130410826147762,11.130410826147761
SNB,CHF,producer_import_prices_mom,Producer & Import Prices (MoM),Inflation,"gdp_growth,inflation,unemployment",0.0567445227297374,0.0567445227297374,0.2415187321790883,0.0371202807272255,0.526690470992808,"Linked to gdp_growth, inflation, unemployment; strongest target link is gdp_growth with Pearson 0.50. moderate positive Pearson correlation (0.50); Spearman 0.47; PCA loading signal 0.53; model importance signal 0.05",0.0895792249375114,-0.0921411839026364,0.4626865671641791,0.9078588160973636,0.0515160152254293,0.0515160152254293,0.0838776796079172,-0.0057015453295941,Mostly unchanged: validation signal was neutral.,0.08387767960791721,0.08387767960791721,8.387767960791722
SNB,CHF,gdp_qoq,GDP (QoQ),Growth,"inflation,unemployment",0.0274263279855216,0.0274263279855216,0.0838782840852057,0.03790051217251,0.3555178139913145,"Linked to inflation, unemployment; strongest target link is inflation with Pearson 0.11. weak positive Pearson correlation (0.11); Spearman 0.20; PCA loading signal 0.36; model importance signal 0.02",0.0432963233390187,0.2754212898338637,0.5454545454545454,1.2754212898338635,0.0349801226147006,0.0349801226147006,0.0569541627876764,0.0136578394486577,Increased: contribution aligned with forward FX returns.,0.05695416278767639,0.05695416278767639,5.695416278767639
SNB,CHF,consumer_confidence,Consumer Confidence,Sentiment,"gdp_growth,inflation,unemployment",-0.0168480491512715,0.0168480491512715,0.2443259675347147,0.0223321879491975,0.3980104573305943,"Linked to gdp_growth, inflation, unemployment; strongest target link is gdp_growth with Pearson 0.29. weak positive Pearson correlation (0.29); Spearman 0.37; PCA loading signal 0.40; model importance signal 0.01",0.0265970196254567,-0.1978686418345274,0.4651162790697674,0.8021313581654725,-0.0135143485481481,0.0135143485481481,0.0220038796221129,-0.0045931400033437,Reduced: contribution moved against forward FX returns.,-0.022003879622113014,0.022003879622113014,2.2003879622113014
SNB,CHF,retail_sales_mom,Retail Sales (MoM),Growth,"gdp_growth,inflation,unemployment",0.0067216904795037,0.0067216904795037,0.2529289500444565,0.0349363003926506,0.7011432682807085,"Linked to gdp_growth, inflation, unemployment; strongest target link is gdp_growth with Pearson 0.65. moderate positive Pearson correlation (0.65); Spearman 0.29; same macro theme; PCA loading signal 0.70; model importance signal 0.05",0.0106111355679488,0.0327234724774773,0.5,1.0327234724774772,0.0069416475329119,0.0069416475329119,0.0113022966774275,0.0006911611094787,Mostly unchanged: validation signal was neutral.,0.011302296677427484,0.011302296677427484,1.1302296677427484
SNB,CHF,retail_sales_yoy,Retail Sales (YoY),Growth,"gdp_growth,inflation,unemployment",-0.0022842662450624,0.0022842662450624,0.282056075287883,0.027485874723019,0.5032961671292822,"Linked to gdp_growth, inflation, unemployment; strongest target link is gdp_growth with Pearson 0.52. moderate positive Pearson correlation (0.52); Spearman 0.42; same macro theme; PCA loading signal 0.50; model importance signal 0.03",0.0036060361412887,-0.1172063857200648,0.4383561643835616,0.8827936142799352,-0.0020165356544563,0.0020165356544563,0.0032832960935017,-0.0003227400477869,Reduced: contribution moved against forward FX returns.,-0.003283296093501721,0.003283296093501721,0.3283296093501721
