central_bank_code,country,indicator_key,indicator,primary_category,frequency,importance,observations,mean,median,std,min,max,skew,first_date,last_date,outlier_iqr_count,range
BOC,CA,budget_balance,Budget Balance,Growth,monthly,3,74,-7.862256756756757,-3.7750000000000004,12.304900932578455,-44.41,9.53,-1.3965631641084157,2019-11-01,2026-01-01,0,53.94
BOC,CA,composite_pmi,Composite PMI,Growth,monthly,2,29,47.02068965517241,47.0,2.3496776846356773,41.7,51.5,-0.26725173376271105,2023-10-01,2026-03-01,0,9.799999999999997
BOC,CA,gdp_mom,GDP (MoM),Growth,monthly,1,71,0.13661971830985917,0.2,1.9532565800748336,-11.6,6.5,-3.2415409039108773,2019-11-01,2026-02-01,5,18.1
BOC,CA,ivey_pmi,Ivey PMI,Growth,monthly,2,4,52.275,51.4,3.0203476621077905,49.7,56.6,1.4801861897779998,2025-12-01,2026-03-01,0,6.899999999999999
BOC,CA,ivey_pmi_nsa,Ivey PMI n.s.a.,Growth,monthly,3,4,50.775,51.65,6.669020417822495,43.3,56.5,-0.258862437941347,2025-12-01,2026-03-01,0,13.200000000000003
BOC,CA,ivey_pmi_sa,Ivey PMI s.a.,Growth,monthly,2,72,55.07222222222222,54.4,9.172251819639468,22.8,74.2,-0.7629032309194596,2019-12-01,2025-11-01,1,51.400000000000006
BOC,CA,manufacturing_pmi,Manufacturing PMI,Growth,monthly,2,49,49.66326530612245,49.3,2.7627502810869897,45.3,58.9,1.264040528793375,2022-03-01,2026-03-01,2,13.600000000000001
BOC,CA,manufacturing_sales_mom,Manufacturing Sales (MoM),Growth,monthly,2,75,0.26133333333333336,0.3,4.8585642783487835,-28.5,20.7,-1.7618454755307886,2019-11-01,2026-03-01,3,49.2
BOC,CA,new_motor_vehicle_sales,New Motor Vehicle Sales,Growth,monthly,3,76,143.50686842105264,148.1105,27.801670663633207,47.0,195.7,-0.581206827870118,2019-11-01,2026-02-01,0,148.7
BOC,CA,retail_sales_ex_autos_mom,Retail Sales Ex Autos (MoM),Growth,monthly,2,72,0.3541666666666667,0.25,3.8702526576184693,-22.0,15.7,-1.6990096664606507,2019-11-01,2026-01-01,4,37.7
BOC,CA,retail_sales_mom,Retail Sales (MoM),Growth,monthly,1,73,0.39452054794520547,0.4,5.096646239629845,-26.4,23.7,-0.18320937020082673,2019-11-01,2026-01-01,5,50.099999999999994
BOC,CA,retail_sales_yoy,Retail Sales (YoY),Growth,monthly,2,74,4.47972972972973,3.65,9.167721512686374,-32.5,56.7,1.7207785433267584,2019-11-01,2026-01-01,5,89.2
BOC,CA,services_pmi,Services PMI,Growth,monthly,2,30,46.88333333333333,46.6,2.4545641277976964,41.2,51.2,-0.2813688553072921,2023-10-01,2026-03-01,0,10.0
BOC,CA,vehicle_sales_mom,Vehicle Sales (MoM),Growth,monthly,3,25,157.428,167.0,25.596834439698462,114.4,195.7,-0.3652670825154651,2024-02-14,2026-02-01,0,81.29999999999998
BOC,CA,wholesale_sales_mom,Wholesale Sales (MoM),Growth,monthly,2,80,0.47624999999999995,0.4,3.5608007828562767,-21.6,18.5,-1.3381762431526296,2019-11-01,2026-02-01,2,40.1
BOC,CA,new_housing_price_index_mom,New Housing Price Index (MoM),Housing,monthly,2,65,0.25846153846153846,0.1,0.5282318110014259,-0.4,1.9,1.2574898998718615,2019-12-01,2026-03-01,0,2.3
BOC,CA,new_housing_price_index_yoy,New Housing Price Index (YoY),Housing,monthly,2,63,3.773015873015873,1.4,4.63382397472932,-1.0,12.2,0.6757089026203497,2019-12-01,2025-04-01,0,13.2
BOC,CA,core_cpi_mom,Core CPI (MoM),Inflation,monthly,2,45,0.2577777777777778,0.3,0.32924768853257025,-0.5,1.0,-0.24352325138146952,2022-03-01,2026-03-01,0,1.5
BOC,CA,core_cpi_yoy,Core CPI (YoY),Inflation,monthly,1,76,2.9039473684210524,2.6,1.504432631878094,0.7,6.2,0.7802482166507936,2019-12-01,2026-03-01,0,5.5
BOC,CA,cpi_headline_mom,Headline CPI (MoM),Inflation,monthly,2,72,0.28194444444444444,0.3,0.42767843286812124,-0.7,1.4,0.13683167379417785,2020-01-01,2026-03-01,0,2.0999999999999996
BOC,CA,cpi_headline_yoy,Headline CPI (YoY),Inflation,monthly,1,76,3.168421052631579,2.7,2.0313680465023762,-0.4,8.1,0.6845775063672445,2019-12-01,2026-03-01,0,8.5
BOC,CA,ppi_mom,PPI (MoM),Inflation,monthly,2,73,0.436986301369863,0.4,1.245381116289203,-2.3,4.0,0.48416155197294486,2019-11-01,2026-03-01,0,6.3
BOC,CA,ppi_yoy,PPI (YoY),Inflation,monthly,2,76,4.707894736842105,2.8499999999999996,6.9327197771705675,-6.3,18.5,0.5310219076921452,2019-11-01,2026-03-01,0,24.8
BOC,CA,raw_materials_prices_mom,Raw Materials Prices (MoM),Inflation,monthly,3,75,0.6986666666666667,0.6,4.624420879252716,-15.6,16.4,-0.24707357915134592,2019-11-01,2026-03-01,0,32.0
BOC,CA,raw_materials_prices_yoy,Raw Materials Prices (YoY),Inflation,monthly,3,76,6.873684210526315,4.0,17.808472653364017,-36.7,56.4,0.47772352313983046,2019-11-01,2026-03-01,0,93.1
BOC,CA,employment_change,Employment Change,Labor,monthly,1,76,22.61842105263158,34.6,305.71040924837183,-1993.8,952.9,-3.985174952876241,2019-12-01,2026-03-01,5,2946.7
BOC,CA,full_time_employment_change,Full-Time Employment Change,Labor,monthly,1,76,19.6,35.45,204.75647323914652,-1472.0,488.1,-5.232538989229045,2019-12-01,2026-03-01,3,1960.1
BOC,CA,part_time_employment_change,Part-Time Employment Change,Labor,monthly,1,76,3.0197368421052615,9.05,129.05163826389997,-536.7,464.8,-0.9255541695831231,2019-12-01,2026-03-01,4,1001.5
BOC,CA,unemployment_rate,Unemployment Rate,Labor,monthly,1,76,6.7671052631578945,6.5,1.7954303593953727,4.9,13.7,1.9484121166152415,2019-12-01,2026-03-01,3,8.799999999999999
BOC,CA,overnight_rate,Overnight Rate,Monetary Policy,monthly,1,2,2.25,2.25,0.0,2.25,2.25,,2026-01-28,2026-03-18,0,0.0
BOC,CA,cfib_business_barometer,CFIB Business Barometer,Sentiment,monthly,2,55,53.49981818181818,54.6,7.146103442490488,25.0,65.1,-1.3605236308452915,2021-10-01,2026-04-01,1,40.099999999999994
BOC,CA,balance_of_trade,Balance of Trade,Trade,monthly,2,76,-0.40828947368421054,-0.315,2.6511785495802402,-7.14,5.32,-0.3547669067600605,2019-11-01,2026-02-01,0,12.46
BOC,CA,exports,Exports,Trade,monthly,2,76,59.16092105263157,62.465,8.848198035401571,32.66,74.46,-0.9542654510022336,2019-11-01,2026-02-01,0,41.8
BOC,CA,imports,Imports,Trade,monthly,2,76,59.5671052631579,63.85,8.429075048630105,35.29,72.05,-0.855430641835736,2019-11-01,2026-02-01,0,36.76
BOE,UK,composite_pmi,Composite PMI,Growth,monthly,2,29,51.93103448275862,52.1,1.3719390470310535,48.5,54.1,-0.4272379895310063,2023-12-01,2026-04-01,0,5.600000000000001
BOE,UK,gdp_mom,GDP (MoM),Growth,monthly,1,69,0.026086956521739164,0.2,3.001502181453237,-20.4,8.7,-4.360638758107731,2019-11-01,2026-02-01,6,29.099999999999998
BOE,UK,gdp_qoq,GDP (QoQ),Growth,quarterly,1,24,0.2041666666666667,0.15000000000000002,5.48345171891056,-19.8,16.0,-1.1309879973167343,2020-01-01,2025-10-01,4,35.8
BOE,UK,gdp_yoy,GDP (YoY),Growth,monthly,1,73,0.5684931506849316,1.0,7.689872067862467,-24.5,27.6,-0.09690355596973473,2019-11-01,2026-02-01,23,52.1
BOE,UK,industrial_production_yoy,Industrial Production (YoY),Growth,monthly,2,76,-0.9776315789473684,-0.55,6.212044187097845,-24.4,27.5,0.6740526632715994,2019-11-01,2026-02-01,4,51.9
BOE,UK,manufacturing_pmi,Manufacturing PMI,Growth,monthly,2,29,49.08620689655172,49.1,2.4103532844097812,44.9,53.6,0.042210528021574184,2023-12-01,2026-04-01,0,8.700000000000003
BOE,UK,niesr_monthly_gdp_tracker,NIESR Monthly GDP Tracker,Growth,monthly,2,64,0.19062499999999993,0.2,4.430010166959561,-21.2,15.2,-2.0191015728068553,2020-02-01,2026-03-01,8,36.4
BOE,UK,public_sector_net_borrowing,Public Sector Net Borrowing,Growth,monthly,3,71,-13.405056338028169,-14.1,15.95589927884921,-61.36,30.4,0.1480291774768962,2019-12-01,2026-03-01,0,91.75999999999999
BOE,UK,retail_sales_ex_fuel_mom,Retail Sales Ex Fuel (MoM),Growth,monthly,2,75,0.18133333333333332,0.3,3.386926109094864,-15.2,13.5,-0.13633646702009028,2019-12-01,2026-02-01,5,28.7
BOE,UK,retail_sales_ex_fuel_yoy,Retail Sales Ex Fuel (YoY),Growth,monthly,2,75,0.6280000000000001,0.5,6.675399775456311,-18.4,37.7,2.399037410222913,2019-12-01,2026-02-01,2,56.1
BOE,UK,retail_sales_mom,Retail Sales (MoM),Growth,monthly,1,73,0.18082191780821916,0.3,3.7495058020375085,-18.1,13.9,-0.504078083948143,2019-12-01,2026-02-01,5,32.0
BOE,UK,retail_sales_yoy,Retail Sales (YoY),Growth,monthly,1,73,0.4767123287671233,0.6,7.490169864338958,-22.6,42.4,2.4625086850386286,2019-12-01,2026-02-01,3,65.0
BOE,UK,services_pmi,Services PMI,Growth,monthly,1,29,52.310344827586206,52.3,1.3962564304970744,49.0,55.0,-0.13501946675561546,2023-12-01,2026-04-01,0,6.0
BOE,UK,halifax_hpi_yoy,Halifax House Price Index (YoY),Housing,monthly,3,4,0.8500000000000001,0.9,0.42031734043061647,0.3,1.3,-0.6464118585476194,2025-12-01,2026-03-01,0,1.0
BOE,UK,house_price_index_mom,House Price Index (MoM),Housing,monthly,3,77,0.26233766233766237,0.3,0.9464669706805413,-2.3,1.8,-0.6431008351754112,2019-12-01,2025-12-15,0,4.1
BOE,UK,house_price_index_yoy,House Price Index (YoY),Housing,monthly,3,79,4.073417721518988,3.0,3.930867616787364,-4.7,13.0,0.23380289416542288,2019-12-01,2026-04-22,0,17.7
BOE,UK,nationwide_hpi_yoy,Nationwide House Prices (YoY),Housing,monthly,3,75,4.022666666666667,3.0,4.752597393213734,-5.3,14.3,0.25364641091515966,2019-12-01,2026-03-01,0,19.6
BOE,UK,rightmove_hpi_yoy,Rightmove House Price Index (YoY),Housing,monthly,3,3,-0.20000000000000004,-0.2,0.7,-0.9,0.5,-2.4276013657984473e-16,2026-01-01,2026-04-01,0,1.4
BOE,UK,core_cpi_mom,Core CPI (MoM),Inflation,monthly,2,70,0.3371428571428572,0.4,0.4606773301178083,-0.9,1.4,-0.6411084147575893,2020-01-01,2026-03-01,0,2.3
BOE,UK,core_cpi_yoy,Core CPI (YoY),Inflation,monthly,1,76,3.797368421052632,3.5,1.834627932067646,0.9,7.1,0.14096834670845057,2019-12-01,2026-03-01,0,6.199999999999999
BOE,UK,core_rpi_mom,Core RPI (MoM),Inflation,monthly,3,22,0.2863636363636364,0.35,0.5321076283408538,-0.5,1.8,0.6259205619065369,2024-01-01,2026-03-01,0,2.3
BOE,UK,core_rpi_yoy,Core RPI (YoY),Inflation,monthly,3,24,3.4875000000000003,3.6,0.7853620045946132,1.9,4.7,-0.49339271226109277,2024-01-01,2026-03-01,0,2.8000000000000003
BOE,UK,cpi_headline_mom,Headline CPI (MoM),Inflation,monthly,2,68,0.3852941176470588,0.4,0.5289428222583352,-0.6,2.5,1.1310999491395517,2020-01-01,2026-03-01,1,3.1
BOE,UK,cpi_headline_yoy,Headline CPI (YoY),Inflation,monthly,1,76,4.2105263157894735,3.25,3.1867048371787186,0.2,11.1,0.835017032657847,2019-12-01,2026-03-01,0,10.9
BOE,UK,ppi_core_output_mom,PPI Core Output (MoM),Inflation,monthly,3,55,0.34181818181818185,0.2,0.4810062404657588,-0.8,2.0,1.1665491105945094,2019-12-01,2026-03-01,1,2.8
BOE,UK,ppi_core_output_yoy,PPI Core Output (YoY),Inflation,monthly,3,67,4.201492537313433,1.9,4.669355043949712,-0.4,15.2,1.1669493298979399,2019-12-01,2026-03-01,0,15.6
BOE,UK,ppi_input_mom,PPI Input (MoM),Inflation,monthly,3,66,0.2545454545454546,0.25,1.411620107773805,-5.1,5.2,-0.07818202910371655,2019-12-01,2026-03-01,3,10.3
BOE,UK,ppi_input_yoy,PPI Input (YoY),Inflation,monthly,3,68,4.242647058823529,0.5,8.6950202968783,-10.0,24.0,0.7258263532204405,2019-12-01,2026-03-01,0,34.0
BOE,UK,ppi_output_mom,PPI Output (MoM),Inflation,monthly,3,58,0.3017241379310345,0.3,0.634806609399243,-0.8,2.3,0.9969882442853064,2020-01-01,2026-03-01,0,3.0999999999999996
BOE,UK,ppi_output_yoy,PPI Output (YoY),Inflation,monthly,3,68,4.054411764705883,1.5499999999999998,5.59971837840721,-1.4,17.1,1.097396243921728,2019-12-01,2026-03-01,0,18.5
BOE,UK,retail_price_index_mom,Retail Price Index (MoM),Inflation,monthly,3,72,0.4833333333333333,0.5,0.6337902972159406,-0.6,3.4,1.7111086681071317,2019-12-01,2026-03-01,2,4.0
BOE,UK,retail_price_index_yoy,Retail Price Index (YoY),Inflation,monthly,3,76,5.646052631578947,4.3,3.964490409942533,0.5,14.2,0.8699257520866579,2019-12-01,2026-03-01,0,13.7
BOE,UK,avg_earnings_excl_bonus,Average Earnings (excl. Bonus),Labor,monthly,1,74,4.867567567567567,4.95,1.7605344851647398,-0.2,7.8,-0.7115831316767781,2019-11-01,2026-02-01,0,8.0
BOE,UK,avg_earnings_incl_bonus,Average Earnings (incl. Bonus),Labor,monthly,2,75,5.048,5.4,1.9607196693106388,-1.2,8.8,-0.9869327433429597,2019-11-01,2026-02-01,1,10.0
BOE,UK,claimant_count_change,Claimant Count Change,Labor,monthly,2,76,25.846052631578946,15.45,119.8067604556487,-114.8,856.5,5.522464164093102,2019-12-01,2026-03-01,2,971.3
BOE,UK,employment_change,Employment Change,Labor,monthly,2,76,59.23684210526316,72.5,132.35194177354586,-220.0,373.0,-0.16331192280380202,2019-10-01,2026-02-01,0,593.0
BOE,UK,hmrc_payrolls_change,HMRC Payrolls Change,Labor,monthly,2,41,-5.904878048780487,-9.0,52.78423984116619,-136.0,107.0,0.09576053816140712,2022-11-01,2026-03-01,0,243.0
BOE,UK,unemployment_rate,Unemployment Rate,Labor,monthly,1,76,4.280263157894737,4.2,0.4572438406633389,3.5,5.2,0.35353077869271243,2019-11-01,2026-02-01,0,1.7000000000000002
BOE,UK,bank_rate,Bank Rate,Monetary Policy,monthly,1,20,3.8725,4.0,1.381882297524115,0.1,5.25,-2.188747253665918,2020-05-07,2026-03-19,2,5.15
BOE,UK,cbi_business_optimism,CBI Business Optimism Index,Sentiment,quarterly,3,25,-15.88,-15.0,28.172563485301318,-87.0,38.0,-0.45082204858238567,2020-01-01,2026-04-01,0,125.0
BOE,UK,cbi_industrial_trends_orders,CBI Industrial Trends Orders,Sentiment,monthly,3,76,-17.644736842105264,-22.5,21.928796256592786,-62.0,26.0,0.5556323469298953,2020-01-01,2026-04-01,0,88.0
BOE,UK,consumer_confidence,Consumer Confidence,Sentiment,monthly,3,76,-24.05263157894737,-21.0,10.207049507527765,-49.0,-7.0,-0.6234376103399571,2020-01-01,2026-04-01,0,42.0
BOJ,JP,adjusted_trade_balance,Adjusted Trade Balance,Growth,monthly,2,3,0.060000000000000005,0.09,0.41581245772583586,-0.37,0.46,-0.3229756087641104,2026-02-17,2026-04-21,0,0.8300000000000001
BOJ,JP,balance_of_trade,Balance of Trade,Growth,monthly,2,78,-491.26602564102564,-281.55,915.4187582645991,-3496.6,1109.8,-1.0362927304566896,2019-12-01,2026-03-01,0,4606.4
BOJ,JP,capacity_utilization,Capacity Utilization,Growth,monthly,2,75,0.08533333333333334,0.3,4.4424759754885335,-13.3,9.6,-0.4706084477562418,2019-11-01,2026-02-01,0,22.9
BOJ,JP,coincident_index,Coincident Index,Growth,monthly,2,76,102.61447368421052,99.44999999999999,12.533823082070034,73.4,117.9,-0.3488808178227165,2019-11-01,2026-02-01,0,44.5
BOJ,JP,coincident_indicator_mom,Coincident Indicator (MoM),Growth,monthly,2,22,-0.06363636363636367,0.15000000000000002,1.9903446589653415,-5.8,3.4,-0.972446261994417,2023-12-01,2026-01-01,0,9.2
BOJ,JP,composite_pmi,S&P Global Composite PMI,Growth,monthly,2,74,49.494594594594595,50.55,4.776910559234842,25.8,54.3,-3.359653408715782,2019-12-01,2026-04-01,3,28.499999999999996
BOJ,JP,composite_pmi_flash,S&P Global Composite PMI Flash,Growth,monthly,2,5,51.48,51.5,0.4816637831516926,50.9,52.0,-0.13154833554419132,2025-08-01,2025-12-01,0,1.1000000000000014
BOJ,JP,current_account,Current Account,Growth,monthly,2,76,1791.8894736842105,1833.0,1437.5775719432972,-1976.6,7288.0,0.49954655974142337,2019-11-01,2026-02-01,0,9264.6
BOJ,JP,exports_yoy,Exports (YoY),Growth,monthly,2,76,7.094736842105264,5.25,13.927085311117972,-28.3,49.6,0.45854874497639886,2019-12-01,2026-03-01,0,77.9
BOJ,JP,gdp_qoq,GDP (QoQ),Growth,quarterly,1,25,0.01999999999999996,0.1,2.1445667783183313,-7.9,5.3,-1.5260086090196592,2019-10-01,2025-10-01,2,13.2
BOJ,JP,household_spending_mom,Household Spending (MoM),Growth,monthly,2,76,-0.017105263157894745,-0.2,3.1841435544646215,-7.3,13.0,0.831665319215131,2019-11-01,2026-02-01,1,20.3
BOJ,JP,household_spending_yoy,Household Spending (YoY),Growth,monthly,2,76,-1.056578947368421,-1.2,4.357563096542709,-16.2,13.0,0.005427555649649061,2019-11-01,2026-02-01,2,29.2
BOJ,JP,imports_yoy,Imports (YoY),Growth,monthly,2,76,7.753947368421052,1.9,20.76382393034882,-26.2,53.5,0.6775402567273008,2019-12-01,2026-03-01,0,79.7
BOJ,JP,industrial_production_mom,Industrial Production (MoM),Growth,monthly,2,77,0.10909090909090903,0.2,3.5580221375225425,-9.8,9.2,-0.22594710534008453,2019-11-01,2026-03-01,0,19.0
BOJ,JP,industrial_production_yoy,Industrial Production (YoY),Growth,monthly,2,76,-1.1026315789473684,-1.6,7.190326347423749,-26.3,23.0,0.18132420869275645,2019-11-01,2026-02-01,5,49.3
BOJ,JP,leading_economic_index,Leading Economic Index,Growth,monthly,2,76,102.08684210526316,103.5,8.024185808836737,77.7,112.4,-1.0538184815799945,2019-11-01,2026-02-01,0,34.7
BOJ,JP,leading_index_mom,Leading Index (MoM),Growth,monthly,2,22,0.36818181818181817,0.55,1.4297473515196624,-3.4,2.3,-1.0797627789293414,2023-12-01,2026-01-01,0,5.699999999999999
BOJ,JP,machine_tool_orders_yoy,Machine Tool Orders (YoY),Growth,monthly,3,80,9.5915,4.5,36.211083103017934,-52.8,140.7,1.432066207295541,2019-12-01,2026-03-01,2,193.5
BOJ,JP,machinery_orders_mom,Machinery Orders (MoM),Growth,monthly,2,75,0.7426666666666667,0.7,6.564692070613973,-12.5,19.1,0.5127386388808253,2019-11-01,2026-02-01,0,31.6
BOJ,JP,machinery_orders_yoy,Machinery Orders (YoY),Growth,monthly,2,76,1.9736842105263157,2.8499999999999996,9.419460259428211,-22.5,24.7,-0.24597996687310708,2019-11-01,2026-02-01,0,47.2
BOJ,JP,manufacturing_pmi,S&P Global Manufacturing PMI,Growth,monthly,2,77,49.736363636363635,49.6,2.9577689445233224,38.4,55.4,-1.111583300240545,2019-12-01,2026-04-01,2,17.0
BOJ,JP,manufacturing_pmi_flash,S&P Global Manufacturing PMI Flash,Growth,monthly,2,5,49.019999999999996,48.8,0.7395944834840247,48.3,49.9,0.3848642957881062,2025-08-01,2025-12-01,0,1.6000000000000014
BOJ,JP,retail_sales_mom,Retail Sales (MoM),Growth,monthly,2,75,0.11866666666666667,0.5,2.622959610271786,-9.6,13.1,0.7993223933096449,2019-12-01,2026-02-01,2,22.7
BOJ,JP,retail_sales_yoy,Retail Sales (YoY),Growth,monthly,2,75,1.7893333333333332,2.1,4.021649968417002,-13.7,12.0,-1.2888603973372574,2019-12-01,2026-02-01,2,25.7
BOJ,JP,services_pmi,S&P Global Services PMI,Growth,monthly,2,77,49.935064935064936,51.2,5.52474734439614,21.5,55.9,-3.161292961136906,2019-12-01,2026-04-01,2,34.4
BOJ,JP,services_pmi_flash,S&P Global Services PMI Flash,Growth,monthly,2,5,52.739999999999995,52.7,0.3049590136395389,52.4,53.1,0.16219348626913743,2025-08-01,2025-12-01,0,0.7000000000000028
BOJ,JP,tertiary_industry_index_mom,Tertiary Industry Index (MoM),Growth,monthly,2,75,0.018666666666666654,-0.1,1.6091539940529547,-6.0,7.9,0.6002091999889642,2019-11-01,2026-02-01,2,13.9
BOJ,JP,core_cpi_yoy,Core CPI (YoY),Inflation,monthly,1,74,1.7054054054054055,2.1,1.3403017337542427,-0.9,4.3,-0.2739693974430044,2019-12-01,2026-03-01,0,5.2
BOJ,JP,cpi_ex_food_energy_yoy,CPI Ex Food and Energy (YoY),Inflation,monthly,1,75,1.7746666666666666,2.2,1.635839592127288,-1.1,4.3,-0.1707109841177924,2019-12-01,2026-03-01,0,5.4
BOJ,JP,cpi_headline_mom,Headline CPI (MoM),Inflation,monthly,2,69,0.18115942028985507,0.2,0.282465699280899,-0.6,0.7,-0.5482696555788563,2019-12-01,2026-03-01,0,1.2999999999999998
BOJ,JP,cpi_headline_yoy,Headline CPI (YoY),Inflation,monthly,1,75,1.9293333333333331,2.5,1.5089618171994164,-1.2,4.3,-0.4314629629544,2019-12-01,2026-03-01,0,5.5
BOJ,JP,cpi_index,Consumer Price Index,Inflation,monthly,2,70,1.302857142857143,0.6499999999999999,1.4946252914709965,-1.3,4.4,0.21574241343326753,2020-01-01,2025-11-01,0,5.7
BOJ,JP,ppi_mom,PPI (MoM),Inflation,monthly,2,68,0.24117647058823527,0.3,0.47291894295141385,-1.5,1.2,-0.8126925142201022,2019-12-01,2026-03-01,0,2.7
BOJ,JP,ppi_yoy,PPI (YoY),Inflation,monthly,2,75,3.688,3.0,3.631281510074013,-2.7,10.2,0.24344044184976274,2019-12-01,2026-03-01,0,12.899999999999999
BOJ,JP,unemployment_rate,Unemployment Rate,Labor,monthly,2,75,2.628,2.6,0.1812568731222462,2.2,3.1,0.46426509471405025,2019-12-01,2026-02-01,0,0.8999999999999999
BOJ,JP,boj_interest_rate_decision,BoJ Interest Rate Decision,Monetary Policy,monthly,1,50,0.063,-0.1,0.27139285479292385,-0.1,0.75,1.4383966070254979,2020-01-21,2026-03-19,0,0.85
BOJ,JP,consumer_confidence,Consumer Confidence,Sentiment,monthly,2,76,34.60131578947368,35.3,3.5265655973313015,21.6,40.0,-1.1133289593565656,2019-12-01,2026-03-01,0,18.4
BOJ,JP,eco_watchers_current,Eco Watchers Survey Current,Sentiment,monthly,2,76,45.578947368421055,47.8,8.838194623933457,7.9,56.4,-2.2738319117067203,2019-12-01,2026-03-01,3,48.5
BOJ,JP,eco_watchers_outlook,Eco Watchers Survey Outlook,Sentiment,monthly,2,76,46.81315789473685,48.45,7.163636732000736,16.6,57.5,-2.2337655811413084,2019-12-01,2026-03-01,3,40.9
BOJ,JP,reuters_tankan_index,Reuters Tankan Index,Sentiment,monthly,2,76,3.1315789473684212,6.5,15.202931388617708,-46.0,33.0,-1.598465821836154,2020-01-01,2026-04-01,3,79.0
BOJ,JP,tankan_all_small_industry_capex,Tankan All Small Industry Capex,Sentiment,quarterly,3,7,-3.242857142857143,-2.3,4.920994866507226,-10.0,4.0,-0.006824473480007899,2024-04-01,2026-01-01,0,14.0
BOJ,JP,tankan_large_all_industry_capex,Tankan Large All Industry Capex,Sentiment,quarterly,2,25,8.896,10.1,6.170459194149708,-1.2,21.5,0.2468352572293052,2020-01-01,2026-01-01,0,22.7
BOJ,JP,tankan_large_manufacturers_index,Tankan Large Manufacturers Index,Sentiment,quarterly,2,25,6.52,12.0,13.188125972505215,-34.0,18.0,-2.057528073838237,2020-01-01,2026-01-01,2,52.0
BOJ,JP,tankan_large_manufacturing_outlook,Tankan Large Manufacturing Outlook,Sentiment,quarterly,2,25,6.44,10.0,10.766769865346493,-27.0,15.0,-1.9861606381145516,2020-01-01,2026-01-01,2,42.0
BOJ,JP,tankan_large_non_manufacturing_index,Tankan Large Non-Manufacturing Index,Sentiment,quarterly,2,25,17.88,20.0,16.407112278927492,-17.0,36.0,-0.591313411002595,2020-01-01,2026-01-01,0,53.0
BOJ,JP,tankan_non_manufacturing_outlook,Tankan Non-Manufacturing Outlook,Sentiment,quarterly,2,25,13.64,15.0,14.882540105774956,-26.0,29.0,-0.9159112232753128,2020-01-01,2026-01-01,0,55.0
BOJ,JP,tankan_small_manufacturers_index,Tankan Small Manufacturers Index,Sentiment,quarterly,2,24,-7.0,-3.5,13.513278493843526,-45.0,7.0,-2.029749586014047,2020-01-01,2026-01-01,2,52.0
BOJ,JP,tankan_small_non_manufacturing_index,Tankan Small Non-Manufacturing Index,Sentiment,quarterly,3,7,14.857142857142858,15.0,1.4638501094227998,12.0,16.0,-1.4482357082556232,2024-04-01,2026-01-01,0,4.0
BOJ,JP,foreign_bond_investment,Foreign Bond Investment,Trade,weekly,3,327,105.10825688073395,2.5,1183.980043185558,-7827.0,6790.0,-0.11099980255003787,2020-01-04,2026-04-18,4,14617.0
BOJ,JP,stock_investment_by_foreigners,Stock Investment by Foreigners,Trade,weekly,3,327,41.51223241590214,67.2,833.8783977918464,-4448.1,3943.3,-0.2612302270680722,2020-01-04,2026-04-18,5,8391.400000000001
ECB,EU,composite_pmi,Composite PMI,Growth,monthly,2,19,50.863157894736844,50.7,2.598335049457586,47.3,55.8,0.4264138497707138,2022-03-01,2026-04-01,0,8.5
ECB,EU,construction_output_mom,Construction Output (MoM),Growth,monthly,2,21,0.08047619047619048,0.1,1.0024842950913304,-1.9,1.75,-0.25402216297536345,2023-12-01,2026-02-01,0,3.65
ECB,EU,construction_output_yoy,Construction Output (YoY),Growth,monthly,2,75,0.41999999999999993,0.1,7.286214306408982,-28.4,42.3,1.864186065002029,2019-11-01,2026-02-01,6,70.69999999999999
ECB,EU,gdp_qoq,GDP (QoQ),Growth,quarterly,1,24,0.20833333333333334,0.25,3.7287271014518417,-11.8,12.5,0.07817506725745141,2019-10-01,2025-10-01,5,24.3
ECB,EU,manufacturing_pmi,Manufacturing PMI,Growth,monthly,2,69,50.86376811594203,49.5,5.89999927752968,33.4,63.4,0.29628351687005705,2019-12-01,2026-04-01,0,30.0
ECB,EU,new_car_sales_yoy,New Car Sales (YoY),Growth,monthly,3,5,3.5799999999999996,2.1,6.070172979413354,-3.9,12.5,0.537557812211624,2025-11-01,2026-03-01,0,16.4
ECB,EU,services_pmi,Services PMI,Growth,monthly,2,19,51.56842105263158,51.2,2.886953917882413,47.4,57.7,0.6463021433208846,2022-03-01,2026-04-01,0,10.300000000000004
ECB,EU,consumer_inflation_expectation,Consumer Inflation Expectation,Inflation,monthly,2,76,17.224999999999998,15.25,15.083846768425268,2.4,59.8,0.7534716931019679,2019-12-01,2026-03-01,0,57.4
ECB,EU,core_cpi_yoy,Core HICP (YoY),Inflation,monthly,1,76,2.6842105263157894,2.6,1.5306689284169372,0.2,5.7,0.36744045545085713,2019-12-01,2026-03-01,0,5.5
ECB,EU,cpi_headline_mom,Headline HICP (MoM),Inflation,monthly,2,72,0.30972222222222223,0.3,0.5148935955228859,-1.0,2.4,0.8173778537095775,2019-12-01,2026-03-01,1,3.4
ECB,EU,cpi_headline_yoy,Headline HICP (YoY),Inflation,monthly,1,76,3.4407894736842106,2.4,2.8814430473441113,-0.3,10.6,0.9722699733801508,2019-12-01,2026-03-01,0,10.9
ECB,EU,cpi_index,Consumer Price Index,Inflation,monthly,2,50,122.59020000000001,124.22,7.057456757044354,100.08,129.7,-1.8148625215521876,2022-02-01,2026-03-01,2,29.61999999999999
ECB,EU,unemployment_rate,Unemployment Rate,Labor,monthly,1,76,6.873684210526315,6.55,0.680268264937225,6.1,8.4,0.9178060441599641,2019-11-01,2026-02-01,0,2.3000000000000007
ECB,EU,ecb_deposit_rate,ECB Deposit Rate,Monetary Policy,monthly,1,3,2.15,2.15,0.0,2.15,2.15,0.0,2025-09-11,2025-12-18,0,0.0
ECB,EU,consumer_confidence,Consumer Confidence,Sentiment,monthly,2,77,-14.876623376623376,-14.8,5.457464615308202,-28.8,-3.3,-0.11831456316215283,2019-12-01,2026-04-01,0,25.5
ECB,EU,economic_sentiment,Economic Sentiment,Sentiment,monthly,2,77,96.3896103896104,96.0,16.692265656313502,-20.4,119.0,-4.547293210454984,2019-12-01,2026-04-01,5,139.4
ECB,EU,zew_economic_sentiment,ZEW Economic Sentiment Index,Sentiment,monthly,2,76,19.646052631578947,25.0,35.13563980078528,-60.7,84.0,-0.5412724085128384,2020-01-01,2026-04-01,0,144.7
FED,US,ism_manufacturing_employment,ISM Manufacturing Employment,Growth,monthly,2,33,48.45151515151515,48.8,5.911964627564661,27.5,59.6,-1.822862614082344,2020-03-01,2026-03-01,2,32.1
FED,US,ism_manufacturing_new_orders,ISM Manufacturing New Orders,Growth,monthly,2,33,51.71515151515151,49.2,9.830504857715892,27.1,68.0,-0.14297594493036653,2020-03-01,2026-03-01,0,40.9
FED,US,ism_manufacturing_pmi,ISM Manufacturing PMI,Growth,monthly,1,33,52.127272727272725,49.2,6.053938425070528,41.5,64.7,0.4462369078852951,2020-03-01,2026-03-01,0,23.200000000000003
FED,US,ism_manufacturing_prices,ISM Manufacturing Prices Paid,Growth,monthly,2,33,62.721212121212126,60.9,17.11281971169125,35.3,89.6,0.15665597998151212,2020-03-01,2026-03-01,0,54.3
FED,US,ism_services_business_activity,ISM Services Business Activity,Growth,monthly,2,15,54.92666666666666,54.1,3.3394752938291425,50.0,61.2,0.4410577404987182,2023-04-01,2026-03-01,0,11.200000000000003
FED,US,ism_services_employment,ISM Services Employment,Growth,monthly,2,26,50.22692307692308,51.5,6.475217846053225,30.0,58.8,-2.088166778629424,2020-02-01,2026-03-01,2,28.799999999999997
FED,US,ny_empire_state_mfg,NY Empire State Manufacturing Index,Growth,monthly,2,39,0.8435897435897434,4.5,22.008835485009374,-78.2,31.9,-1.3649888050539922,2020-03-01,2026-04-01,0,110.1
FED,US,philly_fed_mfg,Philadelphia Fed Manufacturing Index,Growth,monthly,2,40,4.6825,1.9500000000000002,23.332379696629584,-56.6,51.8,-0.21120142426919472,2020-03-01,2026-04-01,0,108.4
FED,US,redbook_yoy,Redbook Retail Sales (YoY),Growth,weekly,3,170,6.657058823529412,6.15,6.006346017482379,-9.7,21.4,-0.3594087346541203,2020-03-07,2026-04-18,0,31.099999999999998
FED,US,retail_sales_mom,Retail Sales (MoM),Growth,monthly,1,38,0.2605263157894737,0.35,4.5959758822365,-16.4,17.7,0.23390780082000343,2020-02-01,2026-03-01,5,34.099999999999994
FED,US,retail_sales_yoy,Retail Sales (YoY),Growth,monthly,2,41,6.336585365853659,4.0,10.709265990196545,-21.6,51.2,1.8596661484848933,2020-02-01,2026-03-01,4,72.80000000000001
FED,US,sp_global_composite_pmi,S&P Global Composite PMI,Growth,monthly,2,31,52.25806451612903,52.8,2.78864055213867,44.6,57.7,-0.6648367250762851,2022-03-01,2026-04-01,0,13.100000000000001
FED,US,sp_global_manufacturing_pmi,S&P Global Manufacturing PMI,Growth,monthly,2,29,50.97931034482759,50.2,3.1517998611161895,46.2,59.2,1.168164391931021,2022-03-01,2026-04-01,0,13.0
FED,US,sp_global_services_pmi,S&P Global Services PMI,Growth,monthly,2,31,52.44516129032258,52.7,3.0939552582067096,44.4,58.5,-0.4772185451079023,2022-03-01,2026-04-01,0,14.100000000000001
FED,US,new_home_sales,New Home Sales,Housing,monthly,2,43,1.1743488372093023,0.724,8.642704594555376,-18.2,28.8,0.7221970832277153,2020-02-01,2026-01-01,14,47.0
FED,US,consumer_inflation_expectations,Consumer Inflation Expectations,Inflation,monthly,2,37,3.9210810810810814,3.4,1.2434802946742836,2.54,6.6,0.9927205730579624,2020-02-01,2026-03-01,0,4.06
FED,US,core_cpi_index,Core CPI Index,Inflation,monthly,2,3,333.49,333.51,0.6902173570695076,332.79,334.17,-0.1302842247129845,2026-01-01,2026-03-01,0,1.3799999999999955
FED,US,core_cpi_mom,Core CPI (MoM),Inflation,monthly,1,34,0.30294117647058827,0.3,0.24056158301527783,-0.4,0.9,-0.24481161064362666,2020-02-01,2026-03-01,0,1.3
FED,US,core_cpi_yoy,Core CPI (YoY),Inflation,monthly,1,36,3.6416666666666666,3.3499999999999996,1.6619051030153835,1.2,6.6,0.35752981754626917,2020-02-01,2026-03-01,0,5.3999999999999995
FED,US,core_pce_price_index_mom,Core PCE Price Index (MoM),Inflation,monthly,1,42,0.26666666666666666,0.3,0.18566514135789502,-0.4,0.7,-0.8287388973663096,2020-02-01,2026-02-01,0,1.1
FED,US,core_pce_price_index_yoy,Core PCE Price Index (YoY),Inflation,monthly,1,45,3.2444444444444445,3.1,1.278236632587601,1.0,5.4,-0.03825810635245026,2020-02-01,2026-02-01,0,4.4
FED,US,core_pce_prices_qoq,Core PCE Prices (QoQ),Inflation,quarterly,2,20,3.335,3.6,1.7024054189664444,-0.8,6.1,-0.6238010390152176,2019-10-01,2025-10-01,0,6.8999999999999995
FED,US,core_ppi_mom,Core PPI (MoM),Inflation,monthly,2,32,0.284375,0.25,0.32736422942905263,-0.4,1.0,-0.04035964364017536,2020-02-01,2026-03-01,0,1.4
FED,US,core_ppi_yoy,Core PPI (YoY),Inflation,monthly,2,36,3.813888888888889,3.1,2.4251247717860127,0.3,9.2,0.8052782270427628,2020-02-01,2026-03-01,0,8.899999999999999
FED,US,cpi_headline_mom,Headline CPI (MoM),Inflation,monthly,2,32,0.3375,0.3,0.39574348159610473,-0.8,1.2,-0.2908395024396695,2020-02-01,2026-03-01,0,2.0
FED,US,cpi_headline_yoy,Headline CPI (YoY),Inflation,monthly,1,36,3.8499999999999996,3.1500000000000004,2.434924463480776,0.1,8.6,0.6512041887425474,2020-02-01,2026-03-01,0,8.5
FED,US,cpi_index,CPI Index,Inflation,monthly,2,28,301.0947857142857,303.745,19.334256854105583,264.877,330.21,-0.41796562829583556,2021-03-01,2026-03-01,0,65.33299999999997
FED,US,cpi_sa_index,CPI SA Index,Inflation,monthly,2,16,314.9775625,314.33950000000004,9.34607210877914,301.81,330.293,0.1527451087917608,2023-03-01,2026-03-01,0,28.483000000000004
FED,US,export_prices_mom,Export Prices (MoM),Inflation,monthly,3,37,0.3270270270270271,0.5,1.404486590389023,-3.3,4.5,0.3015664052955268,2020-02-01,2026-03-01,0,7.8
FED,US,export_prices_yoy,Export Prices (YoY),Inflation,monthly,3,39,3.520512820512821,1.7,8.428778380836238,-10.1,18.9,0.6391694040354785,2020-02-01,2026-03-01,0,29.0
FED,US,import_prices_mom,Import Prices (MoM),Inflation,monthly,3,36,0.15833333333333333,0.15000000000000002,0.9929393593913837,-2.6,2.6,-0.5768473727801935,2020-02-01,2026-03-01,0,5.2
FED,US,import_prices_yoy,Import Prices (YoY),Inflation,monthly,3,38,2.0421052631578944,0.55,5.639658393859596,-6.8,12.5,0.578111579967961,2020-02-01,2026-03-01,0,19.3
FED,US,inflation_expectations,Inflation Expectations,Inflation,monthly,2,11,4.027272727272727,3.5,1.3682769522950453,2.7,6.6,1.2464770954914761,2024-04-01,2025-12-01,0,3.8999999999999995
FED,US,michigan_inflation_expectations,Michigan Inflation Expectations,Inflation,monthly,2,46,3.9717391304347824,4.15,1.1166742374824468,2.1,6.6,0.2841948492836616,2020-03-01,2026-04-01,0,4.5
FED,US,pce_price_index_mom,PCE Price Index (MoM),Inflation,monthly,1,40,0.27749999999999997,0.3,0.24960224768876188,-0.5,0.9,-0.5737007368142875,2020-02-01,2026-02-01,0,1.4
FED,US,pce_price_index_yoy,PCE Price Index (YoY),Inflation,monthly,1,45,3.382222222222222,2.8,1.7538644200850886,0.5,6.6,0.39790807397245237,2020-02-01,2026-02-01,0,6.1
FED,US,pce_prices_qoq,PCE Prices (QoQ),Inflation,quarterly,2,20,3.565,3.7,2.230948582766391,-1.6,7.3,-0.15506500550712693,2019-10-01,2025-10-01,0,8.9
FED,US,ppi_ex_food_energy_trade_mom,"PPI Ex Food, Energy and Trade (MoM)",Inflation,monthly,3,12,0.19166666666666665,0.15000000000000002,0.16213537179739276,-0.1,0.5,0.3131833443855925,2023-09-01,2026-03-01,0,0.6
FED,US,ppi_ex_food_energy_trade_yoy,"PPI Ex Food, Energy and Trade (YoY)",Inflation,monthly,3,13,3.1153846153846154,3.1,0.36019937499055954,2.5,3.6,-0.12202787912517171,2023-09-01,2026-03-01,0,1.1
FED,US,ppi_index,PPI Index,Inflation,monthly,2,10,146.0181,147.8745,8.116567288234856,131.5,154.006,-1.2601557921169109,2024-04-01,2026-03-01,0,22.506
FED,US,ppi_mom,PPI (MoM),Inflation,monthly,2,35,0.26857142857142857,0.4,0.5239956379316802,-1.3,1.4,-0.8103981904307009,2020-02-01,2026-03-01,1,2.7
FED,US,ppi_yoy,PPI (YoY),Inflation,monthly,2,36,3.986111111111111,2.7,3.530694207560545,-1.2,11.2,0.7538892873565474,2020-02-01,2026-03-01,0,12.399999999999999
FED,US,umich_inflation_exp_1y,UMich 1Y Inflation Expectations,Inflation,monthly,2,3,4.0,3.8,0.721110255092798,3.4,4.8,1.1520696383139382,2026-02-01,2026-04-01,0,1.4
FED,US,umich_inflation_exp_5y,UMich 5Y Inflation Expectations,Inflation,monthly,2,46,3.0,3.0,0.4027681991198194,2.3,4.4,1.6086061255452087,2020-03-01,2026-04-01,3,2.1000000000000005
FED,US,adp_employment_change,ADP Employment Change,Labor,monthly,2,35,-389.57142857142856,192.0,3500.193181943587,-20236.0,978.0,-5.685432781792032,2020-03-01,2026-03-01,2,21214.0
FED,US,average_weekly_hours,Average Weekly Hours,Labor,monthly,2,37,34.475675675675674,34.4,0.23617955199546867,34.2,35.0,0.6822212382116241,2020-02-01,2026-03-01,0,0.7999999999999972
FED,US,avg_hourly_earnings_level,Average Hourly Earnings,Labor,monthly,2,3,4.0,4.0,0.09999999999999976,3.9,4.1,0.0,2024-05-03,2024-11-01,0,0.19999999999999973
FED,US,avg_hourly_earnings_mom,Average Hourly Earnings (MoM),Labor,monthly,2,37,0.41081081081081083,0.3,0.772364257683217,-1.0,4.7,4.834116156216087,2020-02-01,2026-03-01,2,5.7
FED,US,avg_hourly_earnings_yoy,Average Hourly Earnings (YoY),Labor,monthly,1,36,4.2555555555555555,4.2,1.2248485491088148,0.3,7.9,-0.14137835285891528,2020-02-01,2026-03-01,2,7.6000000000000005
FED,US,challenger_job_cuts,Challenger Job Cuts,Labor,monthly,3,35,87.10185714285714,57.727,123.02448028510491,14.875,671.129,3.8229889604813576,2020-02-01,2026-03-01,2,656.254
FED,US,continuing_jobless_claims,Continuing Jobless Claims,Labor,weekly,2,179,3667.983240223464,1869.0,4724.30375046777,1306.0,25073.0,3.0142409998841693,2020-02-22,2026-04-11,23,23767.0
FED,US,employment_cost_benefits_qoq,Employment Cost - Benefits (QoQ),Labor,quarterly,2,13,0.9230769230769231,0.9,0.35626265159721265,0.4,1.8,1.083331108362974,2020-01-01,2025-10-01,0,1.4
FED,US,employment_cost_index_qoq,Employment Cost Index (QoQ),Labor,quarterly,2,13,0.9846153846153847,0.9,0.267226975453932,0.5,1.4,-0.1156171973118227,2020-01-01,2025-10-01,0,0.8999999999999999
FED,US,employment_cost_wages_qoq,Employment Cost - Wages (QoQ),Labor,quarterly,2,13,0.9923076923076923,1.0,0.29569561619323576,0.4,1.5,-0.2543830115486657,2020-01-01,2025-10-01,0,1.1
FED,US,government_payrolls,Government Payrolls,Labor,monthly,2,37,-45.83783783783784,12.0,201.14719783083035,-980.0,136.0,-3.498575693114848,2020-02-01,2026-03-01,3,1116.0
FED,US,initial_jobless_claims,Initial Jobless Claims,Labor,weekly,2,181,545.1270718232045,229.0,967.1125295818246,166.0,6648.0,4.425489011199078,2020-02-28,2026-04-18,21,6482.0
FED,US,jobless_claims_4week_average,Jobless Claims 4-Week Average,Labor,weekly,2,176,543.0099431818181,227.125,914.5575196160615,58.0,5786.5,3.9771548234612455,2020-03-28,2026-04-18,24,5728.5
FED,US,manufacturing_payrolls,Manufacturing Payrolls,Labor,monthly,2,37,-17.135135135135137,15.0,225.88642207019808,-1330.0,225.0,-5.721491384447311,2020-02-01,2026-03-01,2,1555.0
FED,US,nfp,Non-Farm Payrolls,Labor,monthly,1,37,-252.8108108108108,245.0,3450.71082723737,-20500.0,2509.0,-5.911612052942538,2020-02-01,2026-03-01,4,23009.0
FED,US,participation_rate,Labor Force Participation Rate,Labor,monthly,2,36,62.15833333333333,62.349999999999994,0.6235268352570829,60.2,63.4,-1.0292247507480143,2020-02-01,2026-03-01,0,3.1999999999999957
FED,US,private_nonfarm_payrolls,Private Nonfarm Payrolls,Labor,monthly,2,37,-206.97297297297297,228.0,3307.7079718480336,-19520.0,3094.0,-5.810542557337226,2020-02-01,2026-03-01,4,22614.0
FED,US,u6_unemployment_rate,U-6 Underemployment Rate,Labor,monthly,2,13,7.7153846153846155,7.8,0.4705425128617564,7.0,8.7,0.12414284554779394,2023-09-01,2026-03-01,0,1.6999999999999993
FED,US,unemployment_rate,Unemployment Rate,Labor,monthly,1,36,4.977777777777778,4.2,2.468789305493815,3.4,14.7,3.0093279376174213,2020-02-01,2026-03-01,3,11.299999999999999
FED,US,fed_balance_sheet,Fed Balance Sheet,Monetary Policy,weekly,3,39,6.740179487179487,6.68,0.16802942596225123,6.54,7.23,1.0795326114479364,2024-06-26,2026-04-22,0,0.6900000000000004
FED,US,fed_interest_rate_decision,Fed Interest Rate Decision,Monetary Policy,monthly,1,28,2.5892857142857144,2.5,2.2945328396823945,0.25,5.5,0.09171703098804293,2020-03-15,2026-03-18,0,5.25
FED,US,economic_optimism_index,Economic Optimism Index,Sentiment,monthly,3,2,45.15,45.15,3.3234018715767757,42.8,47.5,,2026-03-01,2026-04-01,0,4.700000000000003
FED,US,nfib_business_optimism,NFIB Business Optimism Index,Sentiment,monthly,3,36,95.71111111111111,95.8,4.615673780115361,89.0,104.5,0.23483939387507055,2020-02-01,2026-03-01,0,15.5
FED,US,umich_consumer_sentiment,UMich Consumer Sentiment,Sentiment,monthly,2,46,67.17608695652174,67.44999999999999,11.065144168014127,47.6,89.1,0.21017531121822047,2020-03-01,2026-04-01,0,41.49999999999999
RBA,AU,ai_group_construction_index,Ai Group Construction Index,Growth,monthly,3,70,16.73,20.05,33.67230122170472,-68.1,61.8,-0.2529318493030671,2019-12-01,2026-03-01,0,129.89999999999998
RBA,AU,ai_group_industry_index,Ai Group Industry Index,Growth,monthly,3,36,-13.877777777777778,-12.4,10.100215304950147,-40.3,20.1,0.5079014166849513,2023-01-01,2026-03-01,1,60.4
RBA,AU,ai_group_manufacturing_index,Ai Group Manufacturing Index,Growth,monthly,3,70,16.015714285714285,20.7,37.07648434670401,-33.6,63.2,-0.02879933327874839,2019-12-01,2026-03-01,0,96.80000000000001
RBA,AU,ai_group_services_index,Ai Group Services Index,Growth,monthly,3,34,48.87352941176471,49.0,8.47289113204415,27.1,61.2,-0.8157531071205376,2019-12-01,2022-11-01,0,34.1
RBA,AU,composite_pmi,Composite PMI,Growth,monthly,2,57,49.82982456140351,50.5,5.597542984977578,21.7,57.8,-3.396210345424704,2019-12-01,2026-04-01,3,36.099999999999994
RBA,AU,composite_pmi_flash,Composite PMI Flash,Growth,monthly,2,10,52.14,51.75,1.3234634696717384,50.6,54.9,1.0620244939728098,2025-03-01,2025-12-01,0,4.299999999999997
RBA,AU,household_spending_mom,Household Spending (MoM),Growth,monthly,2,10,0.47000000000000003,0.4,0.4922736366426028,-0.4,1.3,0.07167148129932005,2025-05-01,2026-02-01,0,1.7000000000000002
RBA,AU,household_spending_yoy,Household Spending (YoY),Growth,monthly,2,10,5.029999999999999,5.0,0.5831904586934794,4.2,6.3,1.0442003097795798,2025-05-01,2026-02-01,0,2.0999999999999996
RBA,AU,housing_credit_mom,Housing Credit (MoM),Growth,monthly,3,41,0.4365853658536585,0.4,0.11125667971177193,0.2,0.7,0.24141164964097453,2022-10-01,2026-02-01,0,0.49999999999999994
RBA,AU,leading_index_mom,Leading Index (MoM),Growth,monthly,3,62,-0.011935483870967743,-0.015,0.27998734578945,-1.5,0.5,-2.6097523618282437,2019-12-01,2026-03-01,2,2.0
RBA,AU,manufacturing_pmi,Manufacturing PMI,Growth,monthly,2,59,50.52203389830509,50.1,2.9569945014473253,44.0,58.8,0.5613768591602187,2019-12-01,2026-04-01,0,14.799999999999997
RBA,AU,manufacturing_pmi_flash,Manufacturing PMI Flash,Growth,monthly,2,10,51.660000000000004,51.650000000000006,0.882169044017201,49.7,52.9,-0.9959357250572156,2025-03-01,2025-12-01,1,3.1999999999999957
RBA,AU,private_sector_credit_mom,Private Sector Credit (MoM),Growth,monthly,3,73,0.4876712328767123,0.5,0.23801564227275998,-0.2,1.1,-0.37702057917183573,2019-12-01,2026-03-01,1,1.3
RBA,AU,private_sector_credit_yoy,Private Sector Credit (YoY),Growth,monthly,3,75,5.577333333333334,5.7,2.322194519713493,1.0,9.5,-0.3040971591266861,2019-12-01,2026-02-01,0,8.5
RBA,AU,retail_sales_mom,Retail Sales (MoM),Growth,monthly,1,69,0.5347826086956522,0.5,3.691716725118089,-17.7,16.9,-0.2891533610535048,2019-11-01,2025-06-01,7,34.599999999999994
RBA,AU,services_pmi,Services PMI,Growth,monthly,2,60,50.015,50.8,5.876722971295818,19.5,58.2,-3.5103175146206387,2019-12-01,2026-04-01,3,38.7
RBA,AU,services_pmi_flash,Services PMI Flash,Growth,monthly,2,10,52.21,51.7,1.4471811681103857,50.5,55.1,0.9111545884062298,2025-03-01,2025-12-01,0,4.600000000000001
RBA,AU,building_permits,Building Permits,Housing,monthly,2,72,-1.25,-1.85,12.318747878570072,-27.9,43.5,0.6045951938205267,2019-11-01,2025-10-01,1,71.4
RBA,AU,building_permits_mom,Building Permits (MoM),Housing,monthly,2,4,5.699999999999999,3.9999999999999996,20.46965233380056,-14.9,29.7,0.2948120964689559,2025-11-01,2026-02-01,0,44.6
RBA,AU,building_permits_yoy,Building Permits (YoY),Housing,monthly,2,4,4.725,7.2,15.930970884831009,-15.7,20.2,-0.6757071796591757,2025-11-01,2026-02-01,0,35.9
RBA,AU,corelogic_dwelling_prices_mom,CoreLogic Dwelling Prices (MoM),Housing,monthly,2,31,0.41935483870967744,0.5,0.6063108965092138,-1.2,1.4,-1.3733427700458751,2022-11-01,2025-06-01,2,2.5999999999999996
RBA,AU,private_house_approvals_mom,Private House Approvals (MoM),Housing,monthly,2,52,-0.4423076923076923,0.15000000000000002,5.3101215286062065,-17.5,16.5,-0.06509026774060014,2021-11-01,2026-02-01,3,34.0
RBA,AU,commodity_prices_yoy,Commodity Prices (YoY),Inflation,monthly,3,52,0.125,-4.75,16.859452169361273,-23.5,40.9,0.7867604021336548,2021-12-01,2026-03-01,0,64.4
RBA,AU,consumer_inflation_expectation,Consumer Inflation Expectation,Inflation,monthly,2,74,4.482432432432432,4.5,0.772535074011247,3.1,6.7,0.31726104007710576,2020-01-01,2026-04-01,0,3.6
RBA,AU,consumer_price_index,Consumer Price Index,Inflation,monthly,2,18,121.21222222222224,134.5,33.92916090145944,0.6,143.6,-2.928953951544864,2022-07-01,2026-02-01,1,143.0
RBA,AU,cpi_headline_mom,Headline CPI (MoM),Inflation,monthly,1,4,0.47500000000000003,0.35,0.35939764421413045,0.2,1.0,1.696386799329131,2025-11-01,2026-02-01,0,0.8
RBA,AU,cpi_headline_qoq,Headline CPI (QoQ),Inflation,quarterly,1,26,0.8923076923076922,0.9,0.7761046717669348,-1.9,2.1,-1.667090649105605,2019-10-01,2025-12-01,1,4.0
RBA,AU,cpi_headline_yoy,Headline CPI (YoY),Inflation,quarterly,1,29,3.575862068965517,3.5,1.977851498905855,-0.3,7.8,0.3746023770717671,2019-10-01,2026-02-01,0,8.1
RBA,AU,export_price_index_qoq,Export Price Index (QoQ),Inflation,quarterly,2,25,1.6,1.6,6.597537419370958,-8.5,18.0,0.760423816343916,2019-10-01,2025-10-01,0,26.5
RBA,AU,import_price_index_qoq,Import Price Index (QoQ),Inflation,quarterly,2,25,0.748,0.7,2.633299577842724,-4.2,5.8,0.30976772563666216,2019-10-01,2025-10-01,0,10.0
RBA,AU,monthly_cpi_indicator,Monthly CPI Indicator,Inflation,monthly,1,38,4.21578947368421,3.55,1.8530509999821503,1.9,8.4,0.6659059879288057,2022-09-01,2025-10-01,0,6.5
RBA,AU,producer_price_index_qoq,Producer Price Index (QoQ),Inflation,quarterly,2,25,0.82,0.9,0.6069047152011041,-1.2,1.9,-1.1786456377818069,2019-10-01,2025-10-01,1,3.0999999999999996
RBA,AU,producer_price_index_yoy,Producer Price Index (YoY),Inflation,quarterly,2,25,3.252,3.7,1.9388828398504812,-0.4,6.4,-0.618066062017555,2019-10-01,2025-10-01,0,6.800000000000001
RBA,AU,rba_trimmed_mean_cpi_qoq,RBA Trimmed Mean CPI (QoQ),Inflation,quarterly,1,25,0.836,0.8,0.4544960579220316,-0.1,1.8,0.3706851254804988,2019-10-01,2025-10-01,0,1.9000000000000001
RBA,AU,rba_trimmed_mean_cpi_yoy,RBA Trimmed Mean CPI (YoY),Inflation,quarterly,1,25,3.38,3.2,1.7675312349903938,1.1,6.9,0.5119287122456351,2019-10-01,2025-10-01,0,5.800000000000001
RBA,AU,rba_weighted_median_cpi_qoq,RBA Weighted Median CPI (QoQ),Inflation,quarterly,1,24,0.8208333333333333,0.8500000000000001,0.3889553083376778,0.1,1.6,0.2057916682319958,2019-10-01,2025-07-01,0,1.5
RBA,AU,rba_weighted_median_cpi_yoy,RBA Weighted Median CPI (YoY),Inflation,quarterly,1,24,3.2541666666666664,3.1,1.5486260858009557,1.3,5.8,0.20333489165448265,2019-10-01,2025-07-01,0,4.5
RBA,AU,td_mi_inflation_gauge_mom,TD-MI Inflation Gauge (MoM),Inflation,monthly,2,79,0.2911392405063291,0.3,0.4079938013033775,-1.2,1.3,-0.11229589080602315,2019-12-01,2026-03-01,1,2.5
RBA,AU,employment_change,Employment Change,Labor,monthly,1,76,24.625000000000004,32.2,103.08265178971678,-594.3,366.1,-2.6263858809864122,2019-12-01,2026-03-01,3,960.4
RBA,AU,full_time_employment_change,Full-Time Employment Change,Labor,monthly,1,76,19.401315789473685,34.0,56.33479325939651,-220.5,128.3,-1.193503811857597,2019-12-01,2026-03-01,0,348.8
RBA,AU,part_time_employment_change,Part-Time Employment Change,Labor,monthly,1,76,5.503947368421052,6.4,73.37200999616402,-373.8,249.0,-1.2040241419219133,2019-12-01,2026-03-01,3,622.8
RBA,AU,unemployment_rate,Unemployment Rate,Labor,monthly,1,76,4.521052631578947,4.1,1.0737244574500087,3.4,7.5,1.397647299265224,2019-12-01,2026-03-01,0,4.1
RBA,AU,cash_rate,Cash Rate,Monetary Policy,monthly,1,23,3.9369565217391305,3.85,0.32516338246555815,3.6,4.35,0.23070460255931197,2023-12-05,2026-03-01,0,0.7499999999999996
RBA,AU,nab_business_confidence,NAB Business Confidence,Sentiment,monthly,2,72,0.5277777777777778,1.0,13.097652969216831,-66.0,26.0,-2.4645136648685533,2019-12-01,2026-03-01,2,92.0
RBA,AU,thomson_reuters_ipsos_pcsi,Thomson Reuters IPSOS PCSI,Sentiment,monthly,3,21,50.728095238095236,50.63,1.8666457056646266,46.04,53.89,-0.3856897348563519,2024-03-01,2026-04-01,0,7.850000000000001
RBA,AU,westpac_consumer_confidence_change,Westpac Consumer Confidence Change,Sentiment,monthly,2,75,-0.0666666666666667,-0.7,5.797770618448452,-17.7,18.0,0.387485731209346,2020-01-01,2026-04-01,0,35.7
RBA,AU,westpac_consumer_confidence_index,Westpac Consumer Confidence Index,Sentiment,monthly,2,76,91.78289473684211,91.75,10.442418470295658,75.6,118.8,0.5721737945766475,2020-01-01,2026-04-01,0,43.2
RBA,AU,balance_of_trade,Balance of Trade,Trade,monthly,2,76,8.085381578947368,7.4565,3.5453861283536945,1.825,17.67,0.46334901000171863,2019-11-01,2026-02-01,0,15.845000000000002
RBA,AU,current_account,Current Account,Trade,quarterly,2,25,3.516,7.7,13.596711612248995,-21.1,23.9,-0.35618862108224986,2019-10-01,2025-10-01,0,45.0
RBA,AU,exports_mom,Exports (MoM),Trade,monthly,2,75,0.9560000000000001,1.1,4.42881351935134,-11.0,15.0,0.003668739912663615,2019-11-01,2026-02-01,0,26.0
RBA,AU,imports_mom,Imports (MoM),Trade,monthly,2,76,0.4907894736842105,0.75,4.12724856311737,-10.0,12.0,-0.03078805541499088,2019-11-01,2026-02-01,0,22.0
RBNZ,NZ,balance_of_trade,Balance of Trade,Growth,monthly,2,76,-183.13325,-0.493,697.2259009799932,-2447.0,1267.0,-1.483994428260356,2019-12-01,2026-03-01,28,3714.0
RBNZ,NZ,balance_of_trade_mom,Balance of Trade (MoM),Growth,monthly,2,4,-6.5,-102.5,524.4517772557041,-519.0,698.0,0.9221359015075187,2025-12-01,2026-03-01,0,1217.0
RBNZ,NZ,balance_of_trade_yoy,Balance of Trade (YoY),Growth,monthly,2,4,-2675.0,-2655.0,493.1869152089634,-3190.0,-2200.0,-0.08402836143274907,2025-12-01,2026-03-01,0,990.0
RBNZ,NZ,business_confidence,Business Confidence,Growth,monthly,3,75,0.6186666666666666,-3.8,41.81725588904765,-70.2,73.6,0.13523138968786902,2019-10-01,2026-03-01,0,143.8
RBNZ,NZ,capacity_utilization,Capacity Utilization,Growth,quarterly,3,26,91.53846153846153,91.7,3.197383545723214,81.7,97.1,-0.917402853746078,2019-10-01,2026-01-01,0,15.399999999999991
RBNZ,NZ,credit_card_spending_yoy,Credit Card Spending (YoY),Growth,monthly,3,63,4.606349206349206,1.4,14.263385032514739,-12.9,87.4,3.557146222357539,2020-09-01,2026-03-01,7,100.30000000000001
RBNZ,NZ,exports,Exports,Growth,monthly,2,76,5.900263157894737,5.915,0.9045499414024788,4.01,7.94,0.11344415796824807,2019-12-01,2026-03-01,0,3.9300000000000006
RBNZ,NZ,global_dairy_trade_price_index,Global Dairy Trade Price Index,Growth,monthly,2,56,0.3964285714285714,0.45,2.9703972361049185,-6.9,6.7,0.0656777037266197,2024-01-02,2026-04-21,0,13.600000000000001
RBNZ,NZ,imports,Imports,Growth,monthly,2,76,6.275526315789474,6.52,1.167035440463676,1.5,8.54,-1.084515912277772,2019-12-01,2026-03-01,0,7.039999999999999
RBNZ,NZ,milk_auctions,Milk Auctions,Growth,monthly,3,6,4143.333333333333,4185.5,188.8657371432592,3830.0,4330.0,-0.9469894747594045,2026-02-03,2026-04-21,0,500.0
RBNZ,NZ,consumer_price_index,Consumer Price Index,Inflation,quarterly,2,12,514.9333333333333,3.15,633.8445024872689,0.6,1259.0,0.3901402298190915,2022-10-01,2026-01-01,0,1258.4
RBNZ,NZ,cpi_headline_qoq,Headline CPI (QoQ),Inflation,quarterly,1,26,0.9769230769230769,0.8500000000000001,0.6205208730140782,-0.5,2.2,0.21777293449294216,2019-10-01,2026-01-01,0,2.7
RBNZ,NZ,cpi_headline_yoy,Headline CPI (YoY),Inflation,quarterly,1,26,3.923076923076923,3.2,2.050230756243344,1.4,7.3,0.4546335539539423,2019-10-01,2026-01-01,0,5.9
RBNZ,NZ,employment_change_qoq,Employment Change (QoQ),Labor,quarterly,1,22,0.3409090909090909,0.30000000000000004,0.6463517330142798,-0.8,2.0,0.6177983921131694,2020-01-01,2025-10-01,0,2.8
RBNZ,NZ,labour_cost_index_qoq,Labour Cost Index (QoQ),Labor,quarterly,2,25,0.7,0.7,0.2661453237111885,0.2,1.1,-0.014414369871524994,2019-10-01,2025-10-01,0,0.9000000000000001
RBNZ,NZ,labour_cost_index_yoy,Labour Cost Index (YoY),Labor,quarterly,2,25,2.9360000000000004,2.8,0.907781177744211,1.6,4.5,0.23876909146058864,2019-10-01,2025-10-01,0,2.9
RBNZ,NZ,participation_rate,Labor Force Participation Rate,Labor,quarterly,1,25,70.984,70.9,0.7238093671679074,69.7,72.4,0.22855329363520246,2019-10-01,2025-10-01,0,2.700000000000003
RBNZ,NZ,unemployment_rate,Unemployment Rate,Labor,quarterly,1,25,4.224,4.0,0.7606356990482805,3.2,5.4,0.13665744938008806,2019-10-01,2025-10-01,0,2.2
RBNZ,NZ,official_cash_rate,Official Cash Rate,Monetary Policy,monthly,1,4,2.3125,2.25,0.12500000000000003,2.25,2.5,2.0,2025-10-08,2026-04-08,0,0.25
SNB,CH,balance_of_trade,Balance of Trade,Growth,monthly,2,76,3.385921052631579,3.25,1.0580336196694682,0.5,6.3,0.2518164855001122,2019-12-01,2026-03-01,0,5.8
SNB,CH,gdp_qoq,GDP (QoQ),Growth,quarterly,1,23,0.18695652173913044,0.3,2.466374657786033,-8.2,7.2,-0.8608006471404568,2019-10-01,2025-10-01,5,15.399999999999999
SNB,CH,retail_sales_mom,Retail Sales (MoM),Growth,monthly,2,76,0.16710526315789478,0.1,5.0222807078828176,-14.7,30.7,3.766017517831958,2019-11-01,2026-02-01,6,45.4
SNB,CH,retail_sales_yoy,Retail Sales (YoY),Growth,monthly,2,74,1.2094594594594597,0.75,6.137581713741536,-19.9,35.7,2.512772346542663,2019-12-01,2026-02-01,4,55.6
SNB,CH,cpi_headline_mom,Headline CPI (MoM),Inflation,monthly,2,57,0.11929824561403508,0.1,0.29120353491478623,-0.4,0.7,0.4269244528206031,2020-01-01,2026-03-01,0,1.1
SNB,CH,cpi_headline_yoy,Headline CPI (YoY),Inflation,monthly,1,74,0.9891891891891892,0.8500000000000001,1.2916557885311044,-1.3,3.5,0.304114958312061,2019-12-01,2026-03-01,0,4.8
SNB,CH,producer_import_prices_mom,Producer & Import Prices (MoM),Inflation,monthly,2,68,0.026470588235294114,0.1,0.4836483387131061,-1.3,1.3,-0.02988057304043973,2019-12-01,2026-03-01,0,2.6
SNB,CH,producer_import_prices_yoy,Producer & Import Prices (YoY),Inflation,monthly,2,76,0.3276315789473684,-0.9,3.191430136441886,-4.5,6.9,0.7604857085413207,2019-12-01,2026-03-01,0,11.4
SNB,CH,unemployment_rate,Unemployment Rate,Labor,monthly,2,76,2.6184210526315788,2.6,0.48571885594193687,1.9,3.7,0.2368104020080952,2019-12-01,2026-03-01,0,1.8000000000000003
SNB,CH,m3_money_supply,M3 Money Supply,Monetary Policy,monthly,3,5,1214.1399999999999,1212.0,4.556643501525992,1210.5,1221.3,1.2395477161675343,2025-11-01,2026-03-01,0,10.799999999999955
SNB,CH,consumer_confidence,Consumer Confidence,Sentiment,monthly,2,43,-29.84186046511628,-34.0,13.008499649187971,-46.6,7.8,1.413344137849322,2020-01-01,2026-03-01,2,54.4
SNB,CH,economic_sentiment_index,Economic Sentiment Index,Sentiment,monthly,2,74,-5.30945945945946,-6.2,35.557386258160655,-72.7,72.2,0.20235290685450644,2020-01-01,2026-03-01,0,144.9
