indicator_id,country_code,currency_code,indicator_key,indicator_name,macro_theme,primary_category,frequency,release_lag_days_median,release_lag_days_avg,is_headline_indicator,is_sub_indicator,headline_target_type,candidate_for_targets,actual_count,first_release_at_utc,last_release_at_utc,processed_at
17,US,USD,core_cpi_yoy,Core CPI (YoY),Inflation,inflation,monthly,41.00,41.24,True,False,,"[""CPI""]",36,2020-03-11T12:30:00+00:00,2026-04-10T12:30:00+00:00,2026-04-21T08:05:29.872986+00:00
18,US,USD,core_cpi_mom,Core CPI (MoM),Inflation,inflation,monthly,41.00,41.24,True,False,,"[""CPI""]",34,2020-03-11T12:30:00+00:00,2026-04-10T12:30:00+00:00,2026-04-21T08:05:29.872986+00:00
19,US,USD,cpi_headline_yoy,Headline CPI (YoY),Inflation,inflation,monthly,41.00,41.25,True,False,CPI,"[""CPI""]",41,2020-03-11T12:30:00+00:00,2026-04-10T12:30:00+00:00,2026-04-21T08:05:29.872986+00:00
20,US,USD,cpi_headline_mom,Headline CPI (MoM),Inflation,inflation,monthly,41.00,41.24,False,True,CPI,"[""CPI""]",32,2020-03-11T12:30:00+00:00,2026-04-10T12:30:00+00:00,2026-04-21T08:05:29.872986+00:00
21,US,USD,ppi_yoy,PPI (YoY),Inflation,inflation,monthly,43.00,45.03,False,True,,"[""CPI""]",36,2020-03-12T12:30:00+00:00,2026-04-14T12:30:00+00:00,2026-04-21T08:05:29.872986+00:00
22,US,USD,core_ppi_yoy,Core PPI (YoY),Inflation,inflation,monthly,43.00,45.03,False,True,,"[""CPI""]",36,2020-03-12T12:30:00+00:00,2026-04-14T12:30:00+00:00,2026-04-21T08:05:29.872986+00:00
23,US,USD,umich_inflation_exp_1y,UMich 1Y Inflation Expectations,Inflation,inflation,monthly,19.00,18.00,False,True,,"[""CPI""]",3,2026-02-20T16:00:00+00:00,2026-04-10T14:00:00+00:00,2026-04-21T08:05:29.872986+00:00
24,US,USD,umich_inflation_exp_5y,UMich 5Y Inflation Expectations,Inflation,inflation,monthly,19.00,18.38,False,True,,"[""CPI""]",77,2020-03-13T14:00:00+00:00,2026-04-10T14:00:00+00:00,2026-04-21T08:05:29.872986+00:00
25,US,USD,import_prices_yoy,Import Prices (YoY),Inflation,inflation,monthly,45.00,48.09,False,True,,"[""CPI""]",38,2020-03-13T12:30:00+00:00,2026-04-15T12:30:00+00:00,2026-04-21T08:05:29.872986+00:00
26,US,USD,nfp,Non-Farm Payrolls,Labor,labor,monthly,35.00,37.62,True,False,,"[""UNEMPLOYMENT"", ""CPI""]",37,2020-03-06T13:30:00+00:00,2026-04-03T12:30:00+00:00,2026-04-21T08:05:29.872986+00:00
27,US,USD,unemployment_rate,Unemployment Rate,Labor,labor,monthly,34.50,37.63,True,False,UNEMPLOYMENT,"[""UNEMPLOYMENT"", ""CPI""]",36,2020-03-06T13:30:00+00:00,2026-04-03T12:30:00+00:00,2026-04-21T08:05:29.872986+00:00
28,US,USD,avg_hourly_earnings_yoy,Average Hourly Earnings (YoY),Inflation,labor,monthly,35.00,36.97,True,True,,"[""CPI""]",36,2020-03-06T13:30:00+00:00,2026-04-03T12:30:00+00:00,2026-04-21T08:05:29.872986+00:00
29,US,USD,avg_hourly_earnings_mom,Average Hourly Earnings (MoM),Inflation,labor,monthly,34.50,37.63,False,True,,"[""CPI""]",37,2020-03-06T13:30:00+00:00,2026-04-03T12:30:00+00:00,2026-04-21T08:05:29.872986+00:00
30,US,USD,participation_rate,Labor Force Participation Rate,Labor,labor,monthly,35.00,37.62,False,True,,"[""UNEMPLOYMENT"", ""CPI""]",36,2020-03-06T13:30:00+00:00,2026-04-03T12:30:00+00:00,2026-04-21T08:05:29.872986+00:00
31,US,USD,u6_unemployment_rate,U-6 Underemployment Rate,Labor,labor,monthly,35.50,41.64,False,True,,"[""UNEMPLOYMENT"", ""CPI""]",13,2023-10-06T12:30:00+00:00,2026-04-03T12:30:00+00:00,2026-04-21T08:05:29.872986+00:00
32,US,USD,adp_employment_change,ADP Employment Change,Labor,labor,monthly,32.00,32.03,False,True,,"[""UNEMPLOYMENT"", ""CPI""]",35,2020-04-01T12:15:00+00:00,2026-04-01T12:15:00+00:00,2026-04-21T08:05:29.872986+00:00
33,US,USD,initial_jobless_claims,Initial Jobless Claims,Labor,labor,weekly,5.00,6.78,False,True,,"[""UNEMPLOYMENT"", ""CPI""]",180,2020-03-05T13:30:00+00:00,2026-04-30T12:30:00+00:00,2026-04-21T08:05:29.872986+00:00
34,US,USD,ism_manufacturing_pmi,ISM Manufacturing PMI,Growth,growth,monthly,31.00,30.82,True,False,,"[""GDP"", ""CPI"", ""UNEMPLOYMENT""]",33,2020-04-01T14:00:00+00:00,2026-05-01T14:00:00+00:00,2026-04-21T08:05:29.872986+00:00
35,US,USD,ism_manufacturing_prices,ISM Manufacturing Prices Paid,Inflation,growth,monthly,31.00,30.82,False,True,,"[""CPI""]",33,2020-04-01T14:00:00+00:00,2026-05-01T14:00:00+00:00,2026-04-21T08:05:29.872986+00:00
36,US,USD,ism_manufacturing_employment,ISM Manufacturing Employment,Labor,growth,monthly,31.00,30.82,False,True,,"[""UNEMPLOYMENT"", ""CPI""]",33,2020-04-01T14:00:00+00:00,2026-05-01T14:00:00+00:00,2026-04-21T08:05:29.872986+00:00
37,US,USD,ism_manufacturing_new_orders,ISM Manufacturing New Orders,Growth,growth,monthly,31.00,30.82,False,True,,"[""GDP"", ""CPI"", ""UNEMPLOYMENT""]",33,2020-04-01T14:00:00+00:00,2026-05-01T14:00:00+00:00,2026-04-21T08:05:29.872986+00:00
38,US,USD,sp_global_manufacturing_pmi,S&P Global Manufacturing PMI,Growth,growth,monthly,23.00,25.40,False,True,,"[""GDP"", ""CPI"", ""UNEMPLOYMENT""]",42,2022-04-01T13:45:00+00:00,2026-04-23T13:45:00+00:00,2026-04-21T08:05:29.872986+00:00
39,US,USD,sp_global_services_pmi,S&P Global Services PMI,Growth,growth,monthly,23.00,26.35,False,True,,"[""GDP"", ""CPI"", ""UNEMPLOYMENT""]",47,2022-04-05T13:45:00+00:00,2026-04-23T13:45:00+00:00,2026-04-21T08:05:29.872986+00:00
40,US,USD,sp_global_composite_pmi,S&P Global Composite PMI,Growth,growth,monthly,23.00,26.35,False,True,,"[""GDP"", ""CPI"", ""UNEMPLOYMENT""]",47,2022-04-05T13:45:00+00:00,2026-04-23T13:45:00+00:00,2026-04-21T08:05:29.872986+00:00
41,US,USD,retail_sales_mom,Retail Sales (MoM),Growth,growth,monthly,45.00,48.73,True,False,,"[""GDP"", ""CPI"", ""UNEMPLOYMENT""]",37,2020-03-17T12:30:00+00:00,2026-04-21T12:30:00+00:00,2026-04-21T08:05:29.872986+00:00
42,US,USD,retail_sales_yoy,Retail Sales (YoY),Growth,growth,monthly,45.00,48.73,False,True,,"[""GDP"", ""CPI"", ""UNEMPLOYMENT""]",40,2020-03-17T12:30:00+00:00,2026-04-21T12:30:00+00:00,2026-04-21T08:05:29.872986+00:00
43,US,USD,ny_empire_state_mfg,NY Empire State Manufacturing Index,Growth,growth,monthly,14.00,14.49,False,True,,"[""GDP"", ""CPI"", ""UNEMPLOYMENT""]",39,2020-03-16T12:30:00+00:00,2026-04-15T12:30:00+00:00,2026-04-21T08:05:29.872986+00:00
44,US,USD,philly_fed_mfg,Philadelphia Fed Manufacturing Index,Growth,growth,monthly,17.00,17.05,False,True,,"[""GDP"", ""CPI"", ""UNEMPLOYMENT""]",40,2020-03-19T12:30:00+00:00,2026-04-16T12:30:00+00:00,2026-04-21T08:05:29.872986+00:00
45,US,USD,umich_consumer_sentiment,UMich Consumer Sentiment,Growth,sentiment,monthly,19.00,18.47,False,True,,"[""GDP"", ""CPI"", ""UNEMPLOYMENT""]",76,2020-03-13T14:00:00+00:00,2026-04-10T14:00:00+00:00,2026-04-21T08:05:29.872986+00:00
46,US,USD,nfib_business_optimism,NFIB Business Optimism Index,Growth,sentiment,monthly,40.50,40.44,False,True,,"[""GDP"", ""CPI"", ""UNEMPLOYMENT""]",36,2020-03-10T10:00:00+00:00,2026-04-14T10:00:00+00:00,2026-04-21T08:05:29.872986+00:00
47,US,USD,fed_balance_sheet,Fed Balance Sheet,Other,monetary policy,weekly,1.00,1.03,False,True,,[],38,2024-06-27T20:30:00+00:00,2026-04-30T20:30:00+00:00,2026-04-21T08:05:29.872986+00:00
48,UK,GBP,core_cpi_yoy,Core CPI (YoY),Inflation,inflation,monthly,48.00,47.87,True,False,,"[""CPI""]",75,2020-01-15T09:30:00+00:00,2026-04-22T06:00:00+00:00,2026-04-21T08:05:29.872986+00:00
49,UK,GBP,cpi_headline_yoy,Headline CPI (YoY),Inflation,inflation,monthly,48.00,48.01,True,False,CPI,"[""CPI""]",82,2020-01-15T09:30:00+00:00,2026-04-22T06:00:00+00:00,2026-04-21T08:05:29.872986+00:00
50,UK,GBP,cpi_headline_mom,Headline CPI (MoM),Inflation,inflation,monthly,48.00,48.01,False,True,CPI,"[""CPI""]",74,2020-01-15T09:30:00+00:00,2026-04-22T06:00:00+00:00,2026-04-21T08:05:29.872986+00:00
51,UK,GBP,ppi_output_yoy,PPI Output (YoY),Inflation,inflation,monthly,48.00,48.45,False,True,,"[""CPI""]",67,2020-01-15T09:30:00+00:00,2026-04-22T06:00:00+00:00,2026-04-21T08:05:29.872986+00:00
52,UK,GBP,ppi_input_yoy,PPI Input (YoY),Inflation,inflation,monthly,48.00,48.45,False,True,,"[""CPI""]",67,2020-01-15T09:30:00+00:00,2026-04-22T06:00:00+00:00,2026-04-21T08:05:29.872986+00:00
53,UK,GBP,unemployment_rate,Unemployment Rate,Labor,labor,monthly,75.00,75.51,True,False,UNEMPLOYMENT,"[""UNEMPLOYMENT"", ""CPI""]",75,2020-01-21T09:30:00+00:00,2026-04-21T06:00:00+00:00,2026-04-21T08:05:29.872986+00:00
54,UK,GBP,claimant_count_change,Claimant Count Change,Labor,labor,monthly,45.00,45.09,False,True,,"[""UNEMPLOYMENT"", ""CPI""]",75,2020-01-21T09:30:00+00:00,2026-04-21T06:00:00+00:00,2026-04-21T08:05:29.872986+00:00
55,UK,GBP,employment_change,Employment Change,Labor,labor,monthly,104.00,95.26,False,True,,"[""UNEMPLOYMENT"", ""CPI""]",75,2020-01-21T09:30:00+00:00,2026-04-21T06:00:00+00:00,2026-04-21T08:05:29.872986+00:00
56,UK,GBP,avg_earnings_incl_bonus,Average Earnings (incl. Bonus),Inflation,labor,monthly,75.00,75.42,False,True,,"[""CPI""]",74,2020-01-21T09:30:00+00:00,2026-04-21T06:00:00+00:00,2026-04-21T08:05:29.872986+00:00
57,UK,GBP,avg_earnings_excl_bonus,Average Earnings (excl. Bonus),Inflation,labor,monthly,75.00,45.86,True,True,,"[""CPI""]",98,2020-01-21T09:30:00+00:00,2026-04-21T06:00:00+00:00,2026-04-21T08:05:29.872986+00:00
58,UK,GBP,gdp_mom,GDP (MoM),Growth,growth,monthly,72.00,72.09,True,False,GDP,"[""GDP"", ""CPI"", ""UNEMPLOYMENT""]",69,2020-01-13T09:30:00+00:00,2026-04-16T06:00:00+00:00,2026-04-21T08:05:29.872986+00:00
59,UK,GBP,gdp_yoy,GDP (YoY),Growth,growth,monthly,72.00,84.21,True,False,GDP,"[""GDP"", ""CPI"", ""UNEMPLOYMENT""]",87,2020-01-13T09:30:00+00:00,2026-04-16T06:00:00+00:00,2026-04-21T08:05:29.872986+00:00
60,UK,GBP,gdp_qoq,GDP (QoQ),Growth,growth,quarterly,174.00,156.71,True,False,GDP,"[""GDP"", ""CPI"", ""UNEMPLOYMENT""]",44,2020-02-11T09:30:00+00:00,2026-03-31T06:00:00+00:00,2026-04-21T08:05:29.872986+00:00
61,UK,GBP,manufacturing_pmi,Manufacturing PMI,Growth,growth,monthly,30.00,26.67,False,True,,"[""GDP"", ""CPI"", ""UNEMPLOYMENT""]",45,2024-01-02T09:30:00+00:00,2026-04-23T08:30:00+00:00,2026-04-21T08:05:29.872986+00:00
62,UK,GBP,services_pmi,Services PMI,Growth,growth,monthly,32.00,28.23,True,False,,"[""GDP"", ""CPI"", ""UNEMPLOYMENT""]",50,2024-01-04T09:30:00+00:00,2026-04-23T08:30:00+00:00,2026-04-21T08:05:29.872986+00:00
63,UK,GBP,composite_pmi,Composite PMI,Growth,growth,monthly,32.00,28.23,False,True,,"[""GDP"", ""CPI"", ""UNEMPLOYMENT""]",50,2024-01-04T09:30:00+00:00,2026-04-23T08:30:00+00:00,2026-04-21T08:05:29.872986+00:00
64,UK,GBP,retail_sales_mom,Retail Sales (MoM),Growth,growth,monthly,50.00,50.53,True,False,,"[""GDP"", ""CPI"", ""UNEMPLOYMENT""]",73,2020-01-17T09:30:00+00:00,2026-04-24T06:00:00+00:00,2026-04-21T08:05:29.872986+00:00
65,UK,GBP,industrial_production_yoy,Industrial Production (YoY),Growth,growth,monthly,72.00,72.09,False,True,,"[""GDP"", ""CPI"", ""UNEMPLOYMENT""]",76,2020-01-13T09:30:00+00:00,2026-04-16T06:00:00+00:00,2026-04-21T08:05:29.872986+00:00
66,UK,GBP,bank_rate,Bank Rate,Other,monetary policy,irregular,17.50,14.88,True,False,,[],59,2020-01-30T12:00:00+00:00,2026-04-30T11:00:00+00:00,2026-04-21T08:05:29.872986+00:00
67,UK,GBP,halifax_hpi_yoy,Halifax House Price Index (YoY),Growth,housing,monthly,37.00,36.25,False,True,,"[""GDP"", ""CPI"", ""UNEMPLOYMENT""]",4,2026-01-08T07:00:00+00:00,2026-04-08T06:00:00+00:00,2026-04-21T08:05:29.872986+00:00
68,UK,GBP,nationwide_hpi_yoy,Nationwide House Prices (YoY),Growth,housing,monthly,30.00,30.14,False,True,,"[""GDP"", ""CPI"", ""UNEMPLOYMENT""]",75,2020-01-03T07:00:00+00:00,2026-04-30T06:00:00+00:00,2026-04-21T08:05:29.872986+00:00
69,UK,GBP,rightmove_hpi_yoy,Rightmove House Price Index (YoY),Growth,housing,monthly,16.00,16.00,False,True,,"[""GDP"", ""CPI"", ""UNEMPLOYMENT""]",3,2026-01-18T18:01:00+00:00,2026-04-19T23:01:00+00:00,2026-04-21T08:05:29.872986+00:00
70,UK,GBP,hmrc_payrolls_change,HMRC Payrolls Change,Labor,labor,monthly,44.00,44.37,False,True,,"[""UNEMPLOYMENT"", ""CPI""]",40,2022-12-13T07:00:00+00:00,2026-04-21T06:00:00+00:00,2026-04-21T08:05:29.872986+00:00
71,UK,GBP,core_cpi_mom,Core CPI (MoM),Inflation,inflation,monthly,48.00,47.87,False,True,,"[""CPI""]",69,2020-01-15T09:30:00+00:00,2026-04-22T06:00:00+00:00,2026-04-21T08:05:29.872986+00:00
72,UK,GBP,core_rpi_mom,Core RPI (MoM),Inflation,inflation,monthly,48.00,48.21,False,True,,"[""CPI""]",21,2024-02-14T07:00:00+00:00,2026-04-22T06:00:00+00:00,2026-04-21T08:05:29.872986+00:00
73,UK,GBP,core_rpi_yoy,Core RPI (YoY),Inflation,inflation,monthly,48.00,48.21,False,True,,"[""CPI""]",23,2024-02-14T07:00:00+00:00,2026-04-22T06:00:00+00:00,2026-04-21T08:05:29.872986+00:00
74,UK,GBP,ppi_core_output_mom,PPI Core Output (MoM),Inflation,inflation,monthly,48.00,48.45,False,True,,"[""CPI""]",54,2020-01-15T09:30:00+00:00,2026-04-22T06:00:00+00:00,2026-04-21T08:05:29.872986+00:00
75,UK,GBP,ppi_core_output_yoy,PPI Core Output (YoY),Inflation,inflation,monthly,48.00,48.45,False,True,,"[""CPI""]",66,2020-01-15T09:30:00+00:00,2026-04-22T06:00:00+00:00,2026-04-21T08:05:29.872986+00:00
76,UK,GBP,ppi_input_mom,PPI Input (MoM),Inflation,inflation,monthly,48.00,48.45,False,True,,"[""CPI""]",65,2020-01-15T09:30:00+00:00,2026-04-22T06:00:00+00:00,2026-04-21T08:05:29.872986+00:00
77,UK,GBP,ppi_output_mom,PPI Output (MoM),Inflation,inflation,monthly,48.00,48.45,False,True,,"[""CPI""]",57,2020-01-15T09:30:00+00:00,2026-04-22T06:00:00+00:00,2026-04-21T08:05:29.872986+00:00
78,UK,GBP,retail_price_index_mom,Retail Price Index (MoM),Inflation,inflation,monthly,48.00,47.87,False,True,,"[""CPI""]",71,2020-01-15T09:30:00+00:00,2026-04-22T06:00:00+00:00,2026-04-21T08:05:29.872986+00:00
79,UK,GBP,retail_price_index_yoy,Retail Price Index (YoY),Inflation,inflation,monthly,48.00,47.87,False,True,,"[""CPI""]",75,2020-01-15T09:30:00+00:00,2026-04-22T06:00:00+00:00,2026-04-21T08:05:29.872986+00:00
80,UK,GBP,house_price_index_yoy,House Price Index (YoY),Growth,housing,monthly,36.00,31.63,False,True,,"[""GDP"", ""CPI"", ""UNEMPLOYMENT""]",118,2020-01-08T08:30:00+00:00,2026-04-22T08:30:00+00:00,2026-04-21T08:05:29.872986+00:00
81,UK,GBP,public_sector_net_borrowing,Public Sector Net Borrowing,Growth,growth,monthly,51.00,51.36,False,True,,"[""GDP"", ""CPI"", ""UNEMPLOYMENT""]",71,2020-01-22T09:30:00+00:00,2026-04-23T06:00:00+00:00,2026-04-21T08:05:29.872986+00:00
82,UK,GBP,cbi_business_optimism,CBI Business Optimism Index,Growth,sentiment,quarterly,23.00,22.42,False,True,,"[""GDP"", ""CPI"", ""UNEMPLOYMENT""]",24,2020-01-22T11:00:00+00:00,2026-04-23T10:00:00+00:00,2026-04-21T08:05:29.872986+00:00
83,UK,GBP,cbi_industrial_trends_orders,CBI Industrial Trends Orders,Growth,sentiment,monthly,21.00,20.97,False,True,,"[""GDP"", ""CPI"", ""UNEMPLOYMENT""]",75,2020-01-22T11:00:00+00:00,2026-04-23T10:00:00+00:00,2026-04-21T08:05:29.872986+00:00
84,UK,GBP,consumer_confidence,Consumer Confidence,Growth,sentiment,monthly,21.00,20.89,False,True,,"[""GDP"", ""CPI"", ""UNEMPLOYMENT""]",77,2020-01-31T00:01:00+00:00,2026-04-23T23:01:00+00:00,2026-04-21T08:05:29.872986+00:00
85,UK,GBP,retail_sales_yoy,Retail Sales (YoY),Growth,growth,monthly,50.00,50.53,True,False,,"[""GDP"", ""CPI"", ""UNEMPLOYMENT""]",73,2020-01-17T09:30:00+00:00,2026-04-24T06:00:00+00:00,2026-04-21T08:05:29.872986+00:00
86,UK,GBP,retail_sales_ex_fuel_mom,Retail Sales Ex Fuel (MoM),Growth,growth,monthly,50.00,50.51,False,True,,"[""GDP"", ""CPI"", ""UNEMPLOYMENT""]",75,2020-01-17T09:30:00+00:00,2026-04-24T06:00:00+00:00,2026-04-21T08:05:29.872986+00:00
87,UK,GBP,retail_sales_ex_fuel_yoy,Retail Sales Ex Fuel (YoY),Growth,growth,monthly,50.00,50.51,False,True,,"[""GDP"", ""CPI"", ""UNEMPLOYMENT""]",75,2020-01-17T09:30:00+00:00,2026-04-24T06:00:00+00:00,2026-04-21T08:05:29.872986+00:00
88,EU,EUR,cpi_headline_yoy,Headline HICP (YoY),Inflation,inflation,monthly,37.00,38.75,True,False,CPI,"[""CPI""]",144,2020-01-07T10:00:00+00:00,2026-04-30T09:00:00+00:00,2026-04-21T08:05:29.872986+00:00
89,EU,EUR,core_cpi_yoy,Core HICP (YoY),Inflation,inflation,monthly,37.00,38.70,True,False,,"[""CPI""]",143,2020-01-07T10:00:00+00:00,2026-04-30T09:00:00+00:00,2026-04-21T08:05:29.872986+00:00
90,EU,EUR,unemployment_rate,Unemployment Rate,Labor,labor,monthly,62.00,61.77,True,False,UNEMPLOYMENT,"[""UNEMPLOYMENT"", ""CPI""]",76,2020-01-09T10:00:00+00:00,2026-04-30T09:00:00+00:00,2026-04-21T08:05:29.872986+00:00
91,EU,EUR,gdp_qoq,GDP (QoQ),Growth,growth,quarterly,135.50,138.26,True,False,GDP,"[""GDP"", ""CPI"", ""UNEMPLOYMENT""]",61,2020-01-31T10:00:00+00:00,2026-04-30T09:00:00+00:00,2026-04-21T08:05:29.872986+00:00
92,EU,EUR,ecb_deposit_rate,ECB Deposit Rate,Other,monetary policy,irregular,,,True,False,,[],28,2020-01-23T12:45:00+00:00,2026-04-30T12:15:00+00:00,2026-04-21T08:05:29.872986+00:00
93,EU,EUR,construction_output_mom,Construction Output (MoM),Growth,growth,monthly,79.50,79.32,False,True,,"[""GDP"", ""CPI"", ""UNEMPLOYMENT""]",21,2024-02-20T10:00:00+00:00,2026-04-20T09:00:00+00:00,2026-04-21T08:05:29.872986+00:00
94,EU,EUR,construction_output_yoy,Construction Output (YoY),Growth,growth,monthly,79.00,78.86,False,True,,"[""GDP"", ""CPI"", ""UNEMPLOYMENT""]",75,2020-01-17T10:00:00+00:00,2026-04-20T09:00:00+00:00,2026-04-21T08:05:29.872986+00:00
95,EU,EUR,zew_economic_sentiment,ZEW Economic Sentiment Index,Growth,sentiment,monthly,14.00,13.76,False,True,,"[""GDP"", ""CPI"", ""UNEMPLOYMENT""]",75,2020-01-21T10:00:00+00:00,2026-04-21T09:00:00+00:00,2026-04-21T08:05:29.872986+00:00
96,EU,EUR,consumer_confidence,Consumer Confidence,Growth,sentiment,monthly,22.00,24.01,False,True,,"[""GDP"", ""CPI"", ""UNEMPLOYMENT""]",130,2020-01-08T10:00:00+00:00,2026-04-22T14:00:00+00:00,2026-04-21T08:05:29.872986+00:00
97,EU,EUR,manufacturing_pmi,Manufacturing PMI,Growth,growth,monthly,28.00,26.34,False,True,,"[""GDP"", ""CPI"", ""UNEMPLOYMENT""]",122,2020-01-02T09:00:00+00:00,2026-04-23T08:00:00+00:00,2026-04-21T08:05:29.872986+00:00
98,EU,EUR,services_pmi,Services PMI,Growth,growth,monthly,33.00,28.26,False,True,,"[""GDP"", ""CPI"", ""UNEMPLOYMENT""]",30,2022-04-05T08:00:00+00:00,2026-04-23T08:00:00+00:00,2026-04-21T08:05:29.872986+00:00
99,EU,EUR,composite_pmi,Composite PMI,Growth,growth,monthly,33.00,28.26,False,True,,"[""GDP"", ""CPI"", ""UNEMPLOYMENT""]",30,2022-04-05T08:00:00+00:00,2026-04-23T08:00:00+00:00,2026-04-21T08:05:29.872986+00:00
100,EU,EUR,new_car_sales_yoy,New Car Sales (YoY),Growth,growth,monthly,53.00,53.40,False,True,,"[""GDP"", ""CPI"", ""UNEMPLOYMENT""]",4,2025-12-23T05:00:00+00:00,2026-04-23T04:00:00+00:00,2026-04-21T08:05:29.872986+00:00
101,JP,JPY,cpi_headline_yoy,Headline CPI (YoY),Inflation,inflation,monthly,49.00,49.49,True,False,CPI,"[""CPI""]",74,2020-01-23T23:30:00+00:00,2026-04-23T23:30:00+00:00,2026-04-21T08:05:29.872986+00:00
102,JP,JPY,core_cpi_yoy,Core CPI (YoY),Inflation,inflation,monthly,49.00,49.49,True,False,,"[""CPI""]",72,2020-01-23T23:30:00+00:00,2026-04-23T23:30:00+00:00,2026-04-21T08:05:29.872986+00:00
103,JP,JPY,unemployment_rate,Unemployment Rate,Labor,labor,monthly,58.50,58.26,False,True,UNEMPLOYMENT,"[""UNEMPLOYMENT"", ""CPI""]",75,2020-01-30T23:30:00+00:00,2026-05-01T23:30:00+00:00,2026-04-21T08:05:29.872986+00:00
104,JP,JPY,gdp_qoq,GDP (QoQ),Growth,growth,quarterly,147.50,148.52,True,False,GDP,"[""GDP"", ""CPI"", ""UNEMPLOYMENT""]",48,2020-02-16T23:50:00+00:00,2026-02-15T23:50:00+00:00,2026-04-21T08:05:29.872986+00:00
105,JP,JPY,tertiary_industry_index_mom,Tertiary Industry Index (MoM),Growth,growth,monthly,76.00,76.18,False,True,,"[""GDP"", ""CPI"", ""UNEMPLOYMENT""]",75,2020-01-17T04:30:00+00:00,2026-04-20T04:30:00+00:00,2026-04-21T08:05:29.872986+00:00
106,JP,JPY,adjusted_trade_balance,Adjusted Trade Balance,Growth,growth,monthly,,,False,True,,"[""GDP"", ""CPI"", ""UNEMPLOYMENT""]",6,2026-01-21T17:50:00+00:00,2026-04-21T23:50:00+00:00,2026-04-21T08:05:29.872986+00:00
107,JP,JPY,balance_of_trade,Balance of Trade,Growth,growth,monthly,47.00,47.08,False,True,,"[""GDP"", ""CPI"", ""UNEMPLOYMENT""]",77,2020-01-22T23:50:00+00:00,2026-04-21T23:50:00+00:00,2026-04-21T08:05:29.872986+00:00
108,JP,JPY,exports_yoy,Exports (YoY),Growth,growth,monthly,47.00,47.08,False,True,,"[""GDP"", ""CPI"", ""UNEMPLOYMENT""]",75,2020-01-22T23:50:00+00:00,2026-04-21T23:50:00+00:00,2026-04-21T08:05:29.872986+00:00
109,JP,JPY,imports_yoy,Imports (YoY),Growth,growth,monthly,47.00,47.08,False,True,,"[""GDP"", ""CPI"", ""UNEMPLOYMENT""]",75,2020-01-22T23:50:00+00:00,2026-04-21T23:50:00+00:00,2026-04-21T08:05:29.872986+00:00
110,JP,JPY,manufacturing_pmi,Manufacturing PMI,Growth,growth,monthly,25.00,26.13,False,True,,"[""GDP"", ""CPI"", ""UNEMPLOYMENT""]",147,2020-01-06T00:30:00+00:00,2026-04-23T00:30:00+00:00,2026-04-21T08:05:29.872986+00:00
111,JP,JPY,services_pmi,Services PMI,Growth,growth,monthly,25.00,27.50,False,True,,"[""GDP"", ""CPI"", ""UNEMPLOYMENT""]",153,2020-01-07T00:30:00+00:00,2026-04-23T00:30:00+00:00,2026-04-21T08:05:29.872986+00:00
112,JP,JPY,composite_pmi,Composite PMI,Growth,growth,monthly,30.00,27.77,False,True,,"[""GDP"", ""CPI"", ""UNEMPLOYMENT""]",141,2020-01-07T00:30:00+00:00,2026-04-23T00:30:00+00:00,2026-04-21T08:05:29.872986+00:00
113,JP,JPY,cpi_headline_mom,Headline CPI (MoM),Inflation,inflation,monthly,49.00,49.49,False,True,CPI,"[""CPI""]",68,2020-01-23T23:30:00+00:00,2026-04-23T23:30:00+00:00,2026-04-21T08:05:29.872986+00:00
114,JP,JPY,tokyo_core_cpi_yoy,Tokyo Core CPI (YoY),Inflation,inflation,monthly,,,True,False,,"[""CPI""]",0,2026-04-24T23:30:00+00:00,2026-04-24T23:30:00+00:00,2026-04-21T08:05:29.872986+00:00
115,AU,AUD,cpi_headline_yoy,Headline CPI (YoY),Inflation,inflation,quarterly,116.50,99.72,True,False,CPI,"[""CPI""]",39,2020-01-29T00:30:00+00:00,2026-04-29T01:30:00+00:00,2026-04-21T08:05:29.872986+00:00
116,AU,AUD,cpi_headline_mom,Headline CPI (MoM),Inflation,inflation,monthly,58.00,58.00,True,False,CPI,"[""CPI""]",11,2025-11-26T00:30:00+00:00,2026-04-29T01:30:00+00:00,2026-04-21T08:05:29.872986+00:00
117,AU,AUD,cpi_headline_qoq,Headline CPI (QoQ),Inflation,inflation,quarterly,118.00,118.08,True,False,CPI,"[""CPI""]",24,2020-01-29T00:30:00+00:00,2026-04-29T01:30:00+00:00,2026-04-21T08:05:29.872986+00:00
118,AU,AUD,consumer_price_index,Consumer Price Index,Inflation,inflation,monthly,116.00,100.95,False,True,,"[""CPI""]",20,2022-10-26T00:30:00+00:00,2026-04-29T01:30:00+00:00,2026-04-21T08:05:29.872986+00:00
119,AU,AUD,rba_trimmed_mean_cpi_qoq,RBA Trimmed Mean CPI (QoQ),Inflation,inflation,quarterly,118.00,118.12,True,False,,"[""CPI""]",25,2020-01-29T00:30:00+00:00,2026-04-29T01:30:00+00:00,2026-04-21T08:05:29.872986+00:00
120,AU,AUD,rba_trimmed_mean_cpi_yoy,RBA Trimmed Mean CPI (YoY),Inflation,inflation,quarterly,118.00,118.12,True,False,,"[""CPI""]",25,2020-01-29T00:30:00+00:00,2026-04-29T01:30:00+00:00,2026-04-21T08:05:29.872986+00:00
121,AU,AUD,export_price_index_qoq,Export Price Index (QoQ),Inflation,inflation,quarterly,119.50,119.35,False,True,,"[""CPI""]",34,2020-01-30T00:30:00+00:00,2026-04-30T01:30:00+00:00,2026-04-21T08:05:29.872986+00:00
122,AU,AUD,import_price_index_qoq,Import Price Index (QoQ),Inflation,inflation,quarterly,119.00,119.30,False,True,,"[""CPI""]",32,2020-01-30T00:30:00+00:00,2026-04-30T01:30:00+00:00,2026-04-21T08:05:29.872986+00:00
123,AU,AUD,producer_price_index_qoq,Producer Price Index (QoQ),Inflation,inflation,quarterly,120.00,120.15,False,True,,"[""CPI""]",25,2020-01-31T00:30:00+00:00,2026-05-01T01:30:00+00:00,2026-04-21T08:05:29.872986+00:00
124,AU,AUD,producer_price_index_yoy,Producer Price Index (YoY),Inflation,inflation,quarterly,120.00,120.15,False,True,,"[""CPI""]",25,2020-01-31T00:30:00+00:00,2026-05-01T01:30:00+00:00,2026-04-21T08:05:29.872986+00:00
125,AU,AUD,commodity_prices_yoy,Commodity Prices (YoY),Inflation,inflation,monthly,31.00,30.78,False,True,,"[""CPI""]",52,2022-01-04T01:30:00+00:00,2026-05-01T06:30:00+00:00,2026-04-21T08:05:29.872986+00:00
126,AU,AUD,unemployment_rate,Unemployment Rate,Labor,labor,monthly,46.00,46.20,True,False,UNEMPLOYMENT,"[""UNEMPLOYMENT"", ""CPI""]",76,2020-01-23T00:30:00+00:00,2026-04-16T01:30:00+00:00,2026-04-21T08:05:29.872986+00:00
127,AU,AUD,employment_change,Employment Change,Labor,labor,monthly,46.00,46.20,True,False,,"[""UNEMPLOYMENT"", ""CPI""]",76,2020-01-23T00:30:00+00:00,2026-04-16T01:30:00+00:00,2026-04-21T08:05:29.872986+00:00
128,AU,AUD,full_time_employment_change,Full-Time Employment Change,Labor,labor,monthly,46.00,46.20,True,False,,"[""UNEMPLOYMENT"", ""CPI""]",76,2020-01-23T00:30:00+00:00,2026-04-16T01:30:00+00:00,2026-04-21T08:05:29.872986+00:00
129,AU,AUD,part_time_employment_change,Part-Time Employment Change,Labor,labor,monthly,46.00,46.20,True,False,,"[""UNEMPLOYMENT"", ""CPI""]",76,2020-01-23T00:30:00+00:00,2026-04-16T01:30:00+00:00,2026-04-21T08:05:29.872986+00:00
130,AU,AUD,cash_rate,Cash Rate,Other,monetary policy,irregular,7.00,9.63,True,False,,[],59,2020-02-04T03:30:00+00:00,2026-05-05T04:30:00+00:00,2026-04-21T08:05:29.872986+00:00
131,AU,AUD,leading_index_mom,Leading Index (MoM),Growth,growth,monthly,49.00,49.64,False,True,,"[""GDP"", ""CPI"", ""UNEMPLOYMENT""]",80,2020-01-29T01:00:00+00:00,2026-04-22T01:00:00+00:00,2026-04-21T08:05:29.872986+00:00
132,AU,AUD,private_sector_credit_mom,Private Sector Credit (MoM),Growth,growth,monthly,60.00,58.71,False,True,,"[""GDP"", ""CPI"", ""UNEMPLOYMENT""]",74,2020-01-31T00:30:00+00:00,2026-04-30T01:30:00+00:00,2026-04-21T08:05:29.872986+00:00
133,AU,AUD,private_sector_credit_yoy,Private Sector Credit (YoY),Growth,growth,monthly,60.00,58.71,False,True,,"[""GDP"", ""CPI"", ""UNEMPLOYMENT""]",75,2020-01-31T00:30:00+00:00,2026-04-30T01:30:00+00:00,2026-04-21T08:05:29.872986+00:00
134,AU,AUD,manufacturing_pmi,Manufacturing PMI,Growth,growth,monthly,29.00,25.64,False,True,,"[""GDP"", ""CPI"", ""UNEMPLOYMENT""]",31,2022-03-31T22:00:00+00:00,2026-04-22T23:00:00+00:00,2026-04-21T08:05:29.872986+00:00
135,AU,AUD,services_pmi,Services PMI,Growth,growth,monthly,31.00,26.82,False,True,,"[""GDP"", ""CPI"", ""UNEMPLOYMENT""]",29,2022-04-04T23:00:00+00:00,2026-04-22T23:00:00+00:00,2026-04-21T08:05:29.872986+00:00
136,AU,AUD,composite_pmi,Composite PMI,Growth,growth,monthly,31.00,27.19,False,True,,"[""GDP"", ""CPI"", ""UNEMPLOYMENT""]",29,2022-04-04T23:00:00+00:00,2026-04-22T23:00:00+00:00,2026-04-21T08:05:29.872986+00:00
137,NZ,NZD,cpi_headline_yoy,Headline CPI (YoY),Inflation,inflation,quarterly,109.00,109.42,True,False,CPI,"[""CPI""]",26,2020-01-23T21:45:00+00:00,2026-04-20T22:45:00+00:00,2026-04-21T08:05:29.872986+00:00
138,NZ,NZD,unemployment_rate,Unemployment Rate,Labor,labor,quarterly,124.00,124.15,True,False,UNEMPLOYMENT,"[""UNEMPLOYMENT"", ""CPI""]",25,2020-02-04T21:45:00+00:00,2026-05-05T22:45:00+00:00,2026-04-21T08:05:29.872986+00:00
139,NZ,NZD,official_cash_rate,Official Cash Rate,Other,monetary policy,irregular,,,True,False,,[],29,2021-11-24T01:00:00+00:00,2026-04-08T02:00:00+00:00,2026-04-21T08:05:29.872986+00:00
140,NZ,NZD,cpi_headline_qoq,Headline CPI (QoQ),Inflation,inflation,quarterly,109.00,109.42,True,False,CPI,"[""CPI""]",26,2020-01-23T21:45:00+00:00,2026-04-20T22:45:00+00:00,2026-04-21T08:05:29.872986+00:00
141,NZ,NZD,consumer_price_index,Consumer Price Index,Inflation,inflation,quarterly,109.00,116.23,False,True,,"[""CPI""]",12,2023-01-24T21:45:00+00:00,2026-04-20T22:45:00+00:00,2026-04-21T08:05:29.872986+00:00
142,NZ,NZD,balance_of_trade,Balance of Trade,Growth,growth,monthly,51.00,51.88,False,True,,"[""GDP"", ""CPI"", ""UNEMPLOYMENT""]",76,2020-01-29T21:45:00+00:00,2026-04-19T22:45:00+00:00,2026-04-21T08:05:29.872986+00:00
143,NZ,NZD,balance_of_trade_mom,Balance of Trade (MoM),Growth,growth,monthly,49.00,50.50,False,True,,"[""GDP"", ""CPI"", ""UNEMPLOYMENT""]",4,2026-01-28T15:45:00+00:00,2026-04-19T22:45:00+00:00,2026-04-21T08:05:29.872986+00:00
144,NZ,NZD,balance_of_trade_yoy,Balance of Trade (YoY),Growth,growth,monthly,49.00,50.50,False,True,,"[""GDP"", ""CPI"", ""UNEMPLOYMENT""]",4,2026-01-28T15:45:00+00:00,2026-04-19T22:45:00+00:00,2026-04-21T08:05:29.872986+00:00
145,NZ,NZD,exports,Exports,Growth,growth,monthly,51.00,51.88,False,True,,"[""GDP"", ""CPI"", ""UNEMPLOYMENT""]",76,2020-01-29T21:45:00+00:00,2026-04-19T22:45:00+00:00,2026-04-21T08:05:29.872986+00:00
146,NZ,NZD,imports,Imports,Growth,growth,monthly,51.00,53.19,False,True,,"[""GDP"", ""CPI"", ""UNEMPLOYMENT""]",85,2020-01-29T21:45:00+00:00,2026-04-19T22:45:00+00:00,2026-04-21T08:05:29.872986+00:00
147,NZ,NZD,business_confidence,Business Confidence,Growth,growth,monthly,29.00,43.09,False,True,,"[""GDP"", ""CPI"", ""UNEMPLOYMENT""]",104,2020-01-13T21:00:00+00:00,2026-04-30T01:00:00+00:00,2026-04-21T08:05:29.872986+00:00
148,NZ,NZD,capacity_utilization,Capacity Utilization,Growth,growth,quarterly,97.00,102.22,False,True,,"[""GDP"", ""CPI"", ""UNEMPLOYMENT""]",27,2020-01-13T21:00:00+00:00,2026-04-20T22:00:00+00:00,2026-04-21T08:05:29.872986+00:00
149,NZ,NZD,global_dairy_trade_price_index,Global Dairy Trade Price Index,Growth,growth,irregular,0.00,-0.31,False,True,,"[""GDP"", ""CPI"", ""UNEMPLOYMENT""]",196,2020-01-07T14:40:00+00:00,2026-04-21T13:00:00+00:00,2026-04-21T08:05:29.872986+00:00
150,NZ,NZD,milk_auctions,Milk Auctions,Growth,growth,irregular,,,False,True,,"[""GDP"", ""CPI"", ""UNEMPLOYMENT""]",12,2024-02-20T15:00:00+00:00,2026-04-21T12:00:00+00:00,2026-04-21T08:05:29.872986+00:00
151,NZ,NZD,credit_card_spending_yoy,Credit Card Spending (YoY),Growth,growth,monthly,51.00,52.67,False,True,,"[""GDP"", ""CPI"", ""UNEMPLOYMENT""]",62,2020-10-21T02:00:00+00:00,2026-04-23T03:00:00+00:00,2026-04-21T08:05:29.872986+00:00
152,CA,CAD,cpi_headline_yoy,Headline CPI (YoY),Inflation,inflation,monthly,48.00,48.04,True,False,CPI,"[""CPI""]",86,2020-01-22T13:30:00+00:00,2026-04-20T12:30:00+00:00,2026-04-21T08:05:29.872986+00:00
153,CA,CAD,core_cpi_yoy,Core CPI (YoY),Inflation,inflation,monthly,48.00,48.08,True,False,,"[""CPI""]",76,2020-01-22T13:30:00+00:00,2026-04-20T12:30:00+00:00,2026-04-21T08:05:29.872986+00:00
154,CA,CAD,unemployment_rate,Unemployment Rate,Labor,labor,monthly,37.00,36.58,True,False,UNEMPLOYMENT,"[""UNEMPLOYMENT"", ""CPI""]",76,2020-01-10T13:30:00+00:00,2026-04-10T12:30:00+00:00,2026-04-21T08:05:29.872986+00:00
155,CA,CAD,employment_change,Employment Change,Labor,labor,monthly,37.00,36.58,True,False,,"[""UNEMPLOYMENT"", ""CPI""]",76,2020-01-10T13:30:00+00:00,2026-04-10T12:30:00+00:00,2026-04-21T08:05:29.872986+00:00
156,CA,CAD,full_time_employment_change,Full-Time Employment Change,Labor,labor,monthly,37.00,36.58,True,False,,"[""UNEMPLOYMENT"", ""CPI""]",76,2020-01-10T13:30:00+00:00,2026-04-10T12:30:00+00:00,2026-04-21T08:05:29.872986+00:00
157,CA,CAD,part_time_employment_change,Part-Time Employment Change,Labor,labor,monthly,37.00,36.58,True,False,,"[""UNEMPLOYMENT"", ""CPI""]",76,2020-01-10T13:30:00+00:00,2026-04-10T12:30:00+00:00,2026-04-21T08:05:29.872986+00:00
158,CA,CAD,overnight_rate,Overnight Rate,Other,monetary policy,irregular,,,True,False,,[],39,2020-01-22T15:00:00+00:00,2026-04-29T13:45:00+00:00,2026-04-21T08:05:29.872986+00:00
159,CA,CAD,cpi_headline_mom,Headline CPI (MoM),Inflation,inflation,monthly,48.00,48.10,False,True,CPI,"[""CPI""]",77,2020-01-22T13:30:00+00:00,2026-04-20T12:30:00+00:00,2026-04-21T08:05:29.872986+00:00
160,CA,CAD,core_cpi_mom,Core CPI (MoM),Inflation,inflation,monthly,48.00,48.18,False,True,,"[""CPI""]",45,2022-04-20T12:30:00+00:00,2026-04-20T12:30:00+00:00,2026-04-21T08:05:29.872986+00:00
161,CA,CAD,boc_business_outlook_survey,BoC Business Outlook Survey,Growth,growth,quarterly,,,False,True,,"[""GDP"", ""CPI"", ""UNEMPLOYMENT""]",0,2026-04-20T14:30:00+00:00,2026-04-20T14:30:00+00:00,2026-04-21T08:05:29.872986+00:00
162,CA,CAD,new_housing_price_index_mom,New Housing Price Index (MoM),Inflation,housing,monthly,50.00,50.53,False,True,,"[""CPI""]",64,2020-01-22T13:30:00+00:00,2026-04-22T12:30:00+00:00,2026-04-21T08:05:29.872986+00:00
163,CA,CAD,new_housing_price_index_yoy,New Housing Price Index (YoY),Inflation,housing,monthly,50.00,50.62,False,True,,"[""CPI""]",63,2020-01-22T13:30:00+00:00,2026-04-23T12:30:00+00:00,2026-04-21T08:05:29.872986+00:00
164,CA,CAD,manufacturing_sales_mom,Manufacturing Sales (MoM),Growth,growth,monthly,73.00,65.53,False,True,,"[""GDP"", ""CPI"", ""UNEMPLOYMENT""]",129,2020-01-21T13:30:00+00:00,2026-04-23T12:30:00+00:00,2026-04-21T08:05:29.872986+00:00
165,CA,CAD,ppi_yoy,PPI (YoY),Inflation,inflation,monthly,50.00,51.72,False,True,,"[""CPI""]",86,2020-01-06T13:30:00+00:00,2026-04-23T12:30:00+00:00,2026-04-21T08:05:29.872986+00:00
166,CA,CAD,ppi_mom,PPI (MoM),Inflation,inflation,monthly,50.00,52.07,False,True,,"[""CPI""]",83,2020-01-06T13:30:00+00:00,2026-04-23T12:30:00+00:00,2026-04-21T08:05:29.872986+00:00
167,CA,CAD,raw_materials_prices_yoy,Raw Materials Prices (YoY),Inflation,inflation,monthly,51.00,53.07,False,True,,"[""CPI""]",75,2020-01-06T13:30:00+00:00,2026-04-23T12:30:00+00:00,2026-04-21T08:05:29.872986+00:00
168,CA,CAD,raw_materials_prices_mom,Raw Materials Prices (MoM),Inflation,inflation,monthly,51.00,53.21,False,True,,"[""CPI""]",75,2020-01-06T13:30:00+00:00,2026-04-23T12:30:00+00:00,2026-04-21T08:05:29.872986+00:00
169,CA,CAD,retail_sales_yoy,Retail Sales (YoY),Growth,growth,monthly,81.00,81.24,False,True,,"[""GDP"", ""CPI"", ""UNEMPLOYMENT""]",74,2020-01-24T13:30:00+00:00,2026-04-24T12:30:00+00:00,2026-04-21T08:05:29.872986+00:00
170,CA,CAD,retail_sales_ex_autos_mom,Retail Sales Ex Autos (MoM),Growth,growth,monthly,81.00,81.24,False,True,,"[""GDP"", ""CPI"", ""UNEMPLOYMENT""]",72,2020-01-24T13:30:00+00:00,2026-04-24T12:30:00+00:00,2026-04-21T08:05:29.872986+00:00
171,CA,CAD,budget_balance,Budget Balance,Growth,growth,monthly,87.00,88.60,False,True,,"[""GDP"", ""CPI"", ""UNEMPLOYMENT""]",74,2020-01-31T16:00:00+00:00,2026-04-24T15:00:00+00:00,2026-04-21T08:05:29.872986+00:00
172,CH,CHF,cpi_headline_yoy,Headline CPI (YoY),Inflation,inflation,monthly,33.00,33.61,True,False,CPI,"[""CPI""]",74,2020-01-07T07:30:00+00:00,2026-05-05T06:30:00+00:00,2026-04-21T08:05:29.872986+00:00
173,CH,CHF,unemployment_rate,Unemployment Rate,Labor,labor,monthly,37.00,36.46,False,True,UNEMPLOYMENT,"[""UNEMPLOYMENT"", ""CPI""]",76,2020-01-10T06:45:00+00:00,2026-04-08T07:00:00+00:00,2026-04-21T08:05:29.872986+00:00
174,CH,CHF,gdp_qoq,GDP (QoQ),Growth,growth,quarterly,151.00,151.28,True,False,GDP,"[""GDP"", ""CPI"", ""UNEMPLOYMENT""]",23,2020-03-03T06:45:00+00:00,2026-02-27T08:00:00+00:00,2026-04-21T08:05:29.872986+00:00
175,CH,CHF,policy_rate,SNB Policy Rate,Other,monetary policy,irregular,,,True,False,,[],14,2020-03-19T08:30:00+00:00,2026-03-19T08:30:00+00:00,2026-04-21T08:05:29.872986+00:00
176,CH,CHF,balance_of_trade,Balance of Trade,Growth,growth,monthly,49.00,50.42,False,True,,"[""GDP"", ""CPI"", ""UNEMPLOYMENT""]",75,2020-01-28T07:00:00+00:00,2026-04-21T06:00:00+00:00,2026-04-21T08:05:29.872986+00:00
177,CH,CHF,m3_money_supply,M3 Money Supply,Other,monetary policy,monthly,51.00,51.20,False,True,,[],4,2025-12-22T02:00:00+00:00,2026-04-21T07:00:00+00:00,2026-04-21T08:05:29.872986+00:00
178,US,USD,continuing_jobless_claims,Continuing Jobless Claims,Labor,labor,weekly,12.00,13.82,False,True,,"[""UNEMPLOYMENT"", ""CPI""]",178,2020-03-05T13:30:00+00:00,2026-04-30T12:30:00+00:00,2026-04-21T08:05:29.872986+00:00
179,US,USD,jobless_claims_4week_average,Jobless Claims 4-Week Average,Labor,labor,weekly,5.00,6.82,False,True,,"[""UNEMPLOYMENT"", ""CPI""]",175,2020-04-02T12:30:00+00:00,2026-04-30T12:30:00+00:00,2026-04-21T08:05:29.872986+00:00
180,US,USD,ism_services_business_activity,ISM Services Business Activity,Growth,growth,monthly,34.00,33.56,False,True,,"[""GDP"", ""CPI"", ""UNEMPLOYMENT""]",15,2023-05-03T14:00:00+00:00,2026-05-05T14:00:00+00:00,2026-04-21T08:05:29.872986+00:00
181,US,USD,ism_services_employment,ISM Services Employment,Labor,growth,monthly,34.00,33.48,False,True,,"[""UNEMPLOYMENT"", ""CPI""]",26,2020-03-04T15:00:00+00:00,2026-05-05T14:00:00+00:00,2026-04-21T08:05:29.872986+00:00
182,US,USD,new_home_sales,New Home Sales,Growth,housing,monthly,54.00,57.56,False,True,,"[""GDP"", ""CPI"", ""UNEMPLOYMENT""]",44,2020-03-24T14:00:00+00:00,2026-05-05T14:00:00+00:00,2026-04-21T08:05:29.872986+00:00
183,US,USD,economic_optimism_index,Economic Optimism Index,Growth,sentiment,monthly,4.00,4.00,False,True,,"[""GDP"", ""CPI"", ""UNEMPLOYMENT""]",2,2026-03-03T15:10:00+00:00,2026-05-05T14:10:00+00:00,2026-04-21T08:05:29.872986+00:00
184,US,USD,redbook_yoy,Redbook Retail Sales (YoY),Growth,growth,weekly,3.00,3.06,False,True,,"[""GDP"", ""CPI"", ""UNEMPLOYMENT""]",169,2020-03-10T12:55:00+00:00,2026-05-05T12:55:00+00:00,2026-04-21T08:05:29.872986+00:00
185,UK,GBP,niesr_monthly_gdp_tracker,NIESR Monthly GDP Tracker,Growth,growth,monthly,42.00,51.74,False,True,,"[""GDP"", ""CPI"", ""UNEMPLOYMENT""]",85,2020-01-13T14:00:00+00:00,2026-04-16T13:30:00+00:00,2026-04-21T08:05:29.872986+00:00
186,UK,GBP,house_price_index_mom,House Price Index (MoM),Growth,housing,monthly,36.00,33.74,False,True,,"[""GDP"", ""CPI"", ""UNEMPLOYMENT""]",86,2020-01-08T08:30:00+00:00,2025-12-15T00:01:00+00:00,2026-04-21T08:05:29.872986+00:00
187,EU,EUR,cpi_headline_mom,Headline HICP (MoM),Inflation,inflation,monthly,37.00,38.87,False,True,CPI,"[""CPI""]",135,2020-01-17T10:00:00+00:00,2026-04-30T09:00:00+00:00,2026-04-21T08:05:29.872986+00:00
188,EU,EUR,cpi_index,Consumer Price Index,Inflation,inflation,monthly,35.50,38.47,False,True,,"[""CPI""]",95,2022-03-02T10:00:00+00:00,2026-04-30T09:00:00+00:00,2026-04-21T08:05:29.872986+00:00
189,EU,EUR,economic_sentiment,Economic Sentiment,Growth,sentiment,monthly,28.00,25.75,False,True,,"[""GDP"", ""CPI"", ""UNEMPLOYMENT""]",95,2020-01-08T10:00:00+00:00,2026-04-29T09:00:00+00:00,2026-04-21T08:05:29.872986+00:00
190,EU,EUR,consumer_inflation_expectation,Consumer Inflation Expectation,Inflation,inflation,monthly,29.00,38.68,False,True,,"[""CPI""]",104,2020-01-08T10:00:00+00:00,2026-04-29T09:00:00+00:00,2026-04-21T08:05:29.872986+00:00
191,JP,JPY,cpi_index,Consumer Price Index,Inflation,inflation,monthly,27.00,31.66,False,True,,"[""CPI""]",89,2020-01-30T23:30:00+00:00,2025-11-27T23:30:00+00:00,2026-04-21T08:05:29.872986+00:00
192,JP,JPY,industrial_production_mom,Industrial Production (MoM),Growth,growth,monthly,59.00,56.47,False,True,,"[""GDP"", ""CPI"", ""UNEMPLOYMENT""]",182,2020-01-20T04:30:00+00:00,2026-04-29T23:50:00+00:00,2026-04-21T08:05:29.872986+00:00
193,JP,JPY,industrial_production_yoy,Industrial Production (YoY),Growth,growth,monthly,72.00,67.11,False,True,,"[""GDP"", ""CPI"", ""UNEMPLOYMENT""]",146,2020-01-20T04:30:00+00:00,2026-04-29T23:50:00+00:00,2026-04-21T08:05:29.872986+00:00
194,JP,JPY,leading_economic_index,Leading Economic Index,Growth,growth,monthly,76.00,76.47,False,True,,"[""GDP"", ""CPI"", ""UNEMPLOYMENT""]",149,2020-01-10T05:00:00+00:00,2026-04-07T05:00:00+00:00,2026-04-21T08:05:29.872986+00:00
195,JP,JPY,coincident_index,Coincident Index,Growth,growth,monthly,72.00,76.31,False,True,,"[""GDP"", ""CPI"", ""UNEMPLOYMENT""]",150,2020-01-10T05:00:00+00:00,2026-04-07T05:00:00+00:00,2026-04-21T08:05:29.872986+00:00
196,JP,JPY,machine_tool_orders_yoy,Machine Tool Orders (YoY),Growth,growth,monthly,40.00,40.60,False,True,,"[""GDP"", ""CPI"", ""UNEMPLOYMENT""]",80,2020-01-15T06:00:00+00:00,2026-04-09T06:00:00+00:00,2026-04-21T08:05:29.872986+00:00
197,JP,JPY,foreign_bond_investment,Foreign Bond Investment,Growth,trade,weekly,4.00,-5.24,False,True,,"[""GDP"", ""CPI"", ""UNEMPLOYMENT""]",328,2020-01-08T23:50:00+00:00,2026-04-29T23:50:00+00:00,2026-04-21T08:05:29.872986+00:00
198,JP,JPY,stock_investment_by_foreigners,Stock Investment by Foreigners,Growth,trade,weekly,4.00,-5.07,False,True,,"[""GDP"", ""CPI"", ""UNEMPLOYMENT""]",328,2020-01-08T23:50:00+00:00,2026-04-29T23:50:00+00:00,2026-04-21T08:05:29.872986+00:00
199,AU,AUD,retail_sales_mom,Retail Sales (MoM),Growth,growth,monthly,62.00,61.31,True,False,,"[""GDP"", ""CPI"", ""UNEMPLOYMENT""]",109,2020-01-10T00:30:00+00:00,2025-08-29T01:30:00+00:00,2026-04-21T08:05:29.872986+00:00
200,AU,AUD,building_permits,Building Permits,Growth,housing,monthly,64.00,64.64,False,True,,"[""GDP"", ""CPI"", ""UNEMPLOYMENT""]",105,2020-01-08T00:30:00+00:00,2025-12-09T00:30:00+00:00,2026-04-21T08:05:29.872986+00:00
201,AU,AUD,td_mi_inflation_gauge_mom,TD-MI Inflation Gauge (MoM),Inflation,inflation,monthly,33.00,33.60,False,True,,"[""CPI""]",82,2020-01-13T00:00:00+00:00,2026-05-05T01:00:00+00:00,2026-04-21T08:05:29.872986+00:00
202,AU,AUD,consumer_inflation_expectation,Consumer Inflation Expectation,Inflation,inflation,monthly,13.00,13.72,False,True,,"[""CPI""]",76,2020-01-23T00:00:00+00:00,2026-04-16T01:00:00+00:00,2026-04-21T08:05:29.872986+00:00
203,AU,AUD,ai_group_manufacturing_index,Ai Group Manufacturing Index,Growth,growth,monthly,31.00,32.14,False,True,,"[""GDP"", ""CPI"", ""UNEMPLOYMENT""]",70,2020-01-05T21:30:00+00:00,2026-05-05T23:00:00+00:00,2026-04-21T08:05:29.872986+00:00
204,AU,AUD,ai_group_industry_index,Ai Group Industry Index,Growth,growth,monthly,33.00,32.54,False,True,,"[""GDP"", ""CPI"", ""UNEMPLOYMENT""]",36,2023-02-07T22:20:00+00:00,2026-05-05T23:00:00+00:00,2026-04-21T08:05:29.872986+00:00
205,AU,AUD,ai_group_construction_index,Ai Group Construction Index,Growth,growth,monthly,33.00,33.44,False,True,,"[""GDP"", ""CPI"", ""UNEMPLOYMENT""]",70,2020-01-07T21:30:00+00:00,2026-05-05T23:00:00+00:00,2026-04-21T08:05:29.872986+00:00
206,NZ,NZD,participation_rate,Labor Force Participation Rate,Labor,labor,quarterly,124.00,124.15,True,False,,"[""UNEMPLOYMENT"", ""CPI""]",25,2020-02-04T21:45:00+00:00,2026-05-05T22:45:00+00:00,2026-04-21T08:05:29.872986+00:00
207,NZ,NZD,employment_change_qoq,Employment Change (QoQ),Labor,labor,quarterly,124.00,124.15,True,False,,"[""UNEMPLOYMENT"", ""CPI""]",22,2020-02-04T21:45:00+00:00,2026-05-05T22:45:00+00:00,2026-04-21T08:05:29.872986+00:00
208,NZ,NZD,labour_cost_index_qoq,Labour Cost Index (QoQ),Inflation,labor,quarterly,124.00,124.15,False,True,,"[""CPI""]",25,2020-02-04T21:45:00+00:00,2026-05-05T22:45:00+00:00,2026-04-21T08:05:29.872986+00:00
209,NZ,NZD,labour_cost_index_yoy,Labour Cost Index (YoY),Inflation,labor,quarterly,124.00,124.15,False,True,,"[""CPI""]",25,2020-02-04T21:45:00+00:00,2026-05-05T22:45:00+00:00,2026-04-21T08:05:29.872986+00:00
210,CA,CAD,retail_sales_mom,Retail Sales (MoM),Growth,growth,monthly,81.00,76.81,True,False,,"[""GDP"", ""CPI"", ""UNEMPLOYMENT""]",84,2020-01-24T13:30:00+00:00,2026-04-24T12:35:00+00:00,2026-04-21T08:05:29.872986+00:00
211,CA,CAD,gdp_mom,GDP (MoM),Growth,growth,monthly,88.00,77.28,True,False,GDP,"[""GDP"", ""CPI"", ""UNEMPLOYMENT""]",96,2020-01-31T13:30:00+00:00,2026-04-30T12:30:00+00:00,2026-04-21T08:05:29.872986+00:00
212,CA,CAD,wholesale_sales_mom,Wholesale Sales (MoM),Growth,growth,monthly,73.00,66.15,False,True,,"[""GDP"", ""CPI"", ""UNEMPLOYMENT""]",132,2020-01-22T13:30:00+00:00,2026-04-15T12:30:00+00:00,2026-04-21T08:05:29.872986+00:00
213,CA,CAD,imports,Imports,Growth,trade,monthly,65.00,66.57,False,True,,"[""GDP"", ""CPI"", ""UNEMPLOYMENT""]",77,2020-01-07T13:30:00+00:00,2026-05-05T12:30:00+00:00,2026-04-21T08:05:29.872986+00:00
214,CA,CAD,exports,Exports,Growth,trade,monthly,65.00,66.57,False,True,,"[""GDP"", ""CPI"", ""UNEMPLOYMENT""]",77,2020-01-07T13:30:00+00:00,2026-05-05T12:30:00+00:00,2026-04-21T08:05:29.872986+00:00
215,CH,CHF,retail_sales_yoy,Retail Sales (YoY),Growth,growth,monthly,61.00,61.14,False,True,,"[""GDP"", ""CPI"", ""UNEMPLOYMENT""]",74,2020-01-09T07:30:00+00:00,2026-05-01T06:30:00+00:00,2026-04-21T08:05:29.872986+00:00
216,CH,CHF,economic_sentiment_index,Economic Sentiment Index,Growth,sentiment,monthly,26.00,26.29,False,True,,"[""GDP"", ""CPI"", ""UNEMPLOYMENT""]",74,2020-01-29T09:00:00+00:00,2026-04-29T08:00:00+00:00,2026-04-21T08:05:29.872986+00:00
