central_bank_code,target_family,target_indicator_key,target_indicator,feature_indicator_key,feature_indicator,feature_category,observations,same_category,lag_score,correlation_score,pca_score,selected_lag,selection_reason,selection_score
BOC,inflation,core_cpi_yoy,Core CPI (YoY),ppi_yoy,PPI (YoY),Inflation,76,True,0.8856910770431676,0.566832381065192,0.2850960545906697,6,"lag_relationship,correlated_with_target,pca_driver,same_macro_theme",0.8563751071775836
BOC,inflation,core_cpi_yoy,Core CPI (YoY),core_cpi_mom,Core CPI (MoM),Inflation,45,True,0.5274662104307427,0.3815391131756948,0.3347891241472648,6,"lag_relationship,correlated_with_target,pca_driver,same_macro_theme",0.6082898972686324
BOC,inflation,core_cpi_yoy,Core CPI (YoY),cpi_headline_yoy,Headline CPI (YoY),Inflation,76,True,0.0,0.95796432453151,0.3886655144833463,1,"correlated_with_target,pca_driver,same_macro_theme",0.5906891245319549
BOC,inflation,core_cpi_yoy,Core CPI (YoY),cpi_headline_mom,Headline CPI (MoM),Inflation,72,True,0.3997886581826105,0.2838891493617418,0.1987183854875247,6,"lag_relationship,correlated_with_target,pca_driver,same_macro_theme",0.534879398813826
BOC,inflation,core_cpi_yoy,Core CPI (YoY),ppi_mom,PPI (MoM),Inflation,73,True,0.3828952790855328,0.011573848290947,0.0,6,"lag_relationship,correlated_with_target,same_macro_theme",0.41702503007577385
BOC,inflation,core_cpi_yoy,Core CPI (YoY),raw_materials_prices_mom,Raw Materials Prices (MoM),Inflation,75,True,0.1684182764428581,0.1684182764428579,0.217349393707546,0,"lag_relationship,correlated_with_target,pca_driver,same_macro_theme",0.40266611638827543
BOC,inflation,core_cpi_yoy,Core CPI (YoY),unemployment_rate,Unemployment Rate,Labor,76,False,0.0,0.6459093791012586,0.3419538347147182,1,"correlated_with_target,pca_driver",0.34006588893758527
BOC,inflation,core_cpi_yoy,Core CPI (YoY),exports,Exports,Trade,76,False,0.0,0.5037036376149876,0.2886449814289138,1,"correlated_with_target,pca_driver",0.28940783849883334
BOC,inflation,core_cpi_yoy,Core CPI (YoY),balance_of_trade,Balance of Trade,Trade,76,False,0.0,0.5091802690711108,0.2338486366816714,1,"correlated_with_target,pca_driver",0.2828313762235839
BOC,inflation,core_cpi_yoy,Core CPI (YoY),manufacturing_pmi,Manufacturing PMI,Growth,49,False,0.0,0.46503625836244,0.3679183096955488,1,"correlated_with_target,pca_driver",0.25594862396306434
BOC,inflation,core_cpi_yoy,Core CPI (YoY),new_housing_price_index_yoy,New Housing Price Index (YoY),Housing,63,False,0.0,0.4310467450404197,0.2951192593948749,1,"correlated_with_target,pca_driver",0.2523319124213571
BOC,inflation,core_cpi_yoy,Core CPI (YoY),budget_balance,Budget Balance,Growth,74,False,0.0,0.3962471564923602,0.2516379907446192,1,"correlated_with_target,pca_driver",0.24911984555940092
BOC,inflation,core_cpi_yoy,Core CPI (YoY),retail_sales_yoy,Retail Sales (YoY),Growth,74,False,0.0,0.223440161976515,0.1666807823077939,1,"correlated_with_target,pca_driver",0.18453416593912358
BOC,inflation,core_cpi_yoy,Core CPI (YoY),cfib_business_barometer,CFIB Business Barometer,Sentiment,55,False,0.0,0.2421797536257251,0.2645266355697165,1,"correlated_with_target,pca_driver",0.181082921423175
BOC,gdp_growth,gdp_mom,GDP (MoM),manufacturing_sales_mom,Manufacturing Sales (MoM),Growth,75,True,0.9174787505075284,0.917478750507529,0.2961141172266595,0,"lag_relationship,correlated_with_target,pca_driver,same_macro_theme",0.9762761804646455
BOC,gdp_growth,gdp_mom,GDP (MoM),wholesale_sales_mom,Wholesale Sales (MoM),Growth,80,True,0.8489873730529127,0.8489873730529134,0.2825079123473913,0,"lag_relationship,correlated_with_target,pca_driver,same_macro_theme",0.9291167166417933
BOC,gdp_growth,gdp_mom,GDP (MoM),retail_sales_ex_autos_mom,Retail Sales Ex Autos (MoM),Growth,72,True,0.8056575920804453,0.8056575920804453,0.2768860914433692,0,"lag_relationship,correlated_with_target,pca_driver,same_macro_theme",0.8857761077768392
BOC,gdp_growth,gdp_mom,GDP (MoM),ivey_pmi_sa,Ivey PMI s.a.,Growth,72,True,0.5193426799809946,0.5193426799809948,0.2313669662300276,0,"lag_relationship,correlated_with_target,pca_driver,same_macro_theme",0.6642120549202502
BOC,gdp_growth,gdp_mom,GDP (MoM),new_motor_vehicle_sales,New Motor Vehicle Sales,Growth,76,True,0.343781814624465,0.3437818146244655,0.2015110234135562,0,"lag_relationship,correlated_with_target,pca_driver,same_macro_theme",0.5330630144803823
BOC,gdp_growth,gdp_mom,GDP (MoM),retail_sales_yoy,Retail Sales (YoY),Growth,74,True,0.3184749740686371,0.3184749740686372,0.1666807823077939,0,"lag_relationship,correlated_with_target,pca_driver,same_macro_theme",0.506358347897647
BOC,gdp_growth,gdp_mom,GDP (MoM),manufacturing_pmi,Manufacturing PMI,Growth,49,True,0.2583682096039126,0.2583682096039127,0.3679183096955488,0,"lag_relationship,correlated_with_target,pca_driver,same_macro_theme",0.4602139036572669
BOC,gdp_growth,gdp_mom,GDP (MoM),budget_balance,Budget Balance,Growth,74,True,0.3565762714192736,0.0156231824949257,0.2516379907446192,2,"lag_relationship,correlated_with_target,pca_driver,same_macro_theme",0.4453919754988438
BOC,gdp_growth,gdp_mom,GDP (MoM),employment_change,Employment Change,Labor,76,False,0.0,0.9443892666672628,0.3072153942361847,1,"correlated_with_target,pca_driver",0.42439908913560653
BOC,gdp_growth,gdp_mom,GDP (MoM),part_time_employment_change,Part-Time Employment Change,Labor,76,False,0.0,0.8207653530003992,0.2598300173507031,1,"correlated_with_target,pca_driver",0.38020410850272524
BOC,gdp_growth,gdp_mom,GDP (MoM),raw_materials_prices_mom,Raw Materials Prices (MoM),Inflation,75,False,0.0,0.6936077557161494,0.217349393707546,1,"correlated_with_target,pca_driver",0.3344347357709767
BOC,gdp_growth,gdp_mom,GDP (MoM),services_pmi,Services PMI,Growth,30,True,0.2285208277235545,0.0176706484372227,0.0,2,"lag_relationship,correlated_with_target,same_macro_theme",0.2956355670067663
BOC,gdp_growth,gdp_mom,GDP (MoM),cpi_headline_mom,Headline CPI (MoM),Inflation,72,False,0.0,0.3754662132490514,0.1987183854875247,1,"correlated_with_target,pca_driver",0.23244762179784412
BOC,gdp_growth,gdp_mom,GDP (MoM),cfib_business_barometer,CFIB Business Barometer,Sentiment,55,False,0.0,0.3631800636556582,0.2645266355697165,1,"correlated_with_target,pca_driver",0.21738301443215494
BOC,unemployment,unemployment_rate,Unemployment Rate,exports,Exports,Trade,76,False,0.0,0.7875321295728703,0.2886449814289138,1,"correlated_with_target,pca_driver",0.3745563860861981
BOC,unemployment,unemployment_rate,Unemployment Rate,cpi_headline_yoy,Headline CPI (YoY),Inflation,76,False,0.0,0.7034072156550025,0.3886655144833463,1,"correlated_with_target,pca_driver",0.3643219918690027
BOC,unemployment,unemployment_rate,Unemployment Rate,full_time_employment_change,Full-Time Employment Change,Labor,76,True,0.0,0.171401375308536,0.2939698828103399,1,"correlated_with_target,pca_driver,same_macro_theme",0.3405158950141118
BOC,unemployment,unemployment_rate,Unemployment Rate,budget_balance,Budget Balance,Growth,74,False,0.0,0.6927581555027283,0.2516379907446192,1,"correlated_with_target,pca_driver",0.3380731452625114
BOC,unemployment,unemployment_rate,Unemployment Rate,part_time_employment_change,Part-Time Employment Change,Labor,76,True,0.0,0.0138049776208652,0.2598300173507031,1,"correlated_with_target,pca_driver,same_macro_theme",0.28811599588886505
BOC,unemployment,unemployment_rate,Unemployment Rate,manufacturing_pmi,Manufacturing PMI,Growth,49,False,0.0,0.4106409510171975,0.3679183096955488,1,"correlated_with_target,pca_driver",0.23963003175949157
BOC,unemployment,unemployment_rate,Unemployment Rate,balance_of_trade,Balance of Trade,Trade,76,False,0.0,0.3563471801378595,0.2338486366816714,1,"correlated_with_target,pca_driver",0.23698144954360856
BOC,unemployment,unemployment_rate,Unemployment Rate,ppi_yoy,PPI (YoY),Inflation,76,False,0.0,0.2426760616643651,0.2850960545906697,1,"correlated_with_target,pca_driver",0.21056722668791
BOC,unemployment,unemployment_rate,Unemployment Rate,new_housing_price_index_mom,New Housing Price Index (MoM),Housing,65,False,0.0,0.2729555439967596,0.3142587968528253,1,"correlated_with_target,pca_driver",0.21027548272695168
BOC,unemployment,unemployment_rate,Unemployment Rate,raw_materials_prices_mom,Raw Materials Prices (MoM),Inflation,75,False,0.0,0.2264695295549212,0.217349393707546,1,"correlated_with_target,pca_driver",0.19429326792260826
BOC,unemployment,unemployment_rate,Unemployment Rate,retail_sales_yoy,Retail Sales (YoY),Growth,74,False,0.0,0.2494552604237339,0.1666807823077939,1,"correlated_with_target,pca_driver",0.19233869547328925
BOC,unemployment,unemployment_rate,Unemployment Rate,ivey_pmi_sa,Ivey PMI s.a.,Growth,72,False,0.0,0.195399470983481,0.2313669662300276,1,"correlated_with_target,pca_driver",0.18332488622954846
BOC,unemployment,unemployment_rate,Unemployment Rate,cpi_headline_mom,Headline CPI (MoM),Inflation,72,False,0.0,0.1961115380602819,0.1987183854875247,1,"correlated_with_target,pca_driver",0.1786412192412133
BOC,unemployment,unemployment_rate,Unemployment Rate,cfib_business_barometer,CFIB Business Barometer,Sentiment,55,False,0.0,0.2294883677184152,0.2645266355697165,1,"correlated_with_target,pca_driver",0.17727550565098205
BOE,inflation,core_cpi_yoy,Core CPI (YoY),retail_price_index_yoy,Retail Price Index (YoY),Inflation,76,True,0.932210222605224,0.902102802362228,0.2535130341110903,3,"lag_relationship,correlated_with_target,pca_driver,same_macro_theme",0.9731523959976827
BOE,inflation,core_cpi_yoy,Core CPI (YoY),ppi_core_output_yoy,PPI Core Output (YoY),Inflation,67,True,0.8446490630319782,0.5967699941905835,0.2791065365445043,6,"lag_relationship,correlated_with_target,pca_driver,same_macro_theme",0.8347390571032409
BOE,inflation,core_cpi_yoy,Core CPI (YoY),retail_price_index_mom,Retail Price Index (MoM),Inflation,72,True,0.5359906012123743,0.3571496452302786,0.2117028743733909,6,"lag_relationship,correlated_with_target,pca_driver,same_macro_theme",0.6200960952706607
BOE,inflation,core_cpi_yoy,Core CPI (YoY),ppi_core_output_mom,PPI Core Output (MoM),Inflation,55,True,0.6136424292311969,0.244147683346074,0.2382455068684382,6,"lag_relationship,correlated_with_target,pca_driver,same_macro_theme",0.6038702241881265
BOE,inflation,core_cpi_yoy,Core CPI (YoY),core_rpi_yoy,Core RPI (YoY),Inflation,24,True,0.7764064116451265,0.1074435358341469,0.0,6,"lag_relationship,correlated_with_target,same_macro_theme",0.561615945990551
BOE,inflation,core_cpi_yoy,Core CPI (YoY),core_cpi_mom,Core CPI (MoM),Inflation,70,True,0.3325226063709967,0.2872401909943537,0.0,4,"lag_relationship,correlated_with_target,same_macro_theme",0.47330723016525467
BOE,inflation,core_cpi_yoy,Core CPI (YoY),ppi_output_mom,PPI Output (MoM),Inflation,58,True,0.4389510387204305,0.1276094846458153,0.0,6,"lag_relationship,correlated_with_target,same_macro_theme",0.45831081281793834
BOE,inflation,core_cpi_yoy,Core CPI (YoY),ppi_input_mom,PPI Input (MoM),Inflation,66,True,0.2219128129755243,0.0159585187293042,0.1596193014817409,6,"lag_relationship,correlated_with_target,pca_driver,same_macro_theme",0.3610912166800383
BOE,inflation,core_cpi_yoy,Core CPI (YoY),avg_earnings_excl_bonus,Average Earnings (excl. Bonus),Labor,74,False,0.0,0.6361674096983324,0.2915968584737229,1,"correlated_with_target,pca_driver",0.32708975168055815
BOE,inflation,core_cpi_yoy,Core CPI (YoY),unemployment_rate,Unemployment Rate,Labor,76,False,0.0,0.5562877493524584,0.2018655449434155,1,"correlated_with_target,pca_driver",0.29216615654724987
BOE,inflation,core_cpi_yoy,Core CPI (YoY),consumer_confidence,Consumer Confidence,Sentiment,76,False,0.0,0.4950075252279345,0.2538327099793193,1,"correlated_with_target,pca_driver",0.2815771640652782
BOE,inflation,core_cpi_yoy,Core CPI (YoY),retail_sales_ex_fuel_yoy,Retail Sales Ex Fuel (YoY),Growth,75,False,0.0,0.4007040680870246,0.3326698618140483,1,"correlated_with_target,pca_driver",0.2638616996982146
BOE,inflation,core_cpi_yoy,Core CPI (YoY),cbi_industrial_trends_orders,CBI Industrial Trends Orders,Sentiment,76,False,0.0,0.3881459948286498,0.2788656517782382,1,"correlated_with_target,pca_driver",0.25327364621533066
BOE,inflation,core_cpi_yoy,Core CPI (YoY),hmrc_payrolls_change,HMRC Payrolls Change,Labor,41,False,0.0,0.4047537398730301,0.3342432743865316,1,"correlated_with_target,pca_driver",0.22281261311988876
BOE,gdp_growth,gdp_yoy,GDP (YoY),industrial_production_yoy,Industrial Production (YoY),Growth,76,True,0.9296197876439972,0.9296197876439962,0.3013040413071897,0,"lag_relationship,correlated_with_target,pca_driver,same_macro_theme",0.9874104469290761
BOE,gdp_growth,gdp_yoy,GDP (YoY),retail_sales_ex_fuel_yoy,Retail Sales Ex Fuel (YoY),Growth,75,True,0.5822857269186311,0.5822857269186309,0.3326698618140483,0,"lag_relationship,correlated_with_target,pca_driver,same_macro_theme",0.7303647744610805
BOE,gdp_growth,gdp_yoy,GDP (YoY),niesr_monthly_gdp_tracker,NIESR Monthly GDP Tracker,Growth,64,True,0.4522897824343422,0.4522897824343427,0.2647667030528812,0,"lag_relationship,correlated_with_target,pca_driver,same_macro_theme",0.608932342283689
BOE,gdp_growth,gdp_yoy,GDP (YoY),public_sector_net_borrowing,Public Sector Net Borrowing,Growth,71,True,0.3144466165688308,0.3144466165688305,0.2068990089525154,0,"lag_relationship,correlated_with_target,pca_driver,same_macro_theme",0.5056198137695003
BOE,gdp_growth,gdp_yoy,GDP (YoY),composite_pmi,Composite PMI,Growth,29,True,0.4370235101654667,0.3863509024217579,0.0,2,"lag_relationship,correlated_with_target,same_macro_theme",0.4988158503009874
BOE,gdp_growth,gdp_yoy,GDP (YoY),retail_sales_ex_fuel_mom,Retail Sales Ex Fuel (MoM),Growth,75,True,0.2405182387008845,0.067863732659936,0.1733677293344962,1,"lag_relationship,correlated_with_target,pca_driver,same_macro_theme",0.39834748661355324
BOE,gdp_growth,gdp_yoy,GDP (YoY),manufacturing_pmi,Manufacturing PMI,Growth,29,True,0.390442920696547,0.0872029022938477,0.0,5,"lag_relationship,correlated_with_target,same_macro_theme",0.38811018500160044
BOE,gdp_growth,gdp_yoy,GDP (YoY),cbi_industrial_trends_orders,CBI Industrial Trends Orders,Sentiment,76,False,0.0,0.6903285200199998,0.2788656517782382,1,"correlated_with_target,pca_driver",0.3439284037727357
BOE,gdp_growth,gdp_yoy,GDP (YoY),gdp_mom,GDP (MoM),Growth,69,True,0.0,0.2468630569099692,0.216104704270708,1,"correlated_with_target,pca_driver,same_macro_theme",0.34272462271359694
BOE,gdp_growth,gdp_yoy,GDP (YoY),claimant_count_change,Claimant Count Change,Labor,76,False,0.0,0.6458550707976032,0.2600240832323665,1,"correlated_with_target,pca_driver",0.3277601337241359
BOE,gdp_growth,gdp_yoy,GDP (YoY),avg_earnings_incl_bonus,Average Earnings (incl. Bonus),Labor,75,False,0.0,0.6437238618639081,0.2454055105116915,1,"correlated_with_target,pca_driver",0.32367798513592616
BOE,gdp_growth,gdp_yoy,GDP (YoY),ppi_input_yoy,PPI Input (YoY),Inflation,68,False,0.0,0.5434789361674808,0.2980000646450012,1,"correlated_with_target,pca_driver",0.2927436905469944
BOE,gdp_growth,gdp_yoy,GDP (YoY),cbi_business_optimism,CBI Business Optimism Index,Sentiment,25,False,0.0,0.6387529913635339,0.176866111848199,1,"correlated_with_target,pca_driver",0.24940581418629001
BOE,gdp_growth,gdp_yoy,GDP (YoY),consumer_confidence,Consumer Confidence,Sentiment,76,False,0.0,0.367990854537704,0.2538327099793193,1,"correlated_with_target,pca_driver",0.24347216285820908
BOE,unemployment,unemployment_rate,Unemployment Rate,hmrc_payrolls_change,HMRC Payrolls Change,Labor,41,True,0.4590425455875842,0.3782643418787235,0.3342432743865316,2,"lag_relationship,correlated_with_target,pca_driver,same_macro_theme",0.5714349392360097
BOE,unemployment,unemployment_rate,Unemployment Rate,avg_earnings_incl_bonus,Average Earnings (incl. Bonus),Labor,75,True,0.4926398392203424,0.0326667853236918,0.2454055105116915,6,"lag_relationship,correlated_with_target,pca_driver,same_macro_theme",0.5120487898230154
BOE,unemployment,unemployment_rate,Unemployment Rate,claimant_count_change,Claimant Count Change,Labor,76,True,0.3509287339766507,0.0960747822141259,0.2600240832323665,6,"lag_relationship,correlated_with_target,pca_driver,same_macro_theme",0.47074397743858554
BOE,unemployment,unemployment_rate,Unemployment Rate,employment_change,Employment Change,Labor,76,True,0.1572178339900555,0.1035899774311395,0.0,4,"lag_relationship,correlated_with_target,same_macro_theme",0.3468250185248668
BOE,unemployment,unemployment_rate,Unemployment Rate,retail_price_index_yoy,Retail Price Index (YoY),Inflation,76,False,0.0,0.6191658332230279,0.2535130341110903,1,"correlated_with_target,pca_driver",0.3187767050835719
BOE,unemployment,unemployment_rate,Unemployment Rate,core_cpi_yoy,Core CPI (YoY),Inflation,76,False,0.0,0.5562877493524584,0.2420081755740031,1,"correlated_with_target,pca_driver",0.2981875511418379
BOE,unemployment,unemployment_rate,Unemployment Rate,consumer_confidence,Consumer Confidence,Sentiment,76,False,0.0,0.5343141542286793,0.2538327099793193,1,"correlated_with_target,pca_driver",0.2933691527655017
BOE,unemployment,unemployment_rate,Unemployment Rate,retail_sales_ex_fuel_yoy,Retail Sales Ex Fuel (YoY),Growth,75,False,0.0,0.4901345022152529,0.3326698618140483,1,"correlated_with_target,pca_driver",0.2906908299366831
BOE,unemployment,unemployment_rate,Unemployment Rate,ppi_core_output_yoy,PPI Core Output (YoY),Inflation,67,False,0.0,0.5094652644539993,0.2791065365445043,1,"correlated_with_target,pca_driver",0.27845555981787545
BOE,unemployment,unemployment_rate,Unemployment Rate,cbi_industrial_trends_orders,CBI Industrial Trends Orders,Sentiment,76,False,0.0,0.3196404556721844,0.2788656517782382,1,"correlated_with_target,pca_driver",0.23272198446839104
BOE,unemployment,unemployment_rate,Unemployment Rate,retail_price_index_mom,Retail Price Index (MoM),Inflation,72,False,0.0,0.3539125549197908,0.2117028743733909,1,"correlated_with_target,pca_driver",0.22792919763194586
BOE,unemployment,unemployment_rate,Unemployment Rate,industrial_production_yoy,Industrial Production (YoY),Growth,76,False,0.0,0.2446284799856392,0.3013040413071897,1,"correlated_with_target,pca_driver",0.2135841501917702
BOE,unemployment,unemployment_rate,Unemployment Rate,ppi_core_output_mom,PPI Core Output (MoM),Inflation,55,False,0.0,0.3393622699559355,0.2382455068684382,1,"correlated_with_target,pca_driver",0.20629550701704638
BOE,unemployment,unemployment_rate,Unemployment Rate,core_rpi_yoy,Core RPI (YoY),Inflation,24,False,0.0,0.543893096897281,0.0,1,correlated_with_target,0.1931679290691843
BOJ,inflation,cpi_headline_yoy,Headline CPI (YoY),cpi_index,Consumer Price Index,Inflation,70,True,0.7308599180842273,0.7308599180842273,0.2118882974725932,0,"lag_relationship,correlated_with_target,pca_driver,same_macro_theme",0.8174281831840595
BOJ,inflation,cpi_headline_yoy,Headline CPI (YoY),ppi_yoy,PPI (YoY),Inflation,75,True,0.6620032664579768,0.3773323860430877,0.1624672141296354,6,"lag_relationship,correlated_with_target,pca_driver,same_macro_theme",0.6792212678384612
BOJ,inflation,cpi_headline_yoy,Headline CPI (YoY),core_cpi_yoy,Core CPI (YoY),Inflation,74,True,0.0,0.9641675761607628,0.2359210660315635,1,"correlated_with_target,pca_driver,same_macro_theme",0.5671384327529634
BOJ,inflation,cpi_headline_yoy,Headline CPI (YoY),cpi_headline_mom,Headline CPI (MoM),Inflation,69,True,0.4406344953335264,0.4181442179374733,0.0,5,"lag_relationship,correlated_with_target,same_macro_theme",0.559978788281329
BOJ,inflation,cpi_headline_yoy,Headline CPI (YoY),cpi_ex_food_energy_yoy,CPI Ex Food and Energy (YoY),Inflation,75,True,0.0,0.8443729603208108,0.299368559399061,1,"correlated_with_target,pca_driver,same_macro_theme",0.5419671720061023
BOJ,inflation,cpi_headline_yoy,Headline CPI (YoY),ppi_mom,PPI (MoM),Inflation,68,True,0.2410363532486375,0.1232148559832637,0.2423865560154988,6,"lag_relationship,correlated_with_target,pca_driver,same_macro_theme",0.4167887991591908
BOJ,inflation,cpi_headline_yoy,Headline CPI (YoY),coincident_index,Coincident Index,Growth,76,False,0.0,0.7317985623910732,0.2030862697210742,1,"correlated_with_target,pca_driver",0.34500250917548314
BOJ,inflation,cpi_headline_yoy,Headline CPI (YoY),unemployment_rate,Unemployment Rate,Labor,75,False,0.0,0.6467461333494562,0.2158379944502154,1,"correlated_with_target,pca_driver",0.32014953917236916
BOJ,inflation,cpi_headline_yoy,Headline CPI (YoY),services_pmi,S&P Global Services PMI,Growth,77,False,0.0,0.5578251298923901,0.2276024113633742,1,"correlated_with_target,pca_driver",0.29773790067222317
BOJ,inflation,cpi_headline_yoy,Headline CPI (YoY),leading_economic_index,Leading Economic Index,Growth,76,False,0.0,0.4915782262191398,0.2320006974664118,1,"correlated_with_target,pca_driver",0.2772735724857037
BOJ,inflation,cpi_headline_yoy,Headline CPI (YoY),eco_watchers_current,Eco Watchers Survey Current,Sentiment,76,False,0.0,0.4807703394033835,0.2047005807097212,1,"correlated_with_target,pca_driver",0.2699361889274732
BOJ,inflation,cpi_headline_yoy,Headline CPI (YoY),machine_tool_orders_yoy,Machine Tool Orders (YoY),Growth,80,False,0.0,0.379963107261173,0.3153816985389736,1,"correlated_with_target,pca_driver",0.26129618695919793
BOJ,inflation,cpi_headline_yoy,Headline CPI (YoY),balance_of_trade,Balance of Trade,Growth,78,False,0.0,0.3843881990846309,0.2133737597787798,1,"correlated_with_target,pca_driver",0.24482252369220622
BOJ,inflation,cpi_headline_yoy,Headline CPI (YoY),eco_watchers_outlook,Eco Watchers Survey Outlook,Sentiment,76,False,0.0,0.3924204799569272,0.184457201111493,1,"correlated_with_target,pca_driver",0.2403947241538021
BOJ,gdp_growth,gdp_qoq,GDP (QoQ),capacity_utilization,Capacity Utilization,Growth,75,True,0.7716703300996116,0.7716703300996122,0.3302692824483402,0,"lag_relationship,correlated_with_target,pca_driver,same_macro_theme",0.8720431399419599
BOJ,gdp_growth,gdp_qoq,GDP (QoQ),industrial_production_mom,Industrial Production (MoM),Growth,77,True,0.7218127462139567,0.721812746213956,0.2989540259049987,0,"lag_relationship,correlated_with_target,pca_driver,same_macro_theme",0.8324526635462173
BOJ,gdp_growth,gdp_qoq,GDP (QoQ),tertiary_industry_index_mom,Tertiary Industry Index (MoM),Growth,75,True,0.7051276770984002,0.7051276770984002,0.3431737002512582,0,"lag_relationship,correlated_with_target,pca_driver,same_macro_theme",0.8240718128614889
BOJ,gdp_growth,gdp_qoq,GDP (QoQ),services_pmi,S&P Global Services PMI,Growth,77,True,0.6464162844360852,0.646416284436085,0.2276024113633742,0,"lag_relationship,correlated_with_target,pca_driver,same_macro_theme",0.7652025750315701
BOJ,gdp_growth,gdp_qoq,GDP (QoQ),machinery_orders_mom,Machinery Orders (MoM),Growth,75,True,0.6372626136562074,0.6372626136562074,0.0,0,"lag_relationship,correlated_with_target,same_macro_theme",0.7216969602421556
BOJ,gdp_growth,gdp_qoq,GDP (QoQ),retail_sales_yoy,Retail Sales (YoY),Growth,75,True,0.551843888303265,0.5518438883032651,0.0,0,"lag_relationship,correlated_with_target,same_macro_theme",0.6576329162274488
BOJ,gdp_growth,gdp_qoq,GDP (QoQ),retail_sales_mom,Retail Sales (MoM),Growth,75,True,0.4758052564207928,0.4758052564207927,0.2663012945619772,0,"lag_relationship,correlated_with_target,pca_driver,same_macro_theme",0.6405491364998911
BOJ,gdp_growth,gdp_qoq,GDP (QoQ),leading_economic_index,Leading Economic Index,Growth,76,True,0.4067821383960726,0.228578252323104,0.2320006974664118,2,"lag_relationship,correlated_with_target,pca_driver,same_macro_theme",0.5314255425951256
BOJ,gdp_growth,gdp_qoq,GDP (QoQ),manufacturing_pmi,S&P Global Manufacturing PMI,Growth,77,True,0.3044356852631203,0.287503355564666,0.2500254898605776,1,"lag_relationship,correlated_with_target,pca_driver,same_macro_theme",0.5070008885168906
BOJ,gdp_growth,gdp_qoq,GDP (QoQ),household_spending_mom,Household Spending (MoM),Growth,76,True,0.3157765904375745,0.2752887336426786,0.2378238547192943,6,"lag_relationship,correlated_with_target,pca_driver,same_macro_theme",0.5053596639976062
BOJ,gdp_growth,gdp_qoq,GDP (QoQ),balance_of_trade,Balance of Trade,Growth,78,True,0.3373467512676772,0.1798662214104017,0.2133737597787798,6,"lag_relationship,correlated_with_target,pca_driver,same_macro_theme",0.4852719684603922
BOJ,gdp_growth,gdp_qoq,GDP (QoQ),machine_tool_orders_yoy,Machine Tool Orders (YoY),Growth,80,True,0.2690760534223743,0.1320647512401142,0.3153816985389736,4,"lag_relationship,correlated_with_target,pca_driver,same_macro_theme",0.45801090419294865
BOJ,gdp_growth,gdp_qoq,GDP (QoQ),household_spending_yoy,Household Spending (YoY),Growth,76,True,0.2790191480829547,0.2686987601328896,0.0,4,"lag_relationship,correlated_with_target,same_macro_theme",0.4511682446771965
BOJ,gdp_growth,gdp_qoq,GDP (QoQ),machinery_orders_yoy,Machinery Orders (YoY),Growth,76,True,0.2924241225094549,0.1859147947121163,0.0,1,"lag_relationship,correlated_with_target,same_macro_theme",0.43236529354288955
BOJ,unemployment,unemployment_rate,Unemployment Rate,cpi_headline_yoy,Headline CPI (YoY),Inflation,75,False,0.0,0.6467461333494562,0.2423028146893594,1,"correlated_with_target,pca_driver",0.3241192622082408
BOJ,unemployment,unemployment_rate,Unemployment Rate,coincident_index,Coincident Index,Growth,76,False,0.0,0.5918649726161849,0.2030862697210742,1,"correlated_with_target,pca_driver",0.3030224322430166
BOJ,unemployment,unemployment_rate,Unemployment Rate,cpi_ex_food_energy_yoy,CPI Ex Food and Energy (YoY),Inflation,75,False,0.0,0.5448170361976659,0.299368559399061,1,"correlated_with_target,pca_driver",0.3021003947691589
BOJ,unemployment,unemployment_rate,Unemployment Rate,machine_tool_orders_yoy,Machine Tool Orders (YoY),Growth,80,False,0.0,0.3569300876620625,0.3153816985389736,1,"correlated_with_target,pca_driver",0.2543862810794648
BOJ,unemployment,unemployment_rate,Unemployment Rate,cpi_index,Consumer Price Index,Inflation,70,False,0.0,0.4457158495564212,0.2118882974725932,1,"correlated_with_target,pca_driver",0.2529979994878153
BOJ,unemployment,unemployment_rate,Unemployment Rate,leading_economic_index,Leading Economic Index,Growth,76,False,0.0,0.3096341553736023,0.2320006974664118,1,"correlated_with_target,pca_driver",0.22269035123204245
BOJ,unemployment,unemployment_rate,Unemployment Rate,services_pmi,S&P Global Services PMI,Growth,77,False,0.0,0.2977209178805975,0.2276024113633742,1,"correlated_with_target,pca_driver",0.21970663706868537
BOJ,unemployment,unemployment_rate,Unemployment Rate,reuters_tankan_index,Reuters Tankan Index,Sentiment,76,False,0.0,0.2684547990969141,0.2118315812685053,1,"correlated_with_target,pca_driver",0.20731117691935003
BOJ,unemployment,unemployment_rate,Unemployment Rate,balance_of_trade,Balance of Trade,Growth,78,False,0.0,0.2405052309682422,0.2133737597787798,1,"correlated_with_target,pca_driver",0.20165763325728964
BOJ,unemployment,unemployment_rate,Unemployment Rate,tankan_small_manufacturers_index,Tankan Small Manufacturers Index,Sentiment,24,False,0.0,0.4264048168361465,0.2478237529022001,1,"correlated_with_target,pca_driver",0.19509500798617394
BOJ,unemployment,unemployment_rate,Unemployment Rate,capacity_utilization,Capacity Utilization,Growth,75,False,0.0,0.1483799406449401,0.3302692824483402,1,"correlated_with_target,pca_driver",0.18780437456073307
BOJ,unemployment,unemployment_rate,Unemployment Rate,ppi_yoy,PPI (YoY),Inflation,75,False,0.0,0.2109456137985813,0.1624672141296354,1,"correlated_with_target,pca_driver",0.18140376625901972
BOJ,unemployment,unemployment_rate,Unemployment Rate,industrial_production_mom,Industrial Production (MoM),Growth,77,False,0.0,0.1311428153856266,0.2989540259049987,1,"correlated_with_target,pca_driver",0.1804359485014378
BOJ,unemployment,unemployment_rate,Unemployment Rate,retail_sales_mom,Retail Sales (MoM),Growth,75,False,0.0,0.1404363287647748,0.2663012945619772,1,"correlated_with_target,pca_driver",0.17582609281372902
ECB,inflation,core_cpi_yoy,Core HICP (YoY),cpi_index,Consumer Price Index,Inflation,50,True,0.842356078426967,0.0894242053035956,0.283220757098969,6,"lag_relationship,correlated_with_target,pca_driver,same_macro_theme",0.6608706104480592
ECB,inflation,core_cpi_yoy,Core HICP (YoY),cpi_headline_yoy,Headline HICP (YoY),Inflation,76,True,0.0,0.814561578889408,0.4592560903435156,1,"correlated_with_target,pca_driver,same_macro_theme",0.5582568872183497
ECB,inflation,core_cpi_yoy,Core HICP (YoY),cpi_headline_mom,Headline HICP (MoM),Inflation,72,True,0.3895840727269257,0.2029880488563126,0.3774808594230369,6,"lag_relationship,correlated_with_target,pca_driver,same_macro_theme",0.5328313762974658
ECB,inflation,core_cpi_yoy,Core HICP (YoY),consumer_inflation_expectation,Consumer Inflation Expectation,Inflation,76,True,0.4294433646140069,0.0092802833192975,0.5136478377762088,6,"lag_relationship,correlated_with_target,pca_driver,same_macro_theme",0.5180807747385237
ECB,inflation,core_cpi_yoy,Core HICP (YoY),unemployment_rate,Unemployment Rate,Labor,76,False,0.0,0.6806525771202744,0.3711035434790552,1,"correlated_with_target,pca_driver",0.35486130465794063
ECB,inflation,core_cpi_yoy,Core HICP (YoY),zew_economic_sentiment,ZEW Economic Sentiment Index,Sentiment,76,False,0.0,0.6548612845158892,0.3356168132550795,1,"correlated_with_target,pca_driver",0.3418009073430287
ECB,inflation,core_cpi_yoy,Core HICP (YoY),consumer_confidence,Consumer Confidence,Sentiment,77,False,0.0,0.5597588202181725,0.3070804442109299,1,"correlated_with_target,pca_driver",0.3102397126970912
ECB,inflation,core_cpi_yoy,Core HICP (YoY),manufacturing_pmi,Manufacturing PMI,Growth,69,False,0.0,0.307717158078208,0.3022947039742371,1,"correlated_with_target,pca_driver",0.22390935301959797
ECB,inflation,core_cpi_yoy,Core HICP (YoY),construction_output_yoy,Construction Output (YoY),Growth,75,False,0.0,0.0139755689867937,0.5252143092080225,1,"correlated_with_target,pca_driver",0.17672481707724147
ECB,inflation,core_cpi_yoy,Core HICP (YoY),economic_sentiment,Economic Sentiment,Sentiment,77,False,0.0,0.0319983300982511,0.4192522596323578,1,"correlated_with_target,pca_driver",0.168737337974329
ECB,inflation,core_cpi_yoy,Core HICP (YoY),composite_pmi,Composite PMI,Growth,19,False,0.0,0.2728277562399206,0.3867684281633559,1,"correlated_with_target,pca_driver",0.16361359109647955
ECB,inflation,core_cpi_yoy,Core HICP (YoY),construction_output_mom,Construction Output (MoM),Growth,21,False,0.0,0.3815177146092852,0.0,1,correlated_with_target,0.14070531438278555
ECB,inflation,core_cpi_yoy,Core HICP (YoY),gdp_qoq,GDP (QoQ),Growth,24,False,0.0,0.0180523715697244,0.4122818182851361,1,"correlated_with_target,pca_driver",0.09725798421368773
ECB,inflation,core_cpi_yoy,Core HICP (YoY),new_car_sales_yoy,New Car Sales (YoY),Growth,5,False,0.0,0.0,0.0,1,coverage,0.00625
ECB,gdp_growth,gdp_qoq,GDP (QoQ),manufacturing_pmi,Manufacturing PMI,Growth,69,True,0.5162218925829313,0.5162218925829313,0.3022947039742371,0,"lag_relationship,correlated_with_target,pca_driver,same_macro_theme",0.668760625033334
ECB,gdp_growth,gdp_qoq,GDP (QoQ),construction_output_yoy,Construction Output (YoY),Growth,75,True,0.3975140907238545,0.3975140907238546,0.5252143092080225,0,"lag_relationship,correlated_with_target,pca_driver,same_macro_theme",0.6206677144240943
ECB,gdp_growth,gdp_qoq,GDP (QoQ),economic_sentiment,Economic Sentiment,Sentiment,77,False,0.0,0.2670798684440409,0.4192522596323578,1,"correlated_with_target,pca_driver",0.23926179947806595
ECB,gdp_growth,gdp_qoq,GDP (QoQ),composite_pmi,Composite PMI,Growth,19,True,0.0,0.0,0.3867684281633559,1,"pca_driver,same_macro_theme",0.23176526422450336
ECB,gdp_growth,gdp_qoq,GDP (QoQ),consumer_confidence,Consumer Confidence,Sentiment,77,False,0.0,0.2035753324964571,0.3070804442109299,1,"correlated_with_target,pca_driver",0.20338466638057662
ECB,gdp_growth,gdp_qoq,GDP (QoQ),zew_economic_sentiment,ZEW Economic Sentiment Index,Sentiment,76,False,0.0,0.173770761121471,0.3356168132550795,1,"correlated_with_target,pca_driver",0.1974737503247032
ECB,gdp_growth,gdp_qoq,GDP (QoQ),consumer_inflation_expectation,Consumer Inflation Expectation,Inflation,76,False,0.0,0.0730973496522011,0.5136478377762088,1,"correlated_with_target,pca_driver",0.19397638056209165
ECB,gdp_growth,gdp_qoq,GDP (QoQ),unemployment_rate,Unemployment Rate,Labor,76,False,0.0,0.1202106434382069,0.3711035434790552,1,"correlated_with_target,pca_driver",0.18672872455332035
ECB,gdp_growth,gdp_qoq,GDP (QoQ),construction_output_mom,Construction Output (MoM),Growth,21,True,0.0,0.0,0.0,1,same_macro_theme,0.17625
ECB,gdp_growth,gdp_qoq,GDP (QoQ),cpi_headline_mom,Headline HICP (MoM),Inflation,72,False,0.0,0.0883242913693448,0.3774808594230369,1,"correlated_with_target,pca_driver",0.17311941632425898
ECB,gdp_growth,gdp_qoq,GDP (QoQ),cpi_headline_yoy,Headline HICP (YoY),Inflation,76,False,0.0,0.0243818434433535,0.4592560903435156,1,"correlated_with_target,pca_driver",0.17120296658453338
ECB,gdp_growth,gdp_qoq,GDP (QoQ),new_car_sales_yoy,New Car Sales (YoY),Growth,5,True,0.0,0.0,0.0,1,same_macro_theme,0.15625
ECB,gdp_growth,gdp_qoq,GDP (QoQ),core_cpi_yoy,Core HICP (YoY),Inflation,76,False,0.0,0.0180523715697244,0.3428500401250067,1,"correlated_with_target,pca_driver",0.15184321748966834
ECB,gdp_growth,gdp_qoq,GDP (QoQ),cpi_index,Consumer Price Index,Inflation,50,False,0.0,0.0,0.283220757098969,1,pca_driver,0.10498311356484535
ECB,unemployment,unemployment_rate,Unemployment Rate,core_cpi_yoy,Core HICP (YoY),Inflation,76,False,0.0,0.6806525771202744,0.3428500401250067,1,"correlated_with_target,pca_driver",0.35062327915483327
ECB,unemployment,unemployment_rate,Unemployment Rate,zew_economic_sentiment,ZEW Economic Sentiment Index,Sentiment,76,False,0.0,0.4840367024573783,0.3356168132550795,1,"correlated_with_target,pca_driver",0.2905535327254754
ECB,unemployment,unemployment_rate,Unemployment Rate,cpi_headline_yoy,Headline HICP (YoY),Inflation,76,False,0.0,0.4019956073538349,0.4592560903435156,1,"correlated_with_target,pca_driver",0.28448709575767783
ECB,unemployment,unemployment_rate,Unemployment Rate,manufacturing_pmi,Manufacturing PMI,Growth,69,False,0.0,0.5050464140122023,0.3022947039742371,1,"correlated_with_target,pca_driver",0.28310812979979627
ECB,unemployment,unemployment_rate,Unemployment Rate,consumer_inflation_expectation,Consumer Inflation Expectation,Inflation,76,False,0.0,0.3446574096693827,0.5136478377762088,1,"correlated_with_target,pca_driver",0.2754443985672461
ECB,unemployment,unemployment_rate,Unemployment Rate,consumer_confidence,Consumer Confidence,Sentiment,77,False,0.0,0.3179456067461781,0.3070804442109299,1,"correlated_with_target,pca_driver",0.23769574865549292
ECB,unemployment,unemployment_rate,Unemployment Rate,cpi_index,Consumer Price Index,Inflation,50,False,0.0,0.3380092781550137,0.283220757098969,1,"correlated_with_target,pca_driver",0.20638589701134946
ECB,unemployment,unemployment_rate,Unemployment Rate,construction_output_yoy,Construction Output (YoY),Growth,75,False,0.0,0.079241601229179,0.5252143092080225,1,"correlated_with_target,pca_driver",0.19630462674995708
ECB,unemployment,unemployment_rate,Unemployment Rate,cpi_headline_mom,Headline HICP (MoM),Inflation,72,False,0.0,0.07618098707736,0.3774808594230369,1,"correlated_with_target,pca_driver",0.16947642503666355
ECB,unemployment,unemployment_rate,Unemployment Rate,economic_sentiment,Economic Sentiment,Sentiment,77,False,0.0,0.021508069455611,0.4192522596323578,1,"correlated_with_target,pca_driver",0.16559025978153696
ECB,unemployment,unemployment_rate,Unemployment Rate,gdp_qoq,GDP (QoQ),Growth,24,False,0.0,0.1202106434382069,0.4122818182851361,1,"correlated_with_target,pca_driver",0.12790546577423248
ECB,unemployment,unemployment_rate,Unemployment Rate,construction_output_mom,Construction Output (MoM),Growth,21,False,0.0,0.2494878344819083,0.0,1,correlated_with_target,0.10109635034457248
ECB,unemployment,unemployment_rate,Unemployment Rate,composite_pmi,Composite PMI,Growth,19,False,0.0,0.0,0.3867684281633559,1,pca_driver,0.08176526422450338
ECB,unemployment,unemployment_rate,Unemployment Rate,new_car_sales_yoy,New Car Sales (YoY),Growth,5,False,0.0,0.0,0.0,1,coverage,0.00625
FED,inflation,core_cpi_yoy,Core CPI (YoY),consumer_inflation_expectations,Consumer Inflation Expectations,Inflation,37,True,0.9336727940271976,0.8694858285059952,0.2019174675314049,2,"lag_relationship,correlated_with_target,pca_driver,same_macro_theme",0.9075361259937483
FED,inflation,core_cpi_yoy,Core CPI (YoY),ppi_yoy,PPI (YoY),Inflation,36,True,0.9129362551564242,0.7178795254815742,0.1788593287047309,3,"lag_relationship,correlated_with_target,pca_driver,same_macro_theme",0.8480140717705729
FED,inflation,core_cpi_yoy,Core CPI (YoY),cpi_index,CPI Index,Inflation,28,True,0.966247440782488,0.3033360957342074,0.2700469627859365,6,"lag_relationship,correlated_with_target,pca_driver,same_macro_theme",0.7513192214902723
FED,inflation,core_cpi_yoy,Core CPI (YoY),import_prices_yoy,Import Prices (YoY),Inflation,38,True,0.85830449080185,0.4440780141276671,0.1792315315874171,5,"lag_relationship,correlated_with_target,pca_driver,same_macro_theme",0.7438451548372451
FED,inflation,core_cpi_yoy,Core CPI (YoY),cpi_headline_mom,Headline CPI (MoM),Inflation,32,True,0.7822395812824502,0.4106262366940464,0.1762665683044649,5,"lag_relationship,correlated_with_target,pca_driver,same_macro_theme",0.6916356678309863
FED,inflation,core_cpi_yoy,Core CPI (YoY),michigan_inflation_expectations,Michigan Inflation Expectations,Inflation,46,True,0.6460053724814265,0.5883586770619542,0.0,5,"lag_relationship,correlated_with_target,same_macro_theme",0.6747100207352282
FED,inflation,core_cpi_yoy,Core CPI (YoY),core_ppi_mom,Core PPI (MoM),Inflation,32,True,0.6863885865981667,0.3256037431690202,0.0,4,"lag_relationship,correlated_with_target,same_macro_theme",0.5965559869198811
FED,inflation,core_cpi_yoy,Core CPI (YoY),ppi_mom,PPI (MoM),Inflation,35,True,0.7294591497003234,0.2395010206079007,0.0,5,"lag_relationship,correlated_with_target,same_macro_theme",0.5938569235475157
FED,inflation,core_cpi_yoy,Core CPI (YoY),export_prices_mom,Export Prices (MoM),Inflation,37,True,0.7017396603511891,0.1721746592245452,0.0,6,"lag_relationship,correlated_with_target,same_macro_theme",0.5636852449253986
FED,inflation,core_cpi_yoy,Core CPI (YoY),core_pce_price_index_yoy,Core PCE Price Index (YoY),Inflation,45,True,0.0,0.9714440755849152,0.1842462934205236,1,"correlated_with_target,pca_driver,same_macro_theme",0.5253201666885531
FED,inflation,core_cpi_yoy,Core CPI (YoY),import_prices_mom,Import Prices (MoM),Inflation,36,True,0.6667138745587233,0.0668115488524957,0.0,6,"lag_relationship,correlated_with_target,same_macro_theme",0.5150647082071742
FED,inflation,core_cpi_yoy,Core CPI (YoY),core_cpi_mom,Core CPI (MoM),Inflation,34,True,0.0,0.5152023024870142,0.1772916426165493,1,"correlated_with_target,pca_driver,same_macro_theme",0.3736544371385866
FED,inflation,core_cpi_yoy,Core CPI (YoY),umich_inflation_exp_5y,UMich 5Y Inflation Expectations,Inflation,46,True,0.1473124067604092,0.0690528618008016,0.1888945118496748,5,"lag_relationship,correlated_with_target,pca_driver,same_macro_theme",0.3228406183598758
FED,inflation,core_cpi_yoy,Core CPI (YoY),core_pce_price_index_mom,Core PCE Price Index (MoM),Inflation,42,True,0.0,0.3426399342834648,0.0,1,"correlated_with_target,same_macro_theme",0.3052919802850394
FED,gdp_growth,retail_sales_mom,Retail Sales (MoM),ism_manufacturing_employment,ISM Manufacturing Employment,Growth,33,True,0.5272602502056484,0.2494313871394902,0.172621957616524,5,"lag_relationship,correlated_with_target,pca_driver,same_macro_theme",0.5292398223768674
FED,gdp_growth,retail_sales_mom,Retail Sales (MoM),ny_empire_state_mfg,NY Empire State Manufacturing Index,Growth,39,True,0.516197551319703,0.2532715048638836,0.0,5,"lag_relationship,correlated_with_target,same_macro_theme",0.5070203495530314
FED,gdp_growth,retail_sales_mom,Retail Sales (MoM),retail_sales_yoy,Retail Sales (YoY),Growth,41,True,0.3937583991324387,0.3937583991324389,0.0,0,"lag_relationship,correlated_with_target,same_macro_theme",0.49656879934932907
FED,gdp_growth,retail_sales_mom,Retail Sales (MoM),philly_fed_mfg,Philadelphia Fed Manufacturing Index,Growth,40,True,0.3700596731712965,0.2355318825760693,0.1850312188519487,5,"lag_relationship,correlated_with_target,pca_driver,same_macro_theme",0.4649411005276965
FED,gdp_growth,retail_sales_mom,Retail Sales (MoM),sp_global_composite_pmi,S&P Global Composite PMI,Growth,31,True,0.506706267589432,0.0442902907162249,0.2319053830410727,1,"lag_relationship,correlated_with_target,pca_driver,same_macro_theme",0.46484071508627284
FED,gdp_growth,retail_sales_mom,Retail Sales (MoM),sp_global_manufacturing_pmi,S&P Global Manufacturing PMI,Growth,29,True,0.2504446684500276,0.2178021128225039,0.2644540346036514,1,"lag_relationship,correlated_with_target,pca_driver,same_macro_theme",0.4039588398398113
FED,gdp_growth,retail_sales_mom,Retail Sales (MoM),ism_manufacturing_new_orders,ISM Manufacturing New Orders,Growth,33,True,0.3211958505052394,0.2071987077574325,0.0,5,"lag_relationship,correlated_with_target,same_macro_theme",0.3979477450545875
FED,gdp_growth,retail_sales_mom,Retail Sales (MoM),ism_manufacturing_prices,ISM Manufacturing Prices Paid,Growth,33,True,0.2526785790130145,0.2194031280683932,0.0,6,"lag_relationship,correlated_with_target,same_macro_theme",0.3707762989763745
FED,gdp_growth,retail_sales_mom,Retail Sales (MoM),avg_hourly_earnings_mom,Average Hourly Earnings (MoM),Labor,37,False,0.0,0.7935623751115309,0.1916399285961332,1,"correlated_with_target,pca_driver",0.31306470182287927
FED,gdp_growth,retail_sales_mom,Retail Sales (MoM),redbook_yoy,Redbook Retail Sales (YoY),Growth,170,True,0.0,0.0,0.0,1,same_macro_theme,0.25
FED,gdp_growth,retail_sales_mom,Retail Sales (MoM),import_prices_mom,Import Prices (MoM),Inflation,36,False,0.0,0.5920220956869973,0.0,1,correlated_with_target,0.22260662870609918
FED,gdp_growth,retail_sales_mom,Retail Sales (MoM),pce_price_index_mom,PCE Price Index (MoM),Inflation,40,False,0.0,0.4387610664555166,0.1764733354493194,1,"correlated_with_target,pca_driver",0.20809932025405287
FED,gdp_growth,retail_sales_mom,Retail Sales (MoM),average_weekly_hours,Average Weekly Hours,Labor,37,False,0.0,0.4069072357425357,0.2423310205982268,1,"correlated_with_target,pca_driver",0.2046718238124947
FED,gdp_growth,retail_sales_mom,Retail Sales (MoM),adp_employment_change,ADP Employment Change,Labor,35,False,0.0,0.5264577599261564,0.0,1,correlated_with_target,0.20168732797784691
FED,unemployment,unemployment_rate,Unemployment Rate,government_payrolls,Government Payrolls,Labor,37,True,0.9179791207602108,0.9179791207602104,0.0,0,"lag_relationship,correlated_with_target,same_macro_theme",0.884734340570158
FED,unemployment,unemployment_rate,Unemployment Rate,challenger_job_cuts,Challenger Job Cuts,Labor,35,True,0.8513064761078255,0.8513064761078252,0.1754474771620116,0,"lag_relationship,correlated_with_target,pca_driver,same_macro_theme",0.8585469786551708
FED,unemployment,unemployment_rate,Unemployment Rate,participation_rate,Labor Force Participation Rate,Labor,36,True,0.8345479196448112,0.834547919644811,0.2385193763975871,0,"lag_relationship,correlated_with_target,pca_driver,same_macro_theme",0.8566888461932465
FED,unemployment,unemployment_rate,Unemployment Rate,adp_employment_change,ADP Employment Change,Labor,35,True,0.7373595939126923,0.737359593912692,0.0,0,"lag_relationship,correlated_with_target,same_macro_theme",0.7467696954345192
FED,unemployment,unemployment_rate,Unemployment Rate,avg_hourly_earnings_mom,Average Hourly Earnings (MoM),Labor,37,True,0.4702665753985257,0.4446929152496863,0.1916399285961332,1,"lag_relationship,correlated_with_target,pca_driver,same_macro_theme",0.5700238227936624
FED,unemployment,unemployment_rate,Unemployment Rate,average_weekly_hours,Average Weekly Hours,Labor,37,True,0.4213731767579289,0.2058415825641482,0.2423310205982268,6,"lag_relationship,correlated_with_target,pca_driver,same_macro_theme",0.4839700574000465
FED,unemployment,unemployment_rate,Unemployment Rate,avg_hourly_earnings_yoy,Average Hourly Earnings (YoY),Labor,36,True,0.0,0.4644421614976828,0.194139370027787,1,"correlated_with_target,pca_driver,same_macro_theme",0.36345355395347284
FED,unemployment,unemployment_rate,Unemployment Rate,continuing_jobless_claims,Continuing Jobless Claims,Labor,179,True,0.0,0.0,0.1881889012270912,1,"pca_driver,same_macro_theme",0.27822833518406365
FED,unemployment,unemployment_rate,Unemployment Rate,core_pce_price_index_yoy,Core PCE Price Index (YoY),Inflation,45,False,0.0,0.6431087530538449,0.1842462934205236,1,"correlated_with_target,pca_driver",0.276819569929232
FED,unemployment,unemployment_rate,Unemployment Rate,ism_manufacturing_employment,ISM Manufacturing Employment,Growth,33,False,0.0,0.6691841453494806,0.172621957616524,1,"correlated_with_target,pca_driver",0.26789853724732277
FED,unemployment,unemployment_rate,Unemployment Rate,initial_jobless_claims,Initial Jobless Claims,Labor,181,True,0.0,0.0,0.0,1,same_macro_theme,0.25
FED,unemployment,unemployment_rate,Unemployment Rate,jobless_claims_4week_average,Jobless Claims 4-Week Average,Labor,176,True,0.0,0.0,0.0,1,same_macro_theme,0.25
FED,unemployment,unemployment_rate,Unemployment Rate,cpi_headline_yoy,Headline CPI (YoY),Inflation,36,False,0.0,0.5327349228268373,0.196814318781092,1,"correlated_with_target,pca_driver",0.23434262466521502
FED,unemployment,unemployment_rate,Unemployment Rate,core_cpi_mom,Core CPI (MoM),Inflation,34,False,0.0,0.525755929971193,0.1772916426165493,1,"correlated_with_target,pca_driver",0.22682052538384032
RBA,inflation,cpi_headline_yoy,Headline CPI (YoY),producer_price_index_yoy,Producer Price Index (YoY),Inflation,25,True,0.8682017160814696,0.8682017160814695,0.2956188215830626,0,"lag_relationship,correlated_with_target,pca_driver,same_macro_theme",0.8767441102985616
RBA,inflation,cpi_headline_yoy,Headline CPI (YoY),consumer_inflation_expectation,Consumer Inflation Expectation,Inflation,74,True,0.71790334038109,0.7179033403810898,0.2264625412710353,0,"lag_relationship,correlated_with_target,pca_driver,same_macro_theme",0.8148968864764728
RBA,inflation,cpi_headline_yoy,Headline CPI (YoY),commodity_prices_yoy,Commodity Prices (YoY),Inflation,52,True,0.8433031667053957,0.5084359702815391,0.2512596353643246,2,"lag_relationship,correlated_with_target,pca_driver,same_macro_theme",0.7847061614065385
RBA,inflation,cpi_headline_yoy,Headline CPI (YoY),producer_price_index_qoq,Producer Price Index (QoQ),Inflation,25,True,0.6828692620550699,0.6539528798315897,0.2564639821788557,2,"lag_relationship,correlated_with_target,pca_driver,same_macro_theme",0.7231966292010866
RBA,inflation,cpi_headline_yoy,Headline CPI (YoY),import_price_index_qoq,Import Price Index (QoQ),Inflation,25,True,0.7126041224830602,0.2836010532166234,0.1934199016566502,4,"lag_relationship,correlated_with_target,pca_driver,same_macro_theme",0.6160151563308616
RBA,inflation,cpi_headline_yoy,Headline CPI (YoY),export_price_index_qoq,Export Price Index (QoQ),Inflation,25,True,0.721645203143833,0.0197288920775672,0.2361362128161683,5,"lag_relationship,correlated_with_target,pca_driver,same_macro_theme",0.5473294409604202
RBA,inflation,cpi_headline_yoy,Headline CPI (YoY),rba_trimmed_mean_cpi_yoy,RBA Trimmed Mean CPI (YoY),Inflation,25,True,0.0,0.9285343013664856,0.2722453031235465,1,"correlated_with_target,pca_driver,same_macro_theme",0.5006470858784776
RBA,inflation,cpi_headline_yoy,Headline CPI (YoY),rba_weighted_median_cpi_qoq,RBA Weighted Median CPI (QoQ),Inflation,24,True,0.0,0.9187466941855446,0.2903748810399528,1,"correlated_with_target,pca_driver,same_macro_theme",0.4991802404116563
RBA,inflation,cpi_headline_yoy,Headline CPI (YoY),td_mi_inflation_gauge_mom,TD-MI Inflation Gauge (MoM),Inflation,79,True,0.3046469955667749,0.3046469955667749,0.0,0,"lag_relationship,correlated_with_target,same_macro_theme",0.4772352466750812
RBA,inflation,cpi_headline_yoy,Headline CPI (YoY),cpi_headline_qoq,Headline CPI (QoQ),Inflation,26,True,0.0,0.6391010910413403,0.2075938071214254,1,"correlated_with_target,pca_driver,same_macro_theme",0.4053693983806159
RBA,inflation,cpi_headline_yoy,Headline CPI (YoY),private_sector_credit_yoy,Private Sector Credit (YoY),Growth,75,False,0.0,0.6920970840794803,0.2598411121956425,1,"correlated_with_target,pca_driver",0.3403552920531905
RBA,inflation,cpi_headline_yoy,Headline CPI (YoY),balance_of_trade,Balance of Trade,Trade,76,False,0.0,0.4262363866121812,0.2868467633675802,1,"correlated_with_target,pca_driver",0.2658979304887914
RBA,inflation,cpi_headline_yoy,Headline CPI (YoY),nab_business_confidence,NAB Business Confidence,Sentiment,72,False,0.0,0.4758866252157857,0.1734472765812273,1,"correlated_with_target,pca_driver",0.2587830790519198
RBA,inflation,cpi_headline_yoy,Headline CPI (YoY),manufacturing_pmi,Manufacturing PMI,Growth,59,False,0.0,0.4336105530917197,0.3076420442377799,1,"correlated_with_target,pca_driver",0.2499794725631829
RBA,gdp_growth,retail_sales_mom,Retail Sales (MoM),leading_index_mom,Leading Index (MoM),Growth,62,True,0.4417679153823937,0.4417679153823938,0.2402822581941646,0,"lag_relationship,correlated_with_target,pca_driver,same_macro_theme",0.59486827526592
RBA,gdp_growth,retail_sales_mom,Retail Sales (MoM),private_sector_credit_mom,Private Sector Credit (MoM),Growth,73,True,0.32680339993167,0.1370945025507041,0.1629897447250588,5,"lag_relationship,correlated_with_target,pca_driver,same_macro_theme",0.45388834244322157
RBA,gdp_growth,retail_sales_mom,Retail Sales (MoM),services_pmi,Services PMI,Growth,60,True,0.3124188383375445,0.1129287079695575,0.2662468412842586,1,"lag_relationship,correlated_with_target,pca_driver,same_macro_theme",0.4394041158354011
RBA,gdp_growth,retail_sales_mom,Retail Sales (MoM),housing_credit_mom,Housing Credit (MoM),Growth,41,True,0.2340427166940507,0.1785998767296304,0.261330281806111,6,"lag_relationship,correlated_with_target,pca_driver,same_macro_theme",0.3993487278021286
RBA,gdp_growth,retail_sales_mom,Retail Sales (MoM),ai_group_industry_index,Ai Group Industry Index,Growth,36,True,0.2380125253913136,0.2380125253913135,0.0,0,"lag_relationship,correlated_with_target,same_macro_theme",0.37350939404348515
RBA,gdp_growth,retail_sales_mom,Retail Sales (MoM),manufacturing_pmi,Manufacturing PMI,Growth,59,True,0.1734934657842775,0.0402620385203634,0.3076420442377799,1,"lag_relationship,correlated_with_target,pca_driver,same_macro_theme",0.36004697779470085
RBA,gdp_growth,retail_sales_mom,Retail Sales (MoM),ai_group_services_index,Ai Group Services Index,Growth,34,True,0.2631245110256466,0.0355821607160913,0.2538551812410303,2,"lag_relationship,correlated_with_target,pca_driver,same_macro_theme",0.3596589553625229
RBA,gdp_growth,retail_sales_mom,Retail Sales (MoM),ai_group_manufacturing_index,Ai Group Manufacturing Index,Growth,70,True,0.1171251945361255,0.0837114522564638,0.2863480543502006,5,"lag_relationship,correlated_with_target,pca_driver,same_macro_theme",0.3582719813707257
RBA,gdp_growth,retail_sales_mom,Retail Sales (MoM),private_sector_credit_yoy,Private Sector Credit (YoY),Growth,75,True,0.1468332548903594,0.0027474557503138,0.2598411121956425,5,"lag_relationship,correlated_with_target,pca_driver,same_macro_theme",0.34962536825510226
RBA,gdp_growth,retail_sales_mom,Retail Sales (MoM),cpi_headline_qoq,Headline CPI (QoQ),Inflation,26,False,0.0,0.8196148779477881,0.2075938071214254,1,"correlated_with_target,pca_driver",0.3095235344525502
RBA,gdp_growth,retail_sales_mom,Retail Sales (MoM),producer_price_index_qoq,Producer Price Index (QoQ),Inflation,25,False,0.0,0.7130001233595225,0.2564639821788557,1,"correlated_with_target,pca_driver",0.28361963433468507
RBA,gdp_growth,retail_sales_mom,Retail Sales (MoM),employment_change,Employment Change,Labor,76,False,0.0,0.3761784102169323,0.2340182163305727,1,"correlated_with_target,pca_driver",0.2429562555146656
RBA,gdp_growth,retail_sales_mom,Retail Sales (MoM),part_time_employment_change,Part-Time Employment Change,Labor,76,False,0.0,0.349703871714522,0.2046614993990505,1,"correlated_with_target,pca_driver",0.2306103864242142
RBA,gdp_growth,retail_sales_mom,Retail Sales (MoM),westpac_consumer_confidence_change,Westpac Consumer Confidence Change,Sentiment,75,False,0.0,0.4300241355678275,0.0,1,correlated_with_target,0.22275724067034824
RBA,unemployment,unemployment_rate,Unemployment Rate,private_sector_credit_yoy,Private Sector Credit (YoY),Growth,75,False,0.0,0.7778064289252058,0.2598411121956425,1,"correlated_with_target,pca_driver",0.3660680955069081
RBA,unemployment,unemployment_rate,Unemployment Rate,producer_price_index_yoy,Producer Price Index (YoY),Inflation,25,False,0.0,0.9212520148338866,0.2956188215830626,1,"correlated_with_target,pca_driver",0.3519684276876253
RBA,unemployment,unemployment_rate,Unemployment Rate,consumer_inflation_expectation,Consumer Inflation Expectation,Inflation,74,False,0.0,0.7373393958323646,0.2264625412710353,1,"correlated_with_target,pca_driver",0.34767119994036466
RBA,unemployment,unemployment_rate,Unemployment Rate,monthly_cpi_indicator,Monthly CPI Indicator,Inflation,38,False,0.0,0.8245198500425901,0.2526964058736206,1,"correlated_with_target,pca_driver",0.3327604158938201
RBA,unemployment,unemployment_rate,Unemployment Rate,rba_weighted_median_cpi_yoy,RBA Weighted Median CPI (YoY),Inflation,24,False,0.0,0.8481459345249301,0.2612950537863377,1,"correlated_with_target,pca_driver",0.3236380384254297
RBA,unemployment,unemployment_rate,Unemployment Rate,housing_credit_mom,Housing Credit (MoM),Growth,41,False,0.0,0.7620600081951721,0.261330281806111,1,"correlated_with_target,pca_driver",0.31906754472946824
RBA,unemployment,unemployment_rate,Unemployment Rate,rba_weighted_median_cpi_qoq,RBA Weighted Median CPI (QoQ),Inflation,24,False,0.0,0.7729628982752099,0.2903748810399528,1,"correlated_with_target,pca_driver",0.30544510163855587
RBA,unemployment,unemployment_rate,Unemployment Rate,cpi_headline_yoy,Headline CPI (YoY),Inflation,29,False,0.0,0.7566200019470932,0.271121537222668,1,"correlated_with_target,pca_driver",0.3039042311675282
RBA,unemployment,unemployment_rate,Unemployment Rate,employment_change,Employment Change,Labor,76,True,0.0,0.0405075071568252,0.2340182163305727,1,"correlated_with_target,pca_driver,same_macro_theme",0.29225498459663346
RBA,unemployment,unemployment_rate,Unemployment Rate,private_sector_credit_mom,Private Sector Credit (MoM),Growth,73,False,0.0,0.5518679199405822,0.1629897447250588,1,"correlated_with_target,pca_driver",0.28125883769093346
RBA,unemployment,unemployment_rate,Unemployment Rate,part_time_employment_change,Part-Time Employment Change,Labor,76,True,0.0,0.0153731336881644,0.2046614993990505,1,"correlated_with_target,pca_driver,same_macro_theme",0.28031116501630693
RBA,unemployment,unemployment_rate,Unemployment Rate,ai_group_manufacturing_index,Ai Group Manufacturing Index,Growth,70,False,0.0,0.4819309750373471,0.2863480543502006,1,"correlated_with_target,pca_driver",0.2750315006637342
RBA,unemployment,unemployment_rate,Unemployment Rate,full_time_employment_change,Full-Time Employment Change,Labor,76,True,0.0,0.0959775556535361,0.0,1,"correlated_with_target,same_macro_theme",0.27379326669606086
RBA,unemployment,unemployment_rate,Unemployment Rate,westpac_consumer_confidence_index,Westpac Consumer Confidence Index,Sentiment,76,False,0.0,0.4435083084328839,0.2206072915074419,1,"correlated_with_target,pca_driver",0.26114358625598144
RBNZ,inflation,cpi_headline_yoy,Headline CPI (YoY),cpi_headline_qoq,Headline CPI (QoQ),Inflation,26,True,0.0,0.7537695100699836,0.3694991761884383,1,"correlated_with_target,pca_driver,same_macro_theme",0.46405572944926077
RBNZ,inflation,cpi_headline_yoy,Headline CPI (YoY),labour_cost_index_qoq,Labour Cost Index (QoQ),Labor,25,False,0.0,0.8167562375805425,0.3532126742276502,1,"correlated_with_target,pca_driver",0.32925877240831025
RBNZ,inflation,cpi_headline_yoy,Headline CPI (YoY),unemployment_rate,Unemployment Rate,Labor,25,False,0.0,0.8028052560714168,0.3784887413353238,1,"correlated_with_target,pca_driver",0.3288648880217236
RBNZ,inflation,cpi_headline_yoy,Headline CPI (YoY),labour_cost_index_yoy,Labour Cost Index (YoY),Labor,25,False,0.0,0.7304714542246333,0.3190101702958986,1,"correlated_with_target,pca_driver",0.2982429618117748
RBNZ,inflation,cpi_headline_yoy,Headline CPI (YoY),participation_rate,Labor Force Participation Rate,Labor,25,False,0.0,0.6948368285605813,0.3646882570921226,1,"correlated_with_target,pca_driver",0.29440428713199274
RBNZ,inflation,cpi_headline_yoy,Headline CPI (YoY),imports,Imports,Growth,76,False,0.0,0.4439285602399812,0.3937952279188587,1,"correlated_with_target,pca_driver",0.2872478522598232
RBNZ,inflation,cpi_headline_yoy,Headline CPI (YoY),balance_of_trade,Balance of Trade,Growth,76,False,0.0,0.5016265424346941,0.227155757833053,1,"correlated_with_target,pca_driver",0.27956132640536613
RBNZ,inflation,cpi_headline_yoy,Headline CPI (YoY),business_confidence,Business Confidence,Growth,75,False,0.0,0.4364723632856751,0.3009365416206782,1,"correlated_with_target,pca_driver",0.2698321902288042
RBNZ,inflation,cpi_headline_yoy,Headline CPI (YoY),consumer_price_index,Consumer Price Index,Inflation,12,True,0.0,0.0,0.3604406265014578,1,"pca_driver,same_macro_theme",0.21906609397521865
RBNZ,inflation,cpi_headline_yoy,Headline CPI (YoY),exports,Exports,Growth,76,False,0.0,0.2027802560678837,0.3726955334793356,1,"correlated_with_target,pca_driver",0.21173840684226544
RBNZ,inflation,cpi_headline_yoy,Headline CPI (YoY),employment_change_qoq,Employment Change (QoQ),Labor,22,False,0.0,0.3685392856319189,0.4463998715192522,1,"correlated_with_target,pca_driver",0.20502176641746347
RBNZ,inflation,cpi_headline_yoy,Headline CPI (YoY),credit_card_spending_yoy,Credit Card Spending (YoY),Growth,63,False,0.0,0.1512554405291493,0.2952980474629851,1,"correlated_with_target,pca_driver",0.16842133927819256
RBNZ,inflation,cpi_headline_yoy,Headline CPI (YoY),capacity_utilization,Capacity Utilization,Growth,26,False,0.0,0.0740578518915702,0.4462103334839835,1,"correlated_with_target,pca_driver",0.12164890559006858
RBNZ,inflation,cpi_headline_yoy,Headline CPI (YoY),global_dairy_trade_price_index,Global Dairy Trade Price Index,Growth,56,False,0.0,0.0,0.1624050115323243,1,pca_driver,0.09436075172984865
RBNZ,gdp_growth,balance_of_trade,Balance of Trade,imports,Imports,Growth,76,True,0.0,0.4426326118949759,0.3937952279188587,1,"correlated_with_target,pca_driver,same_macro_theme",0.43685906775632155
RBNZ,gdp_growth,balance_of_trade,Balance of Trade,business_confidence,Business Confidence,Growth,75,True,0.0,0.2241500482102976,0.3009365416206782,1,"correlated_with_target,pca_driver,same_macro_theme",0.35613549570619096
RBNZ,gdp_growth,balance_of_trade,Balance of Trade,exports,Exports,Growth,76,True,0.0,0.1436245786643188,0.3726955334793356,1,"correlated_with_target,pca_driver,same_macro_theme",0.34399170362119597
RBNZ,gdp_growth,balance_of_trade,Balance of Trade,capacity_utilization,Capacity Utilization,Growth,26,True,0.0,0.1950784443909204,0.4462103334839835,1,"correlated_with_target,pca_driver,same_macro_theme",0.30795508333987365
RBNZ,gdp_growth,balance_of_trade,Balance of Trade,credit_card_spending_yoy,Credit Card Spending (YoY),Growth,63,True,0.0,0.0989416778009734,0.2952980474629851,1,"correlated_with_target,pca_driver,same_macro_theme",0.30272721045973977
RBNZ,gdp_growth,balance_of_trade,Balance of Trade,cpi_headline_qoq,Headline CPI (QoQ),Inflation,26,False,0.0,0.5318914281850583,0.3694991761884383,1,"correlated_with_target,pca_driver",0.24749230488378324
RBNZ,gdp_growth,balance_of_trade,Balance of Trade,global_dairy_trade_price_index,Global Dairy Trade Price Index,Growth,56,True,0.0,0.0,0.1624050115323243,1,"pca_driver,same_macro_theme",0.2443607517298486
RBNZ,gdp_growth,balance_of_trade,Balance of Trade,cpi_headline_yoy,Headline CPI (YoY),Inflation,26,False,0.0,0.5016265424346941,0.3671195894021882,1,"correlated_with_target,pca_driver",0.23805590114073644
RBNZ,gdp_growth,balance_of_trade,Balance of Trade,unemployment_rate,Unemployment Rate,Labor,25,False,0.0,0.3855502559835965,0.3784887413353238,1,"correlated_with_target,pca_driver",0.2036883879953775
RBNZ,gdp_growth,balance_of_trade,Balance of Trade,labour_cost_index_qoq,Labour Cost Index (QoQ),Labor,25,False,0.0,0.3635101976668166,0.3532126742276502,1,"correlated_with_target,pca_driver",0.1932849604341925
RBNZ,gdp_growth,balance_of_trade,Balance of Trade,participation_rate,Labor Force Participation Rate,Labor,25,False,0.0,0.3496590234342466,0.3646882570921226,1,"correlated_with_target,pca_driver",0.19085094559409235
RBNZ,gdp_growth,balance_of_trade,Balance of Trade,employment_change_qoq,Employment Change (QoQ),Labor,22,False,0.0,0.2286933358516832,0.4463998715192522,1,"correlated_with_target,pca_driver",0.16306798148339277
RBNZ,gdp_growth,balance_of_trade,Balance of Trade,labour_cost_index_yoy,Labour Cost Index (YoY),Labor,25,False,0.0,0.2697638501061361,0.3190101702958986,1,"correlated_with_target,pca_driver",0.16003068057622563
RBNZ,gdp_growth,balance_of_trade,Balance of Trade,milk_auctions,Milk Auctions,Growth,6,True,0.0,0.0,0.0,1,same_macro_theme,0.1575
RBNZ,unemployment,unemployment_rate,Unemployment Rate,labour_cost_index_yoy,Labour Cost Index (YoY),Labor,25,True,0.8845453405334797,0.5618950314583145,0.3190101702958986,6,"lag_relationship,correlated_with_target,pca_driver,same_macro_theme",0.795715438221945
RBNZ,unemployment,unemployment_rate,Unemployment Rate,labour_cost_index_qoq,Labour Cost Index (QoQ),Labor,25,True,0.6842476815614248,0.635992059626657,0.3532126742276502,6,"lag_relationship,correlated_with_target,pca_driver,same_macro_theme",0.7329409757247857
RBNZ,unemployment,unemployment_rate,Unemployment Rate,employment_change_qoq,Employment Change (QoQ),Labor,22,True,0.0,0.4452251228706811,0.4463998715192522,1,"correlated_with_target,pca_driver,same_macro_theme",0.3780275175890922
RBNZ,unemployment,unemployment_rate,Unemployment Rate,participation_rate,Labor Force Participation Rate,Labor,25,True,0.0,0.4684967333555565,0.3646882570921226,1,"correlated_with_target,pca_driver,same_macro_theme",0.37650225857048536
RBNZ,unemployment,unemployment_rate,Unemployment Rate,business_confidence,Business Confidence,Growth,75,False,0.0,0.7168948289757997,0.3009365416206782,1,"correlated_with_target,pca_driver",0.35395892993584166
RBNZ,unemployment,unemployment_rate,Unemployment Rate,cpi_headline_yoy,Headline CPI (YoY),Inflation,26,False,0.0,0.8028052560714168,0.3671195894021882,1,"correlated_with_target,pca_driver",0.3284095152317532
RBNZ,unemployment,unemployment_rate,Unemployment Rate,cpi_headline_qoq,Headline CPI (QoQ),Inflation,26,False,0.0,0.6072164139069234,0.3694991761884383,1,"correlated_with_target,pca_driver",0.2700898006003427
RBNZ,unemployment,unemployment_rate,Unemployment Rate,imports,Imports,Growth,76,False,0.0,0.3367947736920074,0.3937952279188587,1,"correlated_with_target,pca_driver",0.25510771629543105
RBNZ,unemployment,unemployment_rate,Unemployment Rate,balance_of_trade,Balance of Trade,Growth,76,False,0.0,0.3855502559835965,0.227155757833053,1,"correlated_with_target,pca_driver",0.24473844047003687
RBNZ,unemployment,unemployment_rate,Unemployment Rate,credit_card_spending_yoy,Credit Card Spending (YoY),Growth,63,False,0.0,0.2439275930098098,0.2952980474629851,1,"correlated_with_target,pca_driver",0.19622298502239072
RBNZ,unemployment,unemployment_rate,Unemployment Rate,exports,Exports,Growth,76,False,0.0,0.1369344705770749,0.3726955334793356,1,"correlated_with_target,pca_driver",0.1919846711950228
RBNZ,unemployment,unemployment_rate,Unemployment Rate,capacity_utilization,Capacity Utilization,Growth,26,False,0.0,0.268662303666904,0.4462103334839835,1,"correlated_with_target,pca_driver",0.18003024112266872
RBNZ,unemployment,unemployment_rate,Unemployment Rate,global_dairy_trade_price_index,Global Dairy Trade Price Index,Growth,56,False,0.0,0.0,0.1624050115323243,1,pca_driver,0.09436075172984865
RBNZ,unemployment,unemployment_rate,Unemployment Rate,consumer_price_index,Consumer Price Index,Inflation,12,False,0.0,0.0,0.3604406265014578,1,pca_driver,0.06906609397521868
SNB,inflation,cpi_headline_yoy,Headline CPI (YoY),producer_import_prices_yoy,Producer & Import Prices (YoY),Inflation,76,True,0.8922059181365025,0.7384398451502653,0.3653700866721592,6,"lag_relationship,correlated_with_target,pca_driver,same_macro_theme",0.9228301297073296
SNB,inflation,cpi_headline_yoy,Headline CPI (YoY),cpi_headline_mom,Headline CPI (MoM),Inflation,57,True,0.4971311716003107,0.4341751580670432,0.3152657194908059,2,"lag_relationship,correlated_with_target,pca_driver,same_macro_theme",0.6225014325638737
SNB,inflation,cpi_headline_yoy,Headline CPI (YoY),producer_import_prices_mom,Producer & Import Prices (MoM),Inflation,68,True,0.4558123093590993,0.2062433139956537,0.526690470992808,6,"lag_relationship,correlated_with_target,pca_driver,same_macro_theme",0.580992104059212
SNB,inflation,cpi_headline_yoy,Headline CPI (YoY),unemployment_rate,Unemployment Rate,Labor,76,False,0.0,0.8688063720500115,0.4832177752201831,1,"correlated_with_target,pca_driver",0.42812457789803093
SNB,inflation,cpi_headline_yoy,Headline CPI (YoY),economic_sentiment_index,Economic Sentiment Index,Sentiment,74,False,0.0,0.6797386383444549,0.4509574005699118,1,"correlated_with_target,pca_driver",0.3640652015888233
SNB,inflation,cpi_headline_yoy,Headline CPI (YoY),retail_sales_mom,Retail Sales (MoM),Growth,76,False,0.0,0.0470181725375298,0.7011432682807085,1,"correlated_with_target,pca_driver",0.21427694200336522
SNB,inflation,cpi_headline_yoy,Headline CPI (YoY),retail_sales_yoy,Retail Sales (YoY),Growth,74,False,0.0,0.1053793070274566,0.5032961671292822,1,"correlated_with_target,pca_driver",0.1996082171776293
SNB,inflation,cpi_headline_yoy,Headline CPI (YoY),balance_of_trade,Balance of Trade,Growth,76,False,0.0,0.1949800490985233,0.2539915897582966,1,"correlated_with_target,pca_driver",0.19159275319330146
SNB,inflation,cpi_headline_yoy,Headline CPI (YoY),consumer_confidence,Consumer Confidence,Sentiment,43,False,0.0,0.1679856014046991,0.3980104573305943,1,"correlated_with_target,pca_driver",0.16384724902099887
SNB,inflation,cpi_headline_yoy,Headline CPI (YoY),gdp_qoq,GDP (QoQ),Growth,23,False,0.0,0.1140874000769434,0.3555178139913145,1,"correlated_with_target,pca_driver",0.11630389212178019
SNB,inflation,cpi_headline_yoy,Headline CPI (YoY),m3_money_supply,M3 Money Supply,Monetary Policy,5,False,0.0,0.0,0.0,1,coverage,0.00625
SNB,gdp_growth,gdp_qoq,GDP (QoQ),retail_sales_mom,Retail Sales (MoM),Growth,76,True,0.6521957993945069,0.6521957993945072,0.7011432682807085,0,"lag_relationship,correlated_with_target,pca_driver,same_macro_theme",0.8393183397879865
SNB,gdp_growth,gdp_qoq,GDP (QoQ),retail_sales_yoy,Retail Sales (YoY),Growth,74,True,0.520159873243844,0.5201598732438439,0.5032961671292822,0,"lag_relationship,correlated_with_target,pca_driver,same_macro_theme",0.7081143300022753
SNB,gdp_growth,gdp_qoq,GDP (QoQ),balance_of_trade,Balance of Trade,Growth,76,True,0.5904439366006616,0.206122595327893,0.2539915897582966,3,"lag_relationship,correlated_with_target,pca_driver,same_macro_theme",0.6106352885324101
SNB,gdp_growth,gdp_qoq,GDP (QoQ),producer_import_prices_mom,Producer & Import Prices (MoM),Inflation,68,False,0.0,0.5048248378160436,0.526690470992808,1,"correlated_with_target,pca_driver",0.31545102199373426
SNB,gdp_growth,gdp_qoq,GDP (QoQ),economic_sentiment_index,Economic Sentiment Index,Sentiment,74,False,0.0,0.1718371525330044,0.4509574005699118,1,"correlated_with_target,pca_driver",0.2116947558453881
SNB,gdp_growth,gdp_qoq,GDP (QoQ),cpi_headline_yoy,Headline CPI (YoY),Inflation,74,False,0.0,0.1140874000769434,0.5163344998946099,1,"correlated_with_target,pca_driver",0.20417639500727452
SNB,gdp_growth,gdp_qoq,GDP (QoQ),consumer_confidence,Consumer Confidence,Sentiment,43,False,0.0,0.2865745387815737,0.3980104573305943,1,"correlated_with_target,pca_driver",0.19942393023406124
SNB,gdp_growth,gdp_qoq,GDP (QoQ),producer_import_prices_yoy,Producer & Import Prices (YoY),Inflation,76,False,0.0,0.1390818582985076,0.3653700866721592,1,"correlated_with_target,pca_driver",0.19153007049037615
SNB,gdp_growth,gdp_qoq,GDP (QoQ),cpi_headline_mom,Headline CPI (MoM),Inflation,57,False,0.0,0.2301463404485213,0.3152657194908059,1,"correlated_with_target,pca_driver",0.18758376005817728
SNB,gdp_growth,gdp_qoq,GDP (QoQ),unemployment_rate,Unemployment Rate,Labor,76,False,0.0,0.0536691680934682,0.4832177752201831,1,"correlated_with_target,pca_driver",0.18358341671106793
SNB,gdp_growth,gdp_qoq,GDP (QoQ),m3_money_supply,M3 Money Supply,Monetary Policy,5,False,0.0,0.0,0.0,1,coverage,0.00625
SNB,unemployment,unemployment_rate,Unemployment Rate,cpi_headline_yoy,Headline CPI (YoY),Inflation,74,False,0.0,0.8688063720500115,0.5163344998946099,1,"correlated_with_target,pca_driver",0.43059208659919496
SNB,unemployment,unemployment_rate,Unemployment Rate,economic_sentiment_index,Economic Sentiment Index,Sentiment,74,False,0.0,0.7101480721424649,0.4509574005699118,1,"correlated_with_target,pca_driver",0.37318803172822623
SNB,unemployment,unemployment_rate,Unemployment Rate,producer_import_prices_yoy,Producer & Import Prices (YoY),Inflation,76,False,0.0,0.4803760835696359,0.3653700866721592,1,"correlated_with_target,pca_driver",0.29391833807171464
SNB,unemployment,unemployment_rate,Unemployment Rate,retail_sales_yoy,Retail Sales (YoY),Growth,74,False,0.0,0.2206290455923489,0.5032961671292822,1,"correlated_with_target,pca_driver",0.234183138747097
SNB,unemployment,unemployment_rate,Unemployment Rate,retail_sales_mom,Retail Sales (MoM),Growth,76,False,0.0,0.0595728782013325,0.7011432682807085,1,"correlated_with_target,pca_driver",0.21804335370250602
SNB,unemployment,unemployment_rate,Unemployment Rate,consumer_confidence,Consumer Confidence,Sentiment,43,False,0.0,0.2784177624178715,0.3980104573305943,1,"correlated_with_target,pca_driver",0.19697689732495058
SNB,unemployment,unemployment_rate,Unemployment Rate,balance_of_trade,Balance of Trade,Growth,76,False,0.0,0.1822563791055376,0.2539915897582966,1,"correlated_with_target,pca_driver",0.18777565219540576
SNB,unemployment,unemployment_rate,Unemployment Rate,cpi_headline_mom,Headline CPI (MoM),Inflation,57,False,0.0,0.1929855203942076,0.3152657194908059,1,"correlated_with_target,pca_driver",0.17643551404188318
SNB,unemployment,unemployment_rate,Unemployment Rate,producer_import_prices_mom,Producer & Import Prices (MoM),Inflation,68,False,0.0,0.0134880447255678,0.526690470992808,1,"correlated_with_target,pca_driver",0.16804998406659155
SNB,unemployment,unemployment_rate,Unemployment Rate,gdp_qoq,GDP (QoQ),Growth,23,False,0.0,0.0536691680934682,0.3555178139913145,1,"correlated_with_target,pca_driver",0.09817842252673764
SNB,unemployment,unemployment_rate,Unemployment Rate,m3_money_supply,M3 Money Supply,Monetary Policy,5,False,0.0,0.0,0.0,1,coverage,0.00625
