central_bank_code,target_family,target_indicator_key,target_indicator,model,feature,scenario,baseline_prediction,scenario_prediction,prediction_delta
BOJ,unemployment,unemployment_rate,Unemployment Rate,random_forest,cpi_headline_yoy_lag1,positive_1sd,-0.737038616616844,-0.737038616616844,0.0
BOJ,unemployment,unemployment_rate,Unemployment Rate,random_forest,cpi_headline_yoy_lag1,negative_1sd,-0.737038616616844,-0.7136897483270963,0.023348868289747693
BOJ,unemployment,unemployment_rate,Unemployment Rate,random_forest,cpi_headline_yoy_lag1,stress_2sd,-0.737038616616844,-0.7516390481803066,-0.01460043156346258
BOJ,unemployment,unemployment_rate,Unemployment Rate,random_forest,cpi_headline_yoy_lag3,positive_1sd,-0.737038616616844,-0.7132496993326057,0.023788917284238265
BOJ,unemployment,unemployment_rate,Unemployment Rate,random_forest,cpi_headline_yoy_lag3,negative_1sd,-0.737038616616844,-0.6781979360177438,0.05884068059910019
BOJ,unemployment,unemployment_rate,Unemployment Rate,random_forest,cpi_headline_yoy_lag3,stress_2sd,-0.737038616616844,-0.7132496993326057,0.023788917284238265
BOJ,unemployment,unemployment_rate,Unemployment Rate,random_forest,cpi_headline_yoy_lag6,positive_1sd,-0.737038616616844,-0.737038616616844,0.0
BOJ,unemployment,unemployment_rate,Unemployment Rate,random_forest,cpi_headline_yoy_lag6,negative_1sd,-0.737038616616844,-0.737038616616844,0.0
BOJ,unemployment,unemployment_rate,Unemployment Rate,random_forest,cpi_headline_yoy_lag6,stress_2sd,-0.737038616616844,-0.737038616616844,0.0
BOJ,unemployment,unemployment_rate,Unemployment Rate,random_forest,cpi_headline_yoy_ma3,positive_1sd,-0.737038616616844,-0.741298991459024,-0.004260374842180004
BOJ,unemployment,unemployment_rate,Unemployment Rate,random_forest,cpi_headline_yoy_ma3,negative_1sd,-0.737038616616844,-0.4714964146729338,0.2655422019439102
BOJ,unemployment,unemployment_rate,Unemployment Rate,random_forest,cpi_headline_yoy_ma3,stress_2sd,-0.737038616616844,-0.741298991459024,-0.004260374842180004
BOJ,unemployment,unemployment_rate,Unemployment Rate,random_forest,cpi_headline_yoy_ma6,positive_1sd,-0.737038616616844,-0.7044287631451158,0.03260985347172818
BOJ,unemployment,unemployment_rate,Unemployment Rate,random_forest,cpi_headline_yoy_ma6,negative_1sd,-0.737038616616844,-0.737038616616844,0.0
BOJ,unemployment,unemployment_rate,Unemployment Rate,random_forest,cpi_headline_yoy_ma6,stress_2sd,-0.737038616616844,-0.7044287631451158,0.03260985347172818
BOJ,unemployment,unemployment_rate,Unemployment Rate,random_forest,coincident_index_lag1,positive_1sd,-0.737038616616844,-0.737038616616844,0.0
BOJ,unemployment,unemployment_rate,Unemployment Rate,random_forest,coincident_index_lag1,negative_1sd,-0.737038616616844,-0.737038616616844,0.0
BOJ,unemployment,unemployment_rate,Unemployment Rate,random_forest,coincident_index_lag1,stress_2sd,-0.737038616616844,-0.737038616616844,0.0
BOJ,unemployment,unemployment_rate,Unemployment Rate,random_forest,coincident_index_lag3,positive_1sd,-0.737038616616844,-0.737038616616844,0.0
BOJ,unemployment,unemployment_rate,Unemployment Rate,random_forest,coincident_index_lag3,negative_1sd,-0.737038616616844,-0.737038616616844,0.0
BOJ,unemployment,unemployment_rate,Unemployment Rate,random_forest,coincident_index_lag3,stress_2sd,-0.737038616616844,-0.737038616616844,0.0
BOJ,unemployment,unemployment_rate,Unemployment Rate,random_forest,coincident_index_lag6,positive_1sd,-0.737038616616844,-0.737038616616844,0.0
BOJ,unemployment,unemployment_rate,Unemployment Rate,random_forest,coincident_index_lag6,negative_1sd,-0.737038616616844,-0.737038616616844,0.0
BOJ,unemployment,unemployment_rate,Unemployment Rate,random_forest,coincident_index_lag6,stress_2sd,-0.737038616616844,-0.737038616616844,0.0
BOJ,unemployment,unemployment_rate,Unemployment Rate,random_forest,coincident_index_ma3,positive_1sd,-0.737038616616844,-0.737038616616844,0.0
BOJ,unemployment,unemployment_rate,Unemployment Rate,random_forest,coincident_index_ma3,negative_1sd,-0.737038616616844,-0.737038616616844,0.0
BOJ,unemployment,unemployment_rate,Unemployment Rate,random_forest,coincident_index_ma3,stress_2sd,-0.737038616616844,-0.737038616616844,0.0
BOJ,unemployment,unemployment_rate,Unemployment Rate,random_forest,coincident_index_ma6,positive_1sd,-0.737038616616844,-0.737038616616844,0.0
BOJ,unemployment,unemployment_rate,Unemployment Rate,random_forest,coincident_index_ma6,negative_1sd,-0.737038616616844,-0.737038616616844,0.0
BOJ,unemployment,unemployment_rate,Unemployment Rate,random_forest,coincident_index_ma6,stress_2sd,-0.737038616616844,-0.737038616616844,0.0
BOJ,unemployment,unemployment_rate,Unemployment Rate,random_forest,cpi_ex_food_energy_yoy_lag1,positive_1sd,-0.737038616616844,-0.7397971327017088,-0.0027585160848647705
BOJ,unemployment,unemployment_rate,Unemployment Rate,random_forest,cpi_ex_food_energy_yoy_lag1,negative_1sd,-0.737038616616844,-0.737038616616844,0.0
BOJ,unemployment,unemployment_rate,Unemployment Rate,random_forest,cpi_ex_food_energy_yoy_lag1,stress_2sd,-0.737038616616844,-0.7397971327017088,-0.0027585160848647705
BOJ,unemployment,unemployment_rate,Unemployment Rate,random_forest,cpi_ex_food_energy_yoy_lag3,positive_1sd,-0.737038616616844,-0.737038616616844,0.0
BOJ,unemployment,unemployment_rate,Unemployment Rate,random_forest,cpi_ex_food_energy_yoy_lag3,negative_1sd,-0.737038616616844,-0.737038616616844,0.0
BOJ,unemployment,unemployment_rate,Unemployment Rate,random_forest,cpi_ex_food_energy_yoy_lag3,stress_2sd,-0.737038616616844,-0.737038616616844,0.0
SNB,gdp_growth,gdp_qoq,GDP (QoQ),random_forest,retail_sales_mom_lag1,positive_1sd,-0.009560162443128987,-0.009560162443128987,0.0
SNB,gdp_growth,gdp_qoq,GDP (QoQ),random_forest,retail_sales_mom_lag1,negative_1sd,-0.009560162443128987,0.04301370936098773,0.05257387180411672
SNB,gdp_growth,gdp_qoq,GDP (QoQ),random_forest,retail_sales_mom_lag1,stress_2sd,-0.009560162443128987,-0.009560162443128987,0.0
SNB,gdp_growth,gdp_qoq,GDP (QoQ),random_forest,retail_sales_mom_lag3,positive_1sd,-0.009560162443128987,-0.008030702103308435,0.0015294603398205518
SNB,gdp_growth,gdp_qoq,GDP (QoQ),random_forest,retail_sales_mom_lag3,negative_1sd,-0.009560162443128987,0.07684831322393779,0.08640847566706678
SNB,gdp_growth,gdp_qoq,GDP (QoQ),random_forest,retail_sales_mom_lag3,stress_2sd,-0.009560162443128987,-0.008030702103308435,0.0015294603398205518
SNB,gdp_growth,gdp_qoq,GDP (QoQ),random_forest,retail_sales_mom_lag6,positive_1sd,-0.009560162443128987,-0.008858221237832113,0.0007019412052968743
SNB,gdp_growth,gdp_qoq,GDP (QoQ),random_forest,retail_sales_mom_lag6,negative_1sd,-0.009560162443128987,-0.009636184956338036,-7.602251320904842e-05
SNB,gdp_growth,gdp_qoq,GDP (QoQ),random_forest,retail_sales_mom_lag6,stress_2sd,-0.009560162443128987,-0.008858221237832113,0.0007019412052968743
SNB,gdp_growth,gdp_qoq,GDP (QoQ),random_forest,retail_sales_mom_ma3,positive_1sd,-0.009560162443128987,0.08693860575933114,0.09649876820246013
SNB,gdp_growth,gdp_qoq,GDP (QoQ),random_forest,retail_sales_mom_ma3,negative_1sd,-0.009560162443128987,0.026689570742452436,0.036249733185581424
SNB,gdp_growth,gdp_qoq,GDP (QoQ),random_forest,retail_sales_mom_ma3,stress_2sd,-0.009560162443128987,0.08693860575933114,0.09649876820246013
SNB,gdp_growth,gdp_qoq,GDP (QoQ),random_forest,retail_sales_mom_ma6,positive_1sd,-0.009560162443128987,-0.006363838109984123,0.0031963243331448645
SNB,gdp_growth,gdp_qoq,GDP (QoQ),random_forest,retail_sales_mom_ma6,negative_1sd,-0.009560162443128987,-0.0019793636832708384,0.007580798759858148
SNB,gdp_growth,gdp_qoq,GDP (QoQ),random_forest,retail_sales_mom_ma6,stress_2sd,-0.009560162443128987,-0.006363838109984123,0.0031963243331448645
SNB,gdp_growth,gdp_qoq,GDP (QoQ),random_forest,retail_sales_yoy_lag1,positive_1sd,-0.009560162443128987,-0.007840364255422075,0.0017197981877069123
SNB,gdp_growth,gdp_qoq,GDP (QoQ),random_forest,retail_sales_yoy_lag1,negative_1sd,-0.009560162443128987,-0.009560162443128987,0.0
SNB,gdp_growth,gdp_qoq,GDP (QoQ),random_forest,retail_sales_yoy_lag1,stress_2sd,-0.009560162443128987,-0.007840364255422075,0.0017197981877069123
SNB,gdp_growth,gdp_qoq,GDP (QoQ),random_forest,retail_sales_yoy_lag3,positive_1sd,-0.009560162443128987,-0.009560162443128987,0.0
SNB,gdp_growth,gdp_qoq,GDP (QoQ),random_forest,retail_sales_yoy_lag3,negative_1sd,-0.009560162443128987,-0.01085664796998298,-0.0012964855268539927
SNB,gdp_growth,gdp_qoq,GDP (QoQ),random_forest,retail_sales_yoy_lag3,stress_2sd,-0.009560162443128987,-0.009560162443128987,0.0
SNB,gdp_growth,gdp_qoq,GDP (QoQ),random_forest,retail_sales_yoy_lag6,positive_1sd,-0.009560162443128987,-0.009560162443128987,0.0
SNB,gdp_growth,gdp_qoq,GDP (QoQ),random_forest,retail_sales_yoy_lag6,negative_1sd,-0.009560162443128987,-0.010098514462594544,-0.0005383520194655565
SNB,gdp_growth,gdp_qoq,GDP (QoQ),random_forest,retail_sales_yoy_lag6,stress_2sd,-0.009560162443128987,-0.009560162443128987,0.0
SNB,gdp_growth,gdp_qoq,GDP (QoQ),random_forest,retail_sales_yoy_ma3,positive_1sd,-0.009560162443128987,-0.004368106355814747,0.0051920560873142405
SNB,gdp_growth,gdp_qoq,GDP (QoQ),random_forest,retail_sales_yoy_ma3,negative_1sd,-0.009560162443128987,-9.395172428381254e-05,0.009466210718845175
SNB,gdp_growth,gdp_qoq,GDP (QoQ),random_forest,retail_sales_yoy_ma3,stress_2sd,-0.009560162443128987,-0.004368106355814747,0.0051920560873142405
SNB,gdp_growth,gdp_qoq,GDP (QoQ),random_forest,retail_sales_yoy_ma6,positive_1sd,-0.009560162443128987,-0.006705094724833628,0.002855067718295359
SNB,gdp_growth,gdp_qoq,GDP (QoQ),random_forest,retail_sales_yoy_ma6,negative_1sd,-0.009560162443128987,0.13844730427607932,0.1480074667192083
SNB,gdp_growth,gdp_qoq,GDP (QoQ),random_forest,retail_sales_yoy_ma6,stress_2sd,-0.009560162443128987,-0.006705094724833628,0.002855067718295359
SNB,gdp_growth,gdp_qoq,GDP (QoQ),random_forest,balance_of_trade_lag1,positive_1sd,-0.009560162443128987,-0.005889361091034958,0.003670801352094029
SNB,gdp_growth,gdp_qoq,GDP (QoQ),random_forest,balance_of_trade_lag1,negative_1sd,-0.009560162443128987,-0.03364626669956138,-0.024086104256432393
SNB,gdp_growth,gdp_qoq,GDP (QoQ),random_forest,balance_of_trade_lag1,stress_2sd,-0.009560162443128987,-0.005889361091034958,0.003670801352094029
SNB,gdp_growth,gdp_qoq,GDP (QoQ),random_forest,balance_of_trade_lag3,positive_1sd,-0.009560162443128987,-0.007317618974117964,0.002242543469011023
SNB,gdp_growth,gdp_qoq,GDP (QoQ),random_forest,balance_of_trade_lag3,negative_1sd,-0.009560162443128987,-0.015979841336337487,-0.0064196788932085
SNB,gdp_growth,gdp_qoq,GDP (QoQ),random_forest,balance_of_trade_lag3,stress_2sd,-0.009560162443128987,-0.006934690759435353,0.0026254716836936346
